id,slug,product_name,brand_slug,category_slug,subcategory,gender,description,colors,sizes,tags,rating,reviews,views,new_in,image_url,store_slug,price_usd,original_price_usd,availability,product_url
PI-0081,nordstrom-nordstrom-classic-blazer,Nordstrom Classic Blazer,nordstrom,clothing,Dresses,women,"Nordstrom Nordstrom Classic Blazer — dresses tracked across 1 store. We compare live prices, stock and coupons so you always land on the cheapest active listing.",,,clothing; dresses,3.8,214,4415,false,,nordstrom,800,1000,LOW STOCK,https://www.nordstrom.com/p/nordstrom-1-classic-blazer
PI-0082,nordstrom-nordstrom-relaxed-shirt-dress,Nordstrom Relaxed Shirt Dress,nordstrom,mens-clothing,Jackets,men,"Nordstrom Nordstrom Relaxed Shirt Dress — jackets tracked across 1 store. We compare live prices, stock and coupons so you always land on the cheapest active listing.",,,clothing; jackets,4.3,233,1500,false,,nordstrom,960,1920,LOW STOCK,https://www.nordstrom.com/p/nordstrom-2-relaxed-shirt-dress
PI-0083,nordstrom-nordstrom-slim-fit-denim-jacket,Nordstrom Slim Fit Denim Jacket,nordstrom,clothing,Jeans,unisex,"Nordstrom Nordstrom Slim Fit Denim Jacket — jeans tracked across 1 store. We compare live prices, stock and coupons so you always land on the cheapest active listing.",Denim,,clothing; jeans,4.8,52,3417,false,,nordstrom,900,1500,IN STOCK,https://www.nordstrom.com/p/nordstrom-3-slim-fit-denim-jacket
PI-0084,nordstrom-nordstrom-oversized-knit-sweater,Nordstrom Oversized Knit Sweater,nordstrom,clothing,Shirts,women,"Nordstrom Nordstrom Oversized Knit Sweater — shirts tracked across 1 store. We compare live prices, stock and coupons so you always land on the cheapest active listing.",,,clothing; shirts,3.9,71,6294,false,,nordstrom,1700,3400,IN STOCK,https://www.nordstrom.com/p/nordstrom-4-oversized-knit-sweater
PI-0085,nordstrom-nordstrom-tailored-trench-coat,Nordstrom Tailored Trench Coat,nordstrom,mens-clothing,Sweaters,men,"Nordstrom Nordstrom Tailored Trench Coat — sweaters tracked across 1 store. We compare live prices, stock and coupons so you always land on the cheapest active listing.",Red,,clothing; sweaters,4.4,90,7525,false,,nordstrom,940,1253.34,IN STOCK,https://www.nordstrom.com/p/nordstrom-5-tailored-trench-coat
PI-0086,nordstrom-nordstrom-classic-midi-dress,Nordstrom Classic Midi Dress,nordstrom,clothing,Dresses,unisex,"Nordstrom Nordstrom Classic Midi Dress — dresses tracked across 1 store. We compare live prices, stock and coupons so you always land on the cheapest active listing.",,,clothing; dresses,4.9,109,3320,true,,nordstrom,980,1152.94,IN STOCK,https://www.nordstrom.com/p/nordstrom-6-classic-midi-dress
PI-0087,nordstrom-nordstrom-relaxed-blazer,Nordstrom Relaxed Blazer,nordstrom,clothing,Jackets,women,"Nordstrom Nordstrom Relaxed Blazer — jackets tracked across 1 store. We compare live prices, stock and coupons so you always land on the cheapest active listing.",,,clothing; jackets,4,128,5131,false,,nordstrom,880,1173.34,IN STOCK,https://www.nordstrom.com/p/nordstrom-7-relaxed-blazer
PI-0088,nordstrom-nordstrom-slim-fit-shirt-dress,Nordstrom Slim Fit Shirt Dress,nordstrom,mens-clothing,Jeans,men,"Nordstrom Nordstrom Slim Fit Shirt Dress — jeans tracked across 1 store. We compare live prices, stock and coupons so you always land on the cheapest active listing.",,,clothing; jeans,4.9,43,2670,false,,nordstrom,1080,2160,IN STOCK,https://www.nordstrom.com/p/nordstrom-8-slim-fit-shirt-dress
PI-0089,nordstrom-nordstrom-oversized-denim-jacket,Nordstrom Oversized Denim Jacket,nordstrom,clothing,Shirts,unisex,"Nordstrom Nordstrom Oversized Denim Jacket — shirts tracked across 1 store. We compare live prices, stock and coupons so you always land on the cheapest active listing.",Denim,,clothing; shirts,4,62,8103,false,,nordstrom,1900,2533.34,IN STOCK,https://www.nordstrom.com/p/nordstrom-9-oversized-denim-jacket
PI-0090,nordstrom-nordstrom-tailored-knit-sweater,Nordstrom Tailored Knit Sweater,nordstrom,clothing,Sweaters,women,"Nordstrom Nordstrom Tailored Knit Sweater — sweaters tracked across 1 store. We compare live prices, stock and coupons so you always land on the cheapest active listing.",Red,,clothing; sweaters,4.6,204,1993,false,,nordstrom,840,988.24,IN STOCK,https://www.nordstrom.com/p/nordstrom-10-tailored-knit-sweater
PI-0091,nordstrom-nordstrom-classic-trench-coat,Nordstrom Classic Trench Coat,nordstrom,mens-clothing,Dresses,men,"Nordstrom Nordstrom Classic Trench Coat — dresses tracked across 1 store. We compare live prices, stock and coupons so you always land on the cheapest active listing.",,,clothing; dresses,4.1,185,740,true,,nordstrom,1760,2346.66,IN STOCK,https://www.nordstrom.com/p/nordstrom-11-classic-trench-coat
PI-0092,nordstrom-nordstrom-relaxed-midi-dress,Nordstrom Relaxed Midi Dress,nordstrom,clothing,Jackets,unisex,"Nordstrom Nordstrom Relaxed Midi Dress — jackets tracked across 1 store. We compare live prices, stock and coupons so you always land on the cheapest active listing.",,,clothing; jackets,3.6,166,559,false,,nordstrom,1060,1514.49,IN STOCK,https://www.nordstrom.com/p/nordstrom-12-relaxed-midi-dress
PI-0093,nordstrom-nordstrom-slim-fit-blazer,Nordstrom Slim Fit Blazer,nordstrom,clothing,Jeans,women,"Nordstrom Nordstrom Slim Fit Blazer — jeans tracked across 1 store. We compare live prices, stock and coupons so you always land on the cheapest active listing.",,,clothing; jeans,4.5,147,5798,false,,nordstrom,1520,2338.46,IN STOCK,https://www.nordstrom.com/p/nordstrom-13-slim-fit-blazer
PI-0094,nordstrom-nordstrom-oversized-shirt-dress,Nordstrom Oversized Shirt Dress,nordstrom,mens-clothing,Shirts,men,"Nordstrom Nordstrom Oversized Shirt Dress — shirts tracked across 1 store. We compare live prices, stock and coupons so you always land on the cheapest active listing.",,,clothing; shirts,3.8,80,1557,false,,nordstrom,1020,1700,IN STOCK,https://www.nordstrom.com/p/nordstrom-14-oversized-shirt-dress
PI-0095,nordstrom-nordstrom-tailored-denim-jacket,Nordstrom Tailored Denim Jacket,nordstrom,clothing,Sweaters,unisex,"Nordstrom Nordstrom Tailored Denim Jacket — sweaters tracked across 1 store. We compare live prices, stock and coupons so you always land on the cheapest active listing.",Red,,clothing; sweaters,4.7,61,4520,true,,nordstrom,1660,2213.34,IN STOCK,https://www.nordstrom.com/p/nordstrom-15-tailored-denim-jacket
PI-0096,nordstrom-nordstrom-classic-knit-sweater,Nordstrom Classic Knit Sweater,nordstrom,clothing,Dresses,women,"Nordstrom Nordstrom Classic Knit Sweater — dresses tracked across 1 store. We compare live prices, stock and coupons so you always land on the cheapest active listing.",,,clothing; dresses,4.2,42,251,false,,nordstrom,800,1600,IN STOCK,https://www.nordstrom.com/p/nordstrom-16-classic-knit-sweater
PI-0097,nordstrom-nordstrom-relaxed-trench-coat,Nordstrom Relaxed Trench Coat,nordstrom,mens-clothing,Jackets,men,"Nordstrom Nordstrom Relaxed Trench Coat — jackets tracked across 1 store. We compare live prices, stock and coupons so you always land on the cheapest active listing.",,,clothing; jackets,3.7,223,5766,true,,nordstrom,860,1563.64,LOW STOCK,https://www.nordstrom.com/p/nordstrom-17-relaxed-trench-coat
PI-0098,nordstrom-nordstrom-slim-fit-midi-dress,Nordstrom Slim Fit Midi Dress,nordstrom,clothing,Jeans,unisex,"Nordstrom Nordstrom Slim Fit Midi Dress — jeans tracked across 1 store. We compare live prices, stock and coupons so you always land on the cheapest active listing.",,,clothing; jeans,4.8,52,5599,false,,nordstrom,840,1120,IN STOCK,https://www.nordstrom.com/p/nordstrom-18-slim-fit-midi-dress
PI-0099,nordstrom-nordstrom-oversized-blazer,Nordstrom Oversized Blazer,nordstrom,clothing,Shirts,women,"Nordstrom Nordstrom Oversized Blazer — shirts tracked across 1 store. We compare live prices, stock and coupons so you always land on the cheapest active listing.",,,clothing; shirts,4.3,233,3348,false,,nordstrom,960,1129.41,LOW STOCK,https://www.nordstrom.com/p/nordstrom-19-oversized-blazer
PI-0100,nordstrom-nordstrom-tailored-shirt-dress,Nordstrom Tailored Shirt Dress,nordstrom,mens-clothing,Sweaters,men,"Nordstrom Nordstrom Tailored Shirt Dress — sweaters tracked across 1 store. We compare live prices, stock and coupons so you always land on the cheapest active listing.",Red,,clothing; sweaters,4.6,62,1617,false,,nordstrom,800,941.18,IN STOCK,https://www.nordstrom.com/p/nordstrom-20-tailored-shirt-dress
PI-0101,revolve-revolve-classic-blazer,Revolve Classic Blazer,revolve,clothing,Dresses,women,"Revolve Revolve Classic Blazer — dresses tracked across 1 store. We compare live prices, stock and coupons so you always land on the cheapest active listing.",,,clothing; dresses,4.1,43,4858,false,,revolve,1280,1706.66,IN STOCK,https://www.revolve.com/p/revolve-1-classic-blazer
PI-0102,revolve-revolve-relaxed-shirt-dress,Revolve Relaxed Shirt Dress,revolve,mens-clothing,Jackets,men,"Revolve Revolve Relaxed Shirt Dress — jackets tracked across 1 store. We compare live prices, stock and coupons so you always land on the cheapest active listing.",,,clothing; jackets,4.2,100,439,false,,revolve,1740,2175,IN STOCK,https://www.revolve.com/p/revolve-2-relaxed-shirt-dress
PI-0103,revolve-revolve-slim-fit-denim-jacket,Revolve Slim Fit Denim Jacket,revolve,clothing,Jeans,unisex,"Revolve Revolve Slim Fit Denim Jacket — jeans tracked across 1 store. We compare live prices, stock and coupons so you always land on the cheapest active listing.",Denim,,clothing; jeans,3.7,81,2300,true,,revolve,840,1680,IN STOCK,https://www.revolve.com/p/revolve-3-slim-fit-denim-jacket
PI-0104,revolve-revolve-oversized-knit-sweater,Revolve Oversized Knit Sweater,revolve,clothing,Shirts,women,"Revolve Revolve Oversized Knit Sweater — shirts tracked across 1 store. We compare live prices, stock and coupons so you always land on the cheapest active listing.",,,clothing; shirts,3.8,138,645,false,,revolve,1740,2047.06,IN STOCK,https://www.revolve.com/p/revolve-4-oversized-knit-sweater
PI-0105,revolve-revolve-tailored-trench-coat,Revolve Tailored Trench Coat,revolve,mens-clothing,Sweaters,men,"Revolve Revolve Tailored Trench Coat — sweaters tracked across 1 store. We compare live prices, stock and coupons so you always land on the cheapest active listing.",Red,,clothing; sweaters,4.7,119,7034,false,,revolve,1800,2117.65,IN STOCK,https://www.revolve.com/p/revolve-5-tailored-trench-coat
PI-0106,revolve-revolve-classic-midi-dress,Revolve Classic Midi Dress,revolve,clothing,Dresses,unisex,"Revolve Revolve Classic Midi Dress — dresses tracked across 1 store. We compare live prices, stock and coupons so you always land on the cheapest active listing.",,,clothing; dresses,4.8,176,3499,false,,revolve,1060,2120,IN STOCK,https://www.revolve.com/p/revolve-6-classic-midi-dress
PI-0107,revolve-revolve-relaxed-blazer,Revolve Relaxed Blazer,revolve,clothing,Jackets,women,"Revolve Revolve Relaxed Blazer — jackets tracked across 1 store. We compare live prices, stock and coupons so you always land on the cheapest active listing.",,,clothing; jackets,4.3,157,1688,false,,revolve,1460,2920,IN STOCK,https://www.revolve.com/p/revolve-7-relaxed-blazer
PI-0108,revolve-revolve-slim-fit-shirt-dress,Revolve Slim Fit Shirt Dress,revolve,mens-clothing,Jeans,men,"Revolve Revolve Slim Fit Shirt Dress — jeans tracked across 1 store. We compare live prices, stock and coupons so you always land on the cheapest active listing.",,,clothing; jeans,4.8,110,1735,false,,revolve,1420,2028.71,IN STOCK,https://www.revolve.com/p/revolve-8-slim-fit-shirt-dress
PI-0109,revolve-revolve-oversized-denim-jacket,Revolve Oversized Denim Jacket,revolve,clothing,Shirts,unisex,"Revolve Revolve Oversized Denim Jacket — shirts tracked across 1 store. We compare live prices, stock and coupons so you always land on the cheapest active listing.",Denim,,clothing; shirts,4.3,91,3342,true,,revolve,1140,2280,IN STOCK,https://www.revolve.com/p/revolve-9-oversized-denim-jacket
PI-0110,revolve-revolve-tailored-knit-sweater,Revolve Tailored Knit Sweater,revolve,clothing,Sweaters,women,"Revolve Revolve Tailored Knit Sweater — sweaters tracked across 1 store. We compare live prices, stock and coupons so you always land on the cheapest active listing.",Red,,clothing; sweaters,4.9,59,2464,true,,revolve,1420,2184.61,LOW STOCK,https://www.revolve.com/p/revolve-10-tailored-knit-sweater
PI-0111,revolve-revolve-classic-trench-coat,Revolve Classic Trench Coat,revolve,mens-clothing,Dresses,men,"Revolve Revolve Classic Trench Coat — dresses tracked across 1 store. We compare live prices, stock and coupons so you always land on the cheapest active listing.",,,clothing; dresses,4.4,40,2707,true,,revolve,1140,2280,IN STOCK,https://www.revolve.com/p/revolve-11-classic-trench-coat
PI-0112,revolve-revolve-relaxed-midi-dress,Revolve Relaxed Midi Dress,revolve,clothing,Jackets,unisex,"Revolve Revolve Relaxed Midi Dress — jackets tracked across 1 store. We compare live prices, stock and coupons so you always land on the cheapest active listing.",,,clothing; jackets,4.5,97,2158,false,,revolve,1300,2363.64,IN STOCK,https://www.revolve.com/p/revolve-12-relaxed-midi-dress
PI-0113,revolve-revolve-slim-fit-blazer,Revolve Slim Fit Blazer,revolve,clothing,Jeans,women,"Revolve Revolve Slim Fit Blazer — jeans tracked across 1 store. We compare live prices, stock and coupons so you always land on the cheapest active listing.",,,clothing; jeans,4,78,5517,false,,revolve,1280,1828.57,IN STOCK,https://www.revolve.com/p/revolve-13-slim-fit-blazer
PI-0114,revolve-revolve-oversized-shirt-dress,Revolve Oversized Shirt Dress,revolve,mens-clothing,Shirts,men,"Revolve Revolve Oversized Shirt Dress — shirts tracked across 1 store. We compare live prices, stock and coupons so you always land on the cheapest active listing.",,,clothing; shirts,4.1,135,1692,false,,revolve,1760,2707.69,IN STOCK,https://www.revolve.com/p/revolve-14-oversized-shirt-dress
PI-0115,revolve-revolve-tailored-denim-jacket,Revolve Tailored Denim Jacket,revolve,clothing,Sweaters,unisex,"Revolve Revolve Tailored Denim Jacket — sweaters tracked across 1 store. We compare live prices, stock and coupons so you always land on the cheapest active listing.",Red,,clothing; sweaters,3.6,116,2399,true,,revolve,2000,3333.34,IN STOCK,https://www.revolve.com/p/revolve-15-tailored-denim-jacket
PI-0116,revolve-revolve-classic-knit-sweater,Revolve Classic Knit Sweater,revolve,clothing,Dresses,women,"Revolve Revolve Classic Knit Sweater — dresses tracked across 1 store. We compare live prices, stock and coupons so you always land on the cheapest active listing.",,,clothing; dresses,3.7,173,5298,false,,revolve,1960,3920,IN STOCK,https://www.revolve.com/p/revolve-16-classic-knit-sweater
PI-0117,revolve-revolve-relaxed-trench-coat,Revolve Relaxed Trench Coat,revolve,mens-clothing,Jackets,men,"Revolve Revolve Relaxed Trench Coat — jackets tracked across 1 store. We compare live prices, stock and coupons so you always land on the cheapest active listing.",,,clothing; jackets,4.6,154,7895,false,,revolve,1220,2218.18,LOW STOCK,https://www.revolve.com/p/revolve-17-relaxed-trench-coat
PI-0118,revolve-revolve-slim-fit-midi-dress,Revolve Slim Fit Midi Dress,revolve,clothing,Jeans,unisex,"Revolve Revolve Slim Fit Midi Dress — jeans tracked across 1 store. We compare live prices, stock and coupons so you always land on the cheapest active listing.",,,clothing; jeans,3.7,107,520,false,,revolve,1060,1514.29,IN STOCK,https://www.revolve.com/p/revolve-18-slim-fit-midi-dress
PI-0119,revolve-revolve-oversized-blazer,Revolve Oversized Blazer,revolve,clothing,Shirts,women,"Revolve Revolve Oversized Blazer — shirts tracked across 1 store. We compare live prices, stock and coupons so you always land on the cheapest active listing.",,,clothing; shirts,4.6,88,3483,false,,revolve,1820,3309.1,IN STOCK,https://www.revolve.com/p/revolve-19-oversized-blazer
PI-0120,revolve-revolve-tailored-shirt-dress,Revolve Tailored Shirt Dress,revolve,mens-clothing,Sweaters,men,"Revolve Revolve Tailored Shirt Dress — sweaters tracked across 1 store. We compare live prices, stock and coupons so you always land on the cheapest active listing.",Red,,clothing; sweaters,4.4,80,3659,true,,revolve,1720,2866.66,IN STOCK,https://www.revolve.com/p/revolve-20-tailored-shirt-dress
PI-0121,amazon-amazon-classic-blazer,Amazon Classic Blazer,amazon,clothing,Dresses,women,"Amazon Fashion Amazon Classic Blazer — dresses tracked across 1 store. We compare live prices, stock and coupons so you always land on the cheapest active listing.",,,clothing; dresses,3.9,61,3768,false,,amazon,1620,2700,IN STOCK,https://www.amazon.com/p/amazon-1-classic-blazer
PI-0122,amazon-amazon-relaxed-shirt-dress,Amazon Relaxed Shirt Dress,amazon,mens-clothing,Jackets,men,"Amazon Fashion Amazon Relaxed Shirt Dress — jackets tracked across 1 store. We compare live prices, stock and coupons so you always land on the cheapest active listing.",,,clothing; jackets,4.8,42,5925,false,,amazon,1350,2700,IN STOCK,https://www.amazon.com/p/amazon-2-relaxed-shirt-dress
PI-0123,amazon-amazon-slim-fit-denim-jacket,Amazon Slim Fit Denim Jacket,amazon,clothing,Jeans,unisex,"Amazon Fashion Amazon Slim Fit Denim Jacket — jeans tracked across 1 store. We compare live prices, stock and coupons so you always land on the cheapest active listing.",Denim,,clothing; jeans,4.3,223,7898,false,,amazon,275,500,IN STOCK,https://www.amazon.com/p/amazon-3-slim-fit-denim-jacket
PI-0124,amazon-amazon-oversized-knit-sweater,Amazon Oversized Knit Sweater,amazon,clothing,Shirts,women,"Amazon Fashion Amazon Oversized Knit Sweater — shirts tracked across 1 store. We compare live prices, stock and coupons so you always land on the cheapest active listing.",,,clothing; shirts,3.8,204,2713,false,,amazon,1950,3000,IN STOCK,https://www.amazon.com/p/amazon-4-oversized-knit-sweater
PI-0125,amazon-amazon-tailored-trench-coat,Amazon Tailored Trench Coat,amazon,mens-clothing,Sweaters,men,"Amazon Fashion Amazon Tailored Trench Coat — sweaters tracked across 1 store. We compare live prices, stock and coupons so you always land on the cheapest active listing.",Red,,clothing; sweaters,4.7,185,6044,false,,amazon,560,700,OUT OF STOCK,https://www.amazon.com/p/amazon-5-tailored-trench-coat
PI-0126,amazon-amazon-classic-midi-dress,Amazon Classic Midi Dress,amazon,clothing,Dresses,unisex,"Amazon Fashion Amazon Classic Midi Dress — dresses tracked across 1 store. We compare live prices, stock and coupons so you always land on the cheapest active listing.",,,clothing; dresses,4.2,166,3953,false,,amazon,1040,1300,IN STOCK,https://www.amazon.com/p/amazon-6-classic-midi-dress
PI-0127,amazon-amazon-relaxed-blazer,Amazon Relaxed Blazer,amazon,clothing,Jackets,women,"Amazon Fashion Amazon Relaxed Blazer — jackets tracked across 1 store. We compare live prices, stock and coupons so you always land on the cheapest active listing.",,,clothing; jackets,3.7,147,602,false,,amazon,1275,1500,LOW STOCK,https://www.amazon.com/p/amazon-7-relaxed-blazer
PI-0128,amazon-amazon-slim-fit-shirt-dress,Amazon Slim Fit Shirt Dress,amazon,mens-clothing,Jeans,men,"Amazon Fashion Amazon Slim Fit Shirt Dress — jeans tracked across 1 store. We compare live prices, stock and coupons so you always land on the cheapest active listing.",,,clothing; jeans,4.6,128,707,false,,amazon,715,1100,IN STOCK,https://www.amazon.com/p/amazon-8-slim-fit-shirt-dress
PI-0129,amazon-amazon-oversized-denim-jacket,Amazon Oversized Denim Jacket,amazon,clothing,Shirts,unisex,"Amazon Fashion Amazon Oversized Denim Jacket — shirts tracked across 1 store. We compare live prices, stock and coupons so you always land on the cheapest active listing.",Denim,,clothing; shirts,4.1,109,720,false,,amazon,1365,2100,IN STOCK,https://www.amazon.com/p/amazon-9-oversized-denim-jacket
PI-0130,amazon-amazon-tailored-knit-sweater,Amazon Tailored Knit Sweater,amazon,clothing,Sweaters,women,"Amazon Fashion Amazon Tailored Knit Sweater — sweaters tracked across 1 store. We compare live prices, stock and coupons so you always land on the cheapest active listing.",Red,,clothing; sweaters,4.5,71,4362,false,,amazon,1300,2600,IN STOCK,https://www.amazon.com/p/amazon-10-tailored-knit-sweater
PI-0131,amazon-amazon-classic-trench-coat,Amazon Classic Trench Coat,amazon,mens-clothing,Dresses,men,"Amazon Fashion Amazon Classic Trench Coat — dresses tracked across 1 store. We compare live prices, stock and coupons so you always land on the cheapest active listing.",,,clothing; dresses,3.6,90,3605,false,,amazon,520,800,IN STOCK,https://www.amazon.com/p/amazon-11-classic-trench-coat
PI-0132,amazon-amazon-relaxed-midi-dress,Amazon Relaxed Midi Dress,amazon,clothing,Jackets,unisex,"Amazon Fashion Amazon Relaxed Midi Dress — jackets tracked across 1 store. We compare live prices, stock and coupons so you always land on the cheapest active listing.",,,clothing; jackets,4.1,109,168,false,,amazon,1620,2160,IN STOCK,https://www.amazon.com/p/amazon-12-relaxed-midi-dress
PI-0133,amazon-amazon-slim-fit-blazer,Amazon Slim Fit Blazer,amazon,clothing,Jeans,women,"Amazon Fashion Amazon Slim Fit Blazer — jeans tracked across 1 store. We compare live prices, stock and coupons so you always land on the cheapest active listing.",,,clothing; jeans,4.6,128,2357,false,,amazon,455,700,LOW STOCK,https://www.amazon.com/p/amazon-13-slim-fit-blazer
PI-0134,amazon-amazon-oversized-shirt-dress,Amazon Oversized Shirt Dress,amazon,mens-clothing,Shirts,men,"Amazon Fashion Amazon Oversized Shirt Dress — shirts tracked across 1 store. We compare live prices, stock and coupons so you always land on the cheapest active listing.",,,clothing; shirts,3.9,195,6918,false,,amazon,1440,1800,LOW STOCK,https://www.amazon.com/p/amazon-14-oversized-shirt-dress
PI-0135,amazon-amazon-tailored-denim-jacket,Amazon Tailored Denim Jacket,amazon,clothing,Sweaters,unisex,"Amazon Fashion Amazon Tailored Denim Jacket — sweaters tracked across 1 store. We compare live prices, stock and coupons so you always land on the cheapest active listing.",Red,,clothing; sweaters,4.4,214,7439,false,,amazon,489,700,IN STOCK,https://www.amazon.com/p/amazon-15-tailored-denim-jacket
PI-0136,amazon-amazon-classic-knit-sweater,Amazon Classic Knit Sweater,amazon,clothing,Dresses,women,"Amazon Fashion Amazon Classic Knit Sweater — dresses tracked across 1 store. We compare live prices, stock and coupons so you always land on the cheapest active listing.",,,clothing; dresses,4.9,233,580,true,,amazon,450,900,IN STOCK,https://www.amazon.com/p/amazon-16-classic-knit-sweater
PI-0137,amazon-amazon-relaxed-trench-coat,Amazon Relaxed Trench Coat,amazon,mens-clothing,Jackets,men,"Amazon Fashion Amazon Relaxed Trench Coat — jackets tracked across 1 store. We compare live prices, stock and coupons so you always land on the cheapest active listing.",,,clothing; jackets,4,52,1193,false,,amazon,1485,2700,LOW STOCK,https://www.amazon.com/p/amazon-17-relaxed-trench-coat
PI-0138,amazon-amazon-slim-fit-midi-dress,Amazon Slim Fit Midi Dress,amazon,clothing,Jeans,unisex,"Amazon Fashion Amazon Slim Fit Midi Dress — jeans tracked across 1 store. We compare live prices, stock and coupons so you always land on the cheapest active listing.",,,clothing; jeans,4.7,119,3618,false,,amazon,1125,1500,IN STOCK,https://www.amazon.com/p/amazon-18-slim-fit-midi-dress
PI-0139,amazon-amazon-oversized-blazer,Amazon Oversized Blazer,amazon,clothing,Shirts,women,"Amazon Fashion Amazon Oversized Blazer — shirts tracked across 1 store. We compare live prices, stock and coupons so you always land on the cheapest active listing.",,,clothing; shirts,3.8,138,6403,true,,amazon,1380,1971.43,LOW STOCK,https://www.amazon.com/p/amazon-19-oversized-blazer
PI-0140,amazon-amazon-tailored-shirt-dress,Amazon Tailored Shirt Dress,amazon,mens-clothing,Sweaters,men,"Amazon Fashion Amazon Tailored Shirt Dress — sweaters tracked across 1 store. We compare live prices, stock and coupons so you always land on the cheapest active listing.",Red,,clothing; sweaters,4,66,4149,false,,amazon,715,1100,IN STOCK,https://www.amazon.com/p/amazon-20-tailored-shirt-dress
PI-0161,levis-levis-slim-fit-denim-jeans,Levis Slim Fit Denim Jeans,levis,mens-clothing,Shirts,men,"Levi's Levis Slim Fit Denim Jeans — shirts tracked across 5 stores. We compare live prices, stock and coupons so you always land on the cheapest active listing.",Denim,,mens-clothing; shirts,3.7,89,5028,false,,levis-store,1960,3266.66,IN STOCK,https://www.levi.com/p/levis-1-slim-fit-denim-jeans
PI-0161,levis-levis-slim-fit-denim-jeans,Levis Slim Fit Denim Jeans,levis,mens-clothing,Shirts,men,"Levi's Levis Slim Fit Denim Jeans — shirts tracked across 5 stores. We compare live prices, stock and coupons so you always land on the cheapest active listing.",Denim,,mens-clothing; shirts,3.7,89,5028,false,,levis-store,1480,2114.29,IN STOCK,https://www.levi.com/p/levis-5-slim-fit-denim-jeans
PI-0161,levis-levis-slim-fit-denim-jeans,Levis Slim Fit Denim Jeans,levis,mens-clothing,Shirts,men,"Levi's Levis Slim Fit Denim Jeans — shirts tracked across 5 stores. We compare live prices, stock and coupons so you always land on the cheapest active listing.",Denim,,mens-clothing; shirts,3.7,89,5028,false,,levis-store,1420,2184.61,IN STOCK,https://www.levi.com/p/levis-9-slim-fit-denim-jeans
PI-0161,levis-levis-slim-fit-denim-jeans,Levis Slim Fit Denim Jeans,levis,mens-clothing,Shirts,men,"Levi's Levis Slim Fit Denim Jeans — shirts tracked across 5 stores. We compare live prices, stock and coupons so you always land on the cheapest active listing.",Denim,,mens-clothing; shirts,3.7,89,5028,false,,levis-store,1340,1786.66,IN STOCK,https://www.levi.com/p/levis-13-slim-fit-denim-jeans
PI-0161,levis-levis-slim-fit-denim-jeans,Levis Slim Fit Denim Jeans,levis,mens-clothing,Shirts,men,"Levi's Levis Slim Fit Denim Jeans — shirts tracked across 5 stores. We compare live prices, stock and coupons so you always land on the cheapest active listing.",Denim,,mens-clothing; shirts,3.7,89,5028,false,,levis-store,1840,2629.22,IN STOCK,https://www.levi.com/p/levis-17-slim-fit-denim-jeans
PI-0162,levis-levis-classic-oxford-shirt,Levis Classic Oxford Shirt,levis,mens-clothing,Jeans,men,"Levi's Levis Classic Oxford Shirt — jeans tracked across 5 stores. We compare live prices, stock and coupons so you always land on the cheapest active listing.",,,mens-clothing; jeans,4.6,70,4937,false,,levis-store,940,1446.16,IN STOCK,https://www.levi.com/p/levis-2-classic-oxford-shirt
PI-0162,levis-levis-classic-oxford-shirt,Levis Classic Oxford Shirt,levis,mens-clothing,Jeans,men,"Levi's Levis Classic Oxford Shirt — jeans tracked across 5 stores. We compare live prices, stock and coupons so you always land on the cheapest active listing.",,,mens-clothing; jeans,4.6,70,4937,false,,levis-store,1060,1247.06,IN STOCK,https://www.levi.com/p/levis-6-classic-oxford-shirt
PI-0162,levis-levis-classic-oxford-shirt,Levis Classic Oxford Shirt,levis,mens-clothing,Jeans,men,"Levi's Levis Classic Oxford Shirt — jeans tracked across 5 stores. We compare live prices, stock and coupons so you always land on the cheapest active listing.",,,mens-clothing; jeans,4.6,70,4937,false,,levis-store,1275,1700,IN STOCK,https://www.levi.com/p/levis-10-classic-oxford-shirt
PI-0162,levis-levis-classic-oxford-shirt,Levis Classic Oxford Shirt,levis,mens-clothing,Jeans,men,"Levi's Levis Classic Oxford Shirt — jeans tracked across 5 stores. We compare live prices, stock and coupons so you always land on the cheapest active listing.",,,mens-clothing; jeans,4.6,70,4937,false,,levis-store,1680,3054.54,IN STOCK,https://www.levi.com/p/levis-14-classic-oxford-shirt
PI-0162,levis-levis-classic-oxford-shirt,Levis Classic Oxford Shirt,levis,mens-clothing,Jeans,men,"Levi's Levis Classic Oxford Shirt — jeans tracked across 5 stores. We compare live prices, stock and coupons so you always land on the cheapest active listing.",,,mens-clothing; jeans,4.6,70,4937,false,,levis-store,975,1300,IN STOCK,https://www.levi.com/p/levis-18-classic-oxford-shirt
PI-0163,levis-levis-relaxed-chino-trousers,Levis Relaxed Chino Trousers,levis,mens-clothing,Jackets,men,"Levi's Levis Relaxed Chino Trousers — jackets tracked across 5 stores. We compare live prices, stock and coupons so you always land on the cheapest active listing.",,,mens-clothing; jackets,4.1,51,8066,true,,levis-store,1760,2070.59,IN STOCK,https://www.levi.com/p/levis-3-relaxed-chino-trousers
PI-0163,levis-levis-relaxed-chino-trousers,Levis Relaxed Chino Trousers,levis,mens-clothing,Jackets,men,"Levi's Levis Relaxed Chino Trousers — jackets tracked across 5 stores. We compare live prices, stock and coupons so you always land on the cheapest active listing.",,,mens-clothing; jackets,4.1,51,8066,true,,levis-store,1920,2400,IN STOCK,https://www.levi.com/p/levis-7-relaxed-chino-trousers
PI-0163,levis-levis-relaxed-chino-trousers,Levis Relaxed Chino Trousers,levis,mens-clothing,Jackets,men,"Levi's Levis Relaxed Chino Trousers — jackets tracked across 5 stores. We compare live prices, stock and coupons so you always land on the cheapest active listing.",,,mens-clothing; jackets,4.1,51,8066,true,,levis-store,1580,2872.72,IN STOCK,https://www.levi.com/p/levis-11-relaxed-chino-trousers
PI-0163,levis-levis-relaxed-chino-trousers,Levis Relaxed Chino Trousers,levis,mens-clothing,Jackets,men,"Levi's Levis Relaxed Chino Trousers — jackets tracked across 5 stores. We compare live prices, stock and coupons so you always land on the cheapest active listing.",,,mens-clothing; jackets,4.1,51,8066,true,,levis-store,1040,1386.66,LOW STOCK,https://www.levi.com/p/levis-15-relaxed-chino-trousers
PI-0163,levis-levis-relaxed-chino-trousers,Levis Relaxed Chino Trousers,levis,mens-clothing,Jackets,men,"Levi's Levis Relaxed Chino Trousers — jackets tracked across 5 stores. We compare live prices, stock and coupons so you always land on the cheapest active listing.",,,mens-clothing; jackets,4.1,51,8066,true,,levis-store,1660,2075,IN STOCK,https://www.levi.com/p/levis-19-relaxed-chino-trousers
PI-0164,levis-levis-tailored-bomber-jacket,Levis Tailored Bomber Jacket,levis,mens-clothing,Chinos,men,"Levi's Levis Tailored Bomber Jacket — chinos tracked across 5 stores. We compare live prices, stock and coupons so you always land on the cheapest active listing.",Red,,mens-clothing; chinos,4.2,192,1325,false,,levis-store,850,1700,IN STOCK,https://www.levi.com/p/levis-4-tailored-bomber-jacket
PI-0164,levis-levis-tailored-bomber-jacket,Levis Tailored Bomber Jacket,levis,mens-clothing,Chinos,men,"Levi's Levis Tailored Bomber Jacket — chinos tracked across 5 stores. We compare live prices, stock and coupons so you always land on the cheapest active listing.",Red,,mens-clothing; chinos,4.2,192,1325,false,,levis-store,1700,2000,IN STOCK,https://www.levi.com/p/levis-8-tailored-bomber-jacket
PI-0164,levis-levis-tailored-bomber-jacket,Levis Tailored Bomber Jacket,levis,mens-clothing,Chinos,men,"Levi's Levis Tailored Bomber Jacket — chinos tracked across 5 stores. We compare live prices, stock and coupons so you always land on the cheapest active listing.",Red,,mens-clothing; chinos,4.2,192,1325,false,,levis-store,1780,3560,IN STOCK,https://www.levi.com/p/levis-12-tailored-bomber-jacket
PI-0164,levis-levis-tailored-bomber-jacket,Levis Tailored Bomber Jacket,levis,mens-clothing,Chinos,men,"Levi's Levis Tailored Bomber Jacket — chinos tracked across 5 stores. We compare live prices, stock and coupons so you always land on the cheapest active listing.",Red,,mens-clothing; chinos,4.2,192,1325,false,,levis-store,1260,1482.35,LOW STOCK,https://www.levi.com/p/levis-16-tailored-bomber-jacket
PI-0164,levis-levis-tailored-bomber-jacket,Levis Tailored Bomber Jacket,levis,mens-clothing,Chinos,men,"Levi's Levis Tailored Bomber Jacket — chinos tracked across 5 stores. We compare live prices, stock and coupons so you always land on the cheapest active listing.",Red,,mens-clothing; chinos,4.2,192,1325,false,,levis-store,1280,1505.88,IN STOCK,https://www.levi.com/p/levis-20-tailored-bomber-jacket
PI-0185,ulta-ulta-hydrating-serum,Ulta Hydrating Serum,ulta,beauty,Skincare,unisex,"Ulta Beauty Ulta Hydrating Serum — skincare tracked across 1 store. We compare live prices, stock and coupons so you always land on the cheapest active listing.",,,beauty; skincare,3.9,151,3842,false,,ulta,137,274,OUT OF STOCK,https://www.ulta.com/p/ulta-1-hydrating-serum
PI-0186,ulta-ulta-matte-foundation,Ulta Matte Foundation,ulta,beauty,Makeup,women,"Ulta Beauty Ulta Matte Foundation — makeup tracked across 1 store. We compare live prices, stock and coupons so you always land on the cheapest active listing.",,,beauty; makeup,3.6,168,7069,false,,ulta,74,105.71,LOW STOCK,https://www.ulta.com/p/ulta-2-matte-foundation
PI-0187,ulta-ulta-radiant-eau-de-parfum,Ulta Radiant Eau de Parfum,ulta,beauty,Fragrance,unisex,"Ulta Beauty Ulta Radiant Eau de Parfum — fragrance tracked across 1 store. We compare live prices, stock and coupons so you always land on the cheapest active listing.",,,beauty; fragrance,4.1,187,7312,false,,ulta,144,205.71,IN STOCK,https://www.ulta.com/p/ulta-3-radiant-eau-de-parfum
PI-0188,ulta-ulta-nourishing-shampoo,Ulta Nourishing Shampoo,ulta,beauty,Haircare,women,"Ulta Beauty Ulta Nourishing Shampoo — haircare tracked across 1 store. We compare live prices, stock and coupons so you always land on the cheapest active listing.",,,beauty; haircare,4,130,5295,false,,ulta,126,168,IN STOCK,https://www.ulta.com/p/ulta-4-nourishing-shampoo
PI-0189,ulta-ulta-long-lasting-lip-kit,Ulta Long-Lasting Lip Kit,ulta,beauty,Skincare,unisex,"Ulta Beauty Ulta Long-Lasting Lip Kit — skincare tracked across 1 store. We compare live prices, stock and coupons so you always land on the cheapest active listing.",,,beauty; skincare,4.5,149,1062,true,,ulta,69,115,IN STOCK,https://www.ulta.com/p/ulta-5-long-lasting-lip-kit
PI-0190,ulta-ulta-hydrating-moisturizer,Ulta Hydrating Moisturizer,ulta,beauty,Makeup,women,"Ulta Beauty Ulta Hydrating Moisturizer — makeup tracked across 1 store. We compare live prices, stock and coupons so you always land on the cheapest active listing.",,,beauty; makeup,4.5,83,4712,false,,ulta,68,104.61,LOW STOCK,https://www.ulta.com/p/ulta-6-hydrating-moisturizer
PI-0191,ulta-ulta-matte-serum,Ulta Matte Serum,ulta,beauty,Fragrance,unisex,"Ulta Beauty Ulta Matte Serum — fragrance tracked across 1 store. We compare live prices, stock and coupons so you always land on the cheapest active listing.",,,beauty; fragrance,4,64,6523,false,,ulta,107,178.34,IN STOCK,https://www.ulta.com/p/ulta-7-matte-serum
PI-0192,ulta-ulta-radiant-foundation,Ulta Radiant Foundation,ulta,beauty,Haircare,women,"Ulta Beauty Ulta Radiant Foundation — haircare tracked across 1 store. We compare live prices, stock and coupons so you always land on the cheapest active listing.",,,beauty; haircare,4.1,121,4006,false,,ulta,134,268,IN STOCK,https://www.ulta.com/p/ulta-8-radiant-foundation
PI-0193,ulta-ulta-nourishing-eau-de-parfum,Ulta Nourishing Eau de Parfum,ulta,beauty,Skincare,unisex,"Ulta Beauty Ulta Nourishing Eau de Parfum — skincare tracked across 1 store. We compare live prices, stock and coupons so you always land on the cheapest active listing.",,,beauty; skincare,3.6,102,981,false,,ulta,137,161.18,LOW STOCK,https://www.ulta.com/p/ulta-9-nourishing-eau-de-parfum
PI-0194,ulta-ulta-long-lasting-shampoo,Ulta Long-Lasting Shampoo,ulta,beauty,Makeup,women,"Ulta Beauty Ulta Long-Lasting Shampoo — makeup tracked across 1 store. We compare live prices, stock and coupons so you always land on the cheapest active listing.",,,beauty; makeup,3.7,159,1580,false,,ulta,84,168,IN STOCK,https://www.ulta.com/p/ulta-10-long-lasting-shampoo
PI-0195,ulta-ulta-hydrating-lip-kit,Ulta Hydrating Lip Kit,ulta,beauty,Fragrance,unisex,"Ulta Beauty Ulta Hydrating Lip Kit — fragrance tracked across 1 store. We compare live prices, stock and coupons so you always land on the cheapest active listing.",,,beauty; fragrance,4.6,140,6215,false,,ulta,78,104,IN STOCK,https://www.ulta.com/p/ulta-11-hydrating-lip-kit
PI-0196,ulta-ulta-matte-moisturizer,Ulta Matte Moisturizer,ulta,beauty,Haircare,women,"Ulta Beauty Ulta Matte Moisturizer — haircare tracked across 1 store. We compare live prices, stock and coupons so you always land on the cheapest active listing.",,,beauty; haircare,4.7,197,4742,false,,ulta,92,153.34,IN STOCK,https://www.ulta.com/p/ulta-12-matte-moisturizer
PI-0197,ulta-ulta-radiant-serum,Ulta Radiant Serum,ulta,beauty,Skincare,unisex,"Ulta Beauty Ulta Radiant Serum — skincare tracked across 1 store. We compare live prices, stock and coupons so you always land on the cheapest active listing.",,,beauty; skincare,4.2,178,591,false,,ulta,60,70.59,IN STOCK,https://www.ulta.com/p/ulta-13-radiant-serum
PI-0198,ulta-ulta-nourishing-foundation,Ulta Nourishing Foundation,ulta,beauty,Makeup,women,"Ulta Beauty Ulta Nourishing Foundation — makeup tracked across 1 store. We compare live prices, stock and coupons so you always land on the cheapest active listing.",,,beauty; makeup,4.3,235,7408,false,,ulta,113,205.46,IN STOCK,https://www.ulta.com/p/ulta-14-nourishing-foundation
PI-0199,ulta-ulta-long-lasting-eau-de-parfum,Ulta Long-Lasting Eau de Parfum,ulta,beauty,Fragrance,unisex,"Ulta Beauty Ulta Long-Lasting Eau de Parfum — fragrance tracked across 1 store. We compare live prices, stock and coupons so you always land on the cheapest active listing.",,,beauty; fragrance,3.8,216,371,false,,ulta,71,101.43,IN STOCK,https://www.ulta.com/p/ulta-15-long-lasting-eau-de-parfum
PI-0200,ulta-ulta-hydrating-shampoo,Ulta Hydrating Shampoo,ulta,beauty,Haircare,women,"Ulta Beauty Ulta Hydrating Shampoo — haircare tracked across 1 store. We compare live prices, stock and coupons so you always land on the cheapest active listing.",,,beauty; haircare,4.3,233,3156,false,,ulta,114,175.39,IN STOCK,https://www.ulta.com/p/ulta-16-hydrating-shampoo
PI-0201,ulta-ulta-matte-lip-kit,Ulta Matte Lip Kit,ulta,beauty,Skincare,unisex,"Ulta Beauty Ulta Matte Lip Kit — skincare tracked across 1 store. We compare live prices, stock and coupons so you always land on the cheapest active listing.",,,beauty; skincare,4.8,52,5151,false,,ulta,60,109.1,IN STOCK,https://www.ulta.com/p/ulta-17-matte-lip-kit
PI-0202,ulta-ulta-radiant-moisturizer,Ulta Radiant Moisturizer,ulta,beauty,Makeup,women,"Ulta Beauty Ulta Radiant Moisturizer — makeup tracked across 1 store. We compare live prices, stock and coupons so you always land on the cheapest active listing.",,,beauty; makeup,4.7,195,6450,false,,ulta,83,103.75,IN STOCK,https://www.ulta.com/p/ulta-18-radiant-moisturizer
PI-0203,ulta-ulta-nourishing-serum,Ulta Nourishing Serum,ulta,beauty,Fragrance,unisex,"Ulta Beauty Ulta Nourishing Serum — fragrance tracked across 1 store. We compare live prices, stock and coupons so you always land on the cheapest active listing.",,,beauty; fragrance,3.8,214,7193,false,,ulta,69,106.16,LOW STOCK,https://www.ulta.com/p/ulta-19-nourishing-serum
PI-0204,ulta-ulta-long-lasting-foundation,Ulta Long-Lasting Foundation,ulta,beauty,Haircare,women,"Ulta Beauty Ulta Long-Lasting Foundation — haircare tracked across 1 store. We compare live prices, stock and coupons so you always land on the cheapest active listing.",,,beauty; haircare,4.9,109,4384,false,,ulta,80,100,IN STOCK,https://www.ulta.com/p/ulta-20-long-lasting-foundation
PI-0205,sephora-sephora-hydrating-serum,Sephora Hydrating Serum,sephora,beauty,Skincare,unisex,"Sephora Sephora Hydrating Serum — skincare tracked across 1 store. We compare live prices, stock and coupons so you always land on the cheapest active listing.",,,beauty; skincare,4,128,8029,false,,sephora,62,95.39,IN STOCK,https://www.sephora.com/p/sephora-1-hydrating-serum
PI-0206,sephora-sephora-matte-foundation,Sephora Matte Foundation,sephora,beauty,Makeup,women,"Sephora Sephora Matte Foundation — makeup tracked across 1 store. We compare live prices, stock and coupons so you always land on the cheapest active listing.",,,beauty; makeup,3.9,71,7406,false,,sephora,116,165.71,OUT OF STOCK,https://www.sephora.com/p/sephora-2-matte-foundation
PI-0207,sephora-sephora-radiant-eau-de-parfum,Sephora Radiant Eau de Parfum,sephora,beauty,Fragrance,unisex,"Sephora Sephora Radiant Eau de Parfum — fragrance tracked across 1 store. We compare live prices, stock and coupons so you always land on the cheapest active listing.",,,beauty; fragrance,4.4,90,5517,false,,sephora,89,148.34,IN STOCK,https://www.sephora.com/p/sephora-3-radiant-eau-de-parfum
PI-0208,sephora-sephora-nourishing-shampoo,Sephora Nourishing Shampoo,sephora,beauty,Haircare,women,"Sephora Sephora Nourishing Shampoo — haircare tracked across 1 store. We compare live prices, stock and coupons so you always land on the cheapest active listing.",,,beauty; haircare,4.1,185,4388,false,,sephora,66,120,LOW STOCK,https://www.sephora.com/p/sephora-4-nourishing-shampoo
PI-0209,sephora-sephora-long-lasting-lip-kit,Sephora Long-Lasting Lip Kit,sephora,beauty,Skincare,unisex,"Sephora Sephora Long-Lasting Lip Kit — skincare tracked across 1 store. We compare live prices, stock and coupons so you always land on the cheapest active listing.",,,beauty; skincare,4.6,204,5513,false,,sephora,107,194.54,LOW STOCK,https://www.sephora.com/p/sephora-5-long-lasting-lip-kit
PI-0210,sephora-sephora-hydrating-moisturizer,Sephora Hydrating Moisturizer,sephora,beauty,Makeup,women,"Sephora Sephora Hydrating Moisturizer — makeup tracked across 1 store. We compare live prices, stock and coupons so you always land on the cheapest active listing.",,,beauty; makeup,3.8,102,4509,false,,sephora,103,147.14,IN STOCK,https://www.sephora.com/p/sephora-6-hydrating-moisturizer
PI-0211,sephora-sephora-matte-serum,Sephora Matte Serum,sephora,beauty,Fragrance,unisex,"Sephora Sephora Matte Serum — fragrance tracked across 1 store. We compare live prices, stock and coupons so you always land on the cheapest active listing.",,,beauty; fragrance,4.3,121,3218,false,,sephora,81,147.28,IN STOCK,https://www.sephora.com/p/sephora-7-matte-serum
PI-0212,sephora-sephora-radiant-foundation,Sephora Radiant Foundation,sephora,beauty,Haircare,women,"Sephora Sephora Radiant Foundation — haircare tracked across 1 store. We compare live prices, stock and coupons so you always land on the cheapest active listing.",,,beauty; haircare,4.2,64,3533,false,,sephora,117,156,IN STOCK,https://www.sephora.com/p/sephora-8-radiant-foundation
PI-0213,sephora-sephora-nourishing-eau-de-parfum,Sephora Nourishing Eau de Parfum,sephora,beauty,Skincare,unisex,"Sephora Sephora Nourishing Eau de Parfum — skincare tracked across 1 store. We compare live prices, stock and coupons so you always land on the cheapest active listing.",,,beauty; skincare,4.7,83,5936,true,,sephora,84,168,IN STOCK,https://www.sephora.com/p/sephora-9-nourishing-eau-de-parfum
PI-0214,sephora-sephora-long-lasting-shampoo,Sephora Long-Lasting Shampoo,sephora,beauty,Makeup,women,"Sephora Sephora Long-Lasting Shampoo — makeup tracked across 1 store. We compare live prices, stock and coupons so you always land on the cheapest active listing.",,,beauty; makeup,4.4,178,7815,false,,sephora,80,106.66,IN STOCK,https://www.sephora.com/p/sephora-10-long-lasting-shampoo
PI-0215,sephora-sephora-hydrating-lip-kit,Sephora Hydrating Lip Kit,sephora,beauty,Fragrance,unisex,"Sephora Sephora Hydrating Lip Kit — fragrance tracked across 1 store. We compare live prices, stock and coupons so you always land on the cheapest active listing.",,,beauty; fragrance,4.9,197,3342,true,,sephora,89,148.34,IN STOCK,https://www.sephora.com/p/sephora-11-hydrating-lip-kit
PI-0216,sephora-sephora-matte-moisturizer,Sephora Matte Moisturizer,sephora,beauty,Haircare,women,"Sephora Sephora Matte Moisturizer — haircare tracked across 1 store. We compare live prices, stock and coupons so you always land on the cheapest active listing.",,,beauty; haircare,4.8,140,2479,false,,sephora,68,104.61,IN STOCK,https://www.sephora.com/p/sephora-12-matte-moisturizer
PI-0217,sephora-sephora-radiant-serum,Sephora Radiant Serum,sephora,beauty,Skincare,unisex,"Sephora Sephora Radiant Serum — skincare tracked across 1 store. We compare live prices, stock and coupons so you always land on the cheapest active listing.",,,beauty; skincare,3.9,159,2692,false,,sephora,138,212.31,IN STOCK,https://www.sephora.com/p/sephora-13-radiant-serum
PI-0218,sephora-sephora-nourishing-foundation,Sephora Nourishing Foundation,sephora,beauty,Makeup,women,"Sephora Sephora Nourishing Foundation — makeup tracked across 1 store. We compare live prices, stock and coupons so you always land on the cheapest active listing.",,,beauty; makeup,4,150,5573,false,,sephora,75,136.36,IN STOCK,https://www.sephora.com/p/sephora-14-nourishing-foundation
PI-0219,sephora-sephora-long-lasting-eau-de-parfum,Sephora Long-Lasting Eau de Parfum,sephora,beauty,Fragrance,unisex,"Sephora Sephora Long-Lasting Eau de Parfum — fragrance tracked across 1 store. We compare live prices, stock and coupons so you always land on the cheapest active listing.",,,beauty; fragrance,4.5,169,6586,false,,sephora,63,84,IN STOCK,https://www.sephora.com/p/sephora-15-long-lasting-eau-de-parfum
PI-0220,sephora-sephora-hydrating-shampoo,Sephora Hydrating Shampoo,sephora,beauty,Haircare,women,"Sephora Sephora Hydrating Shampoo — haircare tracked across 1 store. We compare live prices, stock and coupons so you always land on the cheapest active listing.",,,beauty; haircare,3.9,93,4166,true,,sephora,77,154,IN STOCK,https://www.sephora.com/p/sephora-16-hydrating-shampoo
PI-0221,sephora-sephora-matte-lip-kit,Sephora Matte Lip Kit,sephora,beauty,Skincare,unisex,"Sephora Sephora Matte Lip Kit — skincare tracked across 1 store. We compare live prices, stock and coupons so you always land on the cheapest active listing.",,,beauty; skincare,4.8,74,7073,false,,sephora,108,180,OUT OF STOCK,https://www.sephora.com/p/sephora-17-matte-lip-kit
PI-0222,sephora-sephora-radiant-moisturizer,Sephora Radiant Moisturizer,sephora,beauty,Makeup,women,"Sephora Sephora Radiant Moisturizer — makeup tracked across 1 store. We compare live prices, stock and coupons so you always land on the cheapest active listing.",,,beauty; makeup,4.3,55,2156,false,,sephora,132,240,IN STOCK,https://www.sephora.com/p/sephora-18-radiant-moisturizer
PI-0223,sephora-sephora-nourishing-serum,Sephora Nourishing Serum,sephora,beauty,Fragrance,unisex,"Sephora Sephora Nourishing Serum — fragrance tracked across 1 store. We compare live prices, stock and coupons so you always land on the cheapest active listing.",,,beauty; fragrance,3.8,236,5639,false,,sephora,90,128.64,IN STOCK,https://www.sephora.com/p/sephora-19-nourishing-serum
PI-0224,sephora-sephora-long-lasting-foundation,Sephora Long-Lasting Foundation,sephora,beauty,Haircare,women,"Sephora Sephora Long-Lasting Foundation — haircare tracked across 1 store. We compare live prices, stock and coupons so you always land on the cheapest active listing.",,,beauty; haircare,4.7,217,3658,false,,sephora,126,157.49,IN STOCK,https://www.sephora.com/p/sephora-20-long-lasting-foundation
PI-0225,bata-bata-leather-derby-shoes,Bata Leather Derby Shoes,bata,mens-shoes,Formal Shoes,men,"Bata Bata Leather Derby Shoes — formal shoes tracked across 5 stores. We compare live prices, stock and coupons so you always land on the cheapest active listing.",,,shoes; formal-shoes,4.2,198,7131,false,,bata-store,372,572.31,LOW STOCK,https://www.bata.com/p/bata-1-leather-derby-shoes
PI-0225,bata-bata-leather-derby-shoes,Bata Leather Derby Shoes,bata,mens-shoes,Formal Shoes,men,"Bata Bata Leather Derby Shoes — formal shoes tracked across 5 stores. We compare live prices, stock and coupons so you always land on the cheapest active listing.",,,shoes; formal-shoes,4.2,198,7131,false,,bata-store,504,592.94,IN STOCK,https://www.bata.com/p/bata-5-leather-derby-shoes
PI-0225,bata-bata-leather-derby-shoes,Bata Leather Derby Shoes,bata,mens-shoes,Formal Shoes,men,"Bata Bata Leather Derby Shoes — formal shoes tracked across 5 stores. We compare live prices, stock and coupons so you always land on the cheapest active listing.",,,shoes; formal-shoes,4.2,198,7131,false,,bata-store,348,632.72,OUT OF STOCK,https://www.bata.com/p/bata-9-leather-derby-shoes
PI-0225,bata-bata-leather-derby-shoes,Bata Leather Derby Shoes,bata,mens-shoes,Formal Shoes,men,"Bata Bata Leather Derby Shoes — formal shoes tracked across 5 stores. We compare live prices, stock and coupons so you always land on the cheapest active listing.",,,shoes; formal-shoes,4.2,198,7131,false,,bata-store,528,1056,OUT OF STOCK,https://www.bata.com/p/bata-13-leather-derby-shoes
PI-0225,bata-bata-leather-derby-shoes,Bata Leather Derby Shoes,bata,mens-shoes,Formal Shoes,men,"Bata Bata Leather Derby Shoes — formal shoes tracked across 5 stores. We compare live prices, stock and coupons so you always land on the cheapest active listing.",,,shoes; formal-shoes,4.2,198,7131,false,,bata-store,510,600,IN STOCK,https://www.bata.com/p/bata-17-leather-derby-shoes
PI-0226,bata-bata-classic-loafers,Bata Classic Loafers,bata,shoes,Sandals,women,"Bata Bata Classic Loafers — sandals tracked across 5 stores. We compare live prices, stock and coupons so you always land on the cheapest active listing.",,,shoes; sandals,3.7,179,3400,false,,bata-store,402,472.94,IN STOCK,https://www.bata.com/p/bata-2-classic-loafers
PI-0226,bata-bata-classic-loafers,Bata Classic Loafers,bata,shoes,Sandals,women,"Bata Bata Classic Loafers — sandals tracked across 5 stores. We compare live prices, stock and coupons so you always land on the cheapest active listing.",,,shoes; sandals,3.7,179,3400,false,,bata-store,288,480,IN STOCK,https://www.bata.com/p/bata-6-classic-loafers
PI-0226,bata-bata-classic-loafers,Bata Classic Loafers,bata,shoes,Sandals,women,"Bata Bata Classic Loafers — sandals tracked across 5 stores. We compare live prices, stock and coupons so you always land on the cheapest active listing.",,,shoes; sandals,3.7,179,3400,false,,bata-store,375,500,IN STOCK,https://www.bata.com/p/bata-10-classic-loafers
PI-0226,bata-bata-classic-loafers,Bata Classic Loafers,bata,shoes,Sandals,women,"Bata Bata Classic Loafers — sandals tracked across 5 stores. We compare live prices, stock and coupons so you always land on the cheapest active listing.",,,shoes; sandals,3.7,179,3400,false,,bata-store,378,472.51,IN STOCK,https://www.bata.com/p/bata-14-classic-loafers
PI-0226,bata-bata-classic-loafers,Bata Classic Loafers,bata,shoes,Sandals,women,"Bata Bata Classic Loafers — sandals tracked across 5 stores. We compare live prices, stock and coupons so you always land on the cheapest active listing.",,,shoes; sandals,3.7,179,3400,false,,bata-store,516,607.06,IN STOCK,https://www.bata.com/p/bata-18-classic-loafers
PI-0227,bata-bata-comfort-fit-sandals,Bata Comfort-Fit Sandals,bata,shoes,Casual Shoes,unisex,"Bata Bata Comfort-Fit Sandals — casual shoes tracked across 5 stores. We compare live prices, stock and coupons so you always land on the cheapest active listing.",,,shoes; casual-shoes,4.6,160,1589,false,,bata-store,600,1090.9,IN STOCK,https://www.bata.com/p/bata-3-comfort-fit-sandals
PI-0227,bata-bata-comfort-fit-sandals,Bata Comfort-Fit Sandals,bata,shoes,Casual Shoes,unisex,"Bata Bata Comfort-Fit Sandals — casual shoes tracked across 5 stores. We compare live prices, stock and coupons so you always land on the cheapest active listing.",,,shoes; casual-shoes,4.6,160,1589,false,,bata-store,582,831.43,IN STOCK,https://www.bata.com/p/bata-7-comfort-fit-sandals
PI-0227,bata-bata-comfort-fit-sandals,Bata Comfort-Fit Sandals,bata,shoes,Casual Shoes,unisex,"Bata Bata Comfort-Fit Sandals — casual shoes tracked across 5 stores. We compare live prices, stock and coupons so you always land on the cheapest active listing.",,,shoes; casual-shoes,4.6,160,1589,false,,bata-store,414,828,OUT OF STOCK,https://www.bata.com/p/bata-11-comfort-fit-sandals
PI-0227,bata-bata-comfort-fit-sandals,Bata Comfort-Fit Sandals,bata,shoes,Casual Shoes,unisex,"Bata Bata Comfort-Fit Sandals — casual shoes tracked across 5 stores. We compare live prices, stock and coupons so you always land on the cheapest active listing.",,,shoes; casual-shoes,4.6,160,1589,false,,bata-store,402,502.49,LOW STOCK,https://www.bata.com/p/bata-15-comfort-fit-sandals
PI-0227,bata-bata-comfort-fit-sandals,Bata Comfort-Fit Sandals,bata,shoes,Casual Shoes,unisex,"Bata Bata Comfort-Fit Sandals — casual shoes tracked across 5 stores. We compare live prices, stock and coupons so you always land on the cheapest active listing.",,,shoes; casual-shoes,4.6,160,1589,false,,bata-store,534,712,IN STOCK,https://www.bata.com/p/bata-19-comfort-fit-sandals
PI-0228,bata-bata-everyday-sneakers,Bata Everyday Sneakers,bata,mens-shoes,School Shoes,men,"Bata Bata Everyday Sneakers — school shoes tracked across 5 stores. We compare live prices, stock and coupons so you always land on the cheapest active listing.",,,shoes; school-shoes,3.7,45,8030,false,,bata-store,528,754.29,IN STOCK,https://www.bata.com/p/bata-4-everyday-sneakers
PI-0228,bata-bata-everyday-sneakers,Bata Everyday Sneakers,bata,mens-shoes,School Shoes,men,"Bata Bata Everyday Sneakers — school shoes tracked across 5 stores. We compare live prices, stock and coupons so you always land on the cheapest active listing.",,,shoes; school-shoes,3.7,45,8030,false,,bata-store,474,861.82,IN STOCK,https://www.bata.com/p/bata-8-everyday-sneakers
PI-0228,bata-bata-everyday-sneakers,Bata Everyday Sneakers,bata,mens-shoes,School Shoes,men,"Bata Bata Everyday Sneakers — school shoes tracked across 5 stores. We compare live prices, stock and coupons so you always land on the cheapest active listing.",,,shoes; school-shoes,3.7,45,8030,false,,bata-store,318,374.12,IN STOCK,https://www.bata.com/p/bata-12-everyday-sneakers
PI-0228,bata-bata-everyday-sneakers,Bata Everyday Sneakers,bata,mens-shoes,School Shoes,men,"Bata Bata Everyday Sneakers — school shoes tracked across 5 stores. We compare live prices, stock and coupons so you always land on the cheapest active listing.",,,shoes; school-shoes,3.7,45,8030,false,,bata-store,474,948,IN STOCK,https://www.bata.com/p/bata-16-everyday-sneakers
PI-0228,bata-bata-everyday-sneakers,Bata Everyday Sneakers,bata,mens-shoes,School Shoes,men,"Bata Bata Everyday Sneakers — school shoes tracked across 5 stores. We compare live prices, stock and coupons so you always land on the cheapest active listing.",,,shoes; school-shoes,3.7,45,8030,false,,bata-store,258,469.1,IN STOCK,https://www.bata.com/p/bata-20-everyday-sneakers
PI-0229,charles-keith-charles-keith-structured-tote-bag,Charles Keith Structured Tote Bag,charles-keith,bags,Handbags,women,"Charles & Keith Charles Keith Structured Tote Bag — handbags tracked across 1 store. We compare live prices, stock and coupons so you always land on the cheapest active listing.",Red,,bags; handbags,4.6,226,185,false,,charles-keith-store,1520,1900,IN STOCK,https://www.charleskeith.com/p/charles-keith-1-structured-tote-bag
PI-0230,charles-keith-charles-keith-compact-crossbody-bag,Charles Keith Compact Crossbody Bag,charles-keith,mens-bags,Crossbody Bags,men,"Charles & Keith Charles Keith Compact Crossbody Bag — crossbody bags tracked across 1 store. We compare live prices, stock and coupons so you always land on the cheapest active listing.",,,bags; crossbody-bags,4,84,1495,false,,charles-keith-store,2280,3258.02,IN STOCK,https://www.charleskeith.com/p/charles-keith-2-compact-crossbody-bag
PI-0231,charles-keith-charles-keith-signature-wallet,Charles Keith Signature Wallet,charles-keith,bags,Totes,unisex,"Charles & Keith Charles Keith Signature Wallet — totes tracked across 1 store. We compare live prices, stock and coupons so you always land on the cheapest active listing.",,,bags; totes,4.5,103,4124,false,,charles-keith-store,2380,2800,IN STOCK,https://www.charleskeith.com/p/charles-keith-3-signature-wallet
PI-0232,charles-keith-charles-keith-pebbled-leather-clutch,Charles Keith Pebbled Leather Clutch,charles-keith,bags,Wallets,women,"Charles & Keith Charles Keith Pebbled Leather Clutch — wallets tracked across 1 store. We compare live prices, stock and coupons so you always land on the cheapest active listing.",,,bags; wallets,3.6,122,497,false,,charles-keith-store,1750,3500,IN STOCK,https://www.charleskeith.com/p/charles-keith-4-pebbled-leather-clutch
PI-0233,charles-keith-charles-keith-structured-shoulder-bag,Charles Keith Structured Shoulder Bag,charles-keith,mens-bags,Handbags,men,"Charles & Keith Charles Keith Structured Shoulder Bag — handbags tracked across 1 store. We compare live prices, stock and coupons so you always land on the cheapest active listing.",Red,,bags; handbags,4.1,141,6682,false,,charles-keith-store,2520,3600,IN STOCK,https://www.charleskeith.com/p/charles-keith-5-structured-shoulder-bag
PI-0234,charles-keith-charles-keith-compact-tote-bag,Charles Keith Compact Tote Bag,charles-keith,bags,Crossbody Bags,unisex,"Charles & Keith Charles Keith Compact Tote Bag — crossbody bags tracked across 1 store. We compare live prices, stock and coupons so you always land on the cheapest active listing.",,,bags; crossbody-bags,3.8,72,5733,false,,charles-keith-store,2029,2900,IN STOCK,https://www.charleskeith.com/p/charles-keith-6-compact-tote-bag
PI-0235,charles-keith-charles-keith-signature-crossbody-bag,Charles Keith Signature Crossbody Bag,charles-keith,bags,Totes,women,"Charles & Keith Charles Keith Signature Crossbody Bag — totes tracked across 1 store. We compare live prices, stock and coupons so you always land on the cheapest active listing.",,,bags; totes,4.7,53,7544,false,,charles-keith-store,2860,4400,IN STOCK,https://www.charleskeith.com/p/charles-keith-7-signature-crossbody-bag
PI-0236,charles-keith-charles-keith-pebbled-leather-wallet,Charles Keith Pebbled Leather Wallet,charles-keith,mens-bags,Wallets,men,"Charles & Keith Charles Keith Pebbled Leather Wallet — wallets tracked across 1 store. We compare live prices, stock and coupons so you always land on the cheapest active listing.",,,bags; wallets,4.2,234,3339,false,,charles-keith-store,1300,2600,LOW STOCK,https://www.charleskeith.com/p/charles-keith-8-pebbled-leather-wallet
PI-0237,charles-keith-charles-keith-structured-clutch,Charles Keith Structured Clutch,charles-keith,bags,Handbags,unisex,"Charles & Keith Charles Keith Structured Clutch — handbags tracked across 1 store. We compare live prices, stock and coupons so you always land on the cheapest active listing.",Red,,bags; handbags,4.9,65,6618,false,,charles-keith-store,1950,3545.46,IN STOCK,https://www.charleskeith.com/p/charles-keith-9-structured-clutch
PI-0238,charles-keith-charles-keith-compact-shoulder-bag,Charles Keith Compact Shoulder Bag,charles-keith,bags,Crossbody Bags,women,"Charles & Keith Charles Keith Compact Shoulder Bag — crossbody bags tracked across 1 store. We compare live prices, stock and coupons so you always land on the cheapest active listing.",,,bags; crossbody-bags,3.8,236,2511,false,,charles-keith-store,1595,2900,LOW STOCK,https://www.charleskeith.com/p/charles-keith-10-compact-shoulder-bag
PI-0239,charles-keith-charles-keith-signature-tote-bag,Charles Keith Signature Tote Bag,charles-keith,mens-bags,Totes,men,"Charles & Keith Charles Keith Signature Tote Bag — totes tracked across 1 store. We compare live prices, stock and coupons so you always land on the cheapest active listing.",,,bags; totes,4.3,55,3084,false,,charles-keith-store,1450,2900,IN STOCK,https://www.charleskeith.com/p/charles-keith-11-signature-tote-bag
PI-0240,charles-keith-charles-keith-pebbled-leather-crossbody-bag,Charles Keith Pebbled Leather Crossbody Bag,charles-keith,bags,Wallets,unisex,"Charles & Keith Charles Keith Pebbled Leather Crossbody Bag — wallets tracked across 1 store. We compare live prices, stock and coupons so you always land on the cheapest active listing.",,,bags; wallets,4.5,205,7144,false,,charles-keith-store,2090,3800,IN STOCK,https://www.charleskeith.com/p/charles-keith-12-pebbled-leather-crossbody-bag
PI-0241,charles-keith-charles-keith-structured-wallet,Charles Keith Structured Wallet,charles-keith,bags,Handbags,women,"Charles & Keith Charles Keith Structured Wallet — handbags tracked across 1 store. We compare live prices, stock and coupons so you always land on the cheapest active listing.",Red,,bags; handbags,3.6,224,3355,false,,charles-keith-store,2940,4200,IN STOCK,https://www.charleskeith.com/p/charles-keith-13-structured-wallet
PI-0242,charles-keith-charles-keith-compact-clutch,Charles Keith Compact Clutch,charles-keith,mens-bags,Crossbody Bags,men,"Charles & Keith Charles Keith Compact Clutch — crossbody bags tracked across 1 store. We compare live prices, stock and coupons so you always land on the cheapest active listing.",,,bags; crossbody-bags,4.9,167,7146,false,,charles-keith-store,2720,3400,IN STOCK,https://www.charleskeith.com/p/charles-keith-14-compact-clutch
PI-0243,charles-keith-charles-keith-signature-shoulder-bag,Charles Keith Signature Shoulder Bag,charles-keith,bags,Totes,unisex,"Charles & Keith Charles Keith Signature Shoulder Bag — totes tracked across 1 store. We compare live prices, stock and coupons so you always land on the cheapest active listing.",,,bags; totes,4,186,2875,false,,charles-keith-store,2430,3471.43,IN STOCK,https://www.charleskeith.com/p/charles-keith-15-signature-shoulder-bag
PI-0244,charles-keith-charles-keith-pebbled-leather-tote-bag,Charles Keith Pebbled Leather Tote Bag,charles-keith,bags,Wallets,women,"Charles & Keith Charles Keith Pebbled Leather Tote Bag — wallets tracked across 1 store. We compare live prices, stock and coupons so you always land on the cheapest active listing.",,,bags; wallets,3.9,129,2124,false,,charles-keith-store,2070,2957.14,IN STOCK,https://www.charleskeith.com/p/charles-keith-16-pebbled-leather-tote-bag
PI-0245,charles-keith-charles-keith-structured-crossbody-bag,Charles Keith Structured Crossbody Bag,charles-keith,mens-bags,Handbags,men,"Charles & Keith Charles Keith Structured Crossbody Bag — handbags tracked across 1 store. We compare live prices, stock and coupons so you always land on the cheapest active listing.",Red,,bags; handbags,4.4,148,4617,false,,charles-keith-store,1820,2800,IN STOCK,https://www.charleskeith.com/p/charles-keith-17-structured-crossbody-bag
PI-0246,charles-keith-charles-keith-compact-wallet,Charles Keith Compact Wallet,charles-keith,bags,Crossbody Bags,unisex,"Charles & Keith Charles Keith Compact Wallet — crossbody bags tracked across 1 store. We compare live prices, stock and coupons so you always land on the cheapest active listing.",,,bags; crossbody-bags,4.3,189,3174,false,,charles-keith-store,2720,3400,OUT OF STOCK,https://www.charleskeith.com/p/charles-keith-18-compact-wallet
PI-0247,charles-keith-charles-keith-signature-clutch,Charles Keith Signature Clutch,charles-keith,bags,Totes,women,"Charles & Keith Charles Keith Signature Clutch — totes tracked across 1 store. We compare live prices, stock and coupons so you always land on the cheapest active listing.",,,bags; totes,3.8,170,4353,false,,charles-keith-store,1290,1720,LOW STOCK,https://www.charleskeith.com/p/charles-keith-19-signature-clutch
PI-0248,charles-keith-charles-keith-pebbled-leather-shoulder-bag,Charles Keith Pebbled Leather Shoulder Bag,charles-keith,mens-bags,Wallets,men,"Charles & Keith Charles Keith Pebbled Leather Shoulder Bag — wallets tracked across 1 store. We compare live prices, stock and coupons so you always land on the cheapest active listing.",,,bags; wallets,3.9,227,5200,false,,charles-keith-store,2750,5000,LOW STOCK,https://www.charleskeith.com/p/charles-keith-20-pebbled-leather-shoulder-bag
PI-0289,decathlon-decathlon-compact-resistance-bands,Decathlon Compact Resistance Bands,decathlon,fitness,Fitness Equipment,unisex,"Decathlon Decathlon Compact Resistance Bands — fitness equipment tracked across 5 stores. We compare live prices, stock and coupons so you always land on the cheapest active listing.",Tan,,fitness; fitness-equipment,4.2,212,3521,false,,decathlon,183,228.75,OUT OF STOCK,https://www.decathlon.com/p/decathlon-1-compact-resistance-bands
PI-0289,decathlon-decathlon-compact-resistance-bands,Decathlon Compact Resistance Bands,decathlon,fitness,Fitness Equipment,unisex,"Decathlon Decathlon Compact Resistance Bands — fitness equipment tracked across 5 stores. We compare live prices, stock and coupons so you always land on the cheapest active listing.",Tan,,fitness; fitness-equipment,4.2,212,3521,false,,decathlon,246,447.28,IN STOCK,https://www.decathlon.com/p/decathlon-5-compact-resistance-bands
PI-0289,decathlon-decathlon-compact-resistance-bands,Decathlon Compact Resistance Bands,decathlon,fitness,Fitness Equipment,unisex,"Decathlon Decathlon Compact Resistance Bands — fitness equipment tracked across 5 stores. We compare live prices, stock and coupons so you always land on the cheapest active listing.",Tan,,fitness; fitness-equipment,4.2,212,3521,false,,decathlon,144,240,IN STOCK,https://www.decathlon.com/p/decathlon-9-compact-resistance-bands
PI-0289,decathlon-decathlon-compact-resistance-bands,Decathlon Compact Resistance Bands,decathlon,fitness,Fitness Equipment,unisex,"Decathlon Decathlon Compact Resistance Bands — fitness equipment tracked across 5 stores. We compare live prices, stock and coupons so you always land on the cheapest active listing.",Tan,,fitness; fitness-equipment,4.2,212,3521,false,,decathlon,261,401.54,OUT OF STOCK,https://www.decathlon.com/p/decathlon-13-compact-resistance-bands
PI-0289,decathlon-decathlon-compact-resistance-bands,Decathlon Compact Resistance Bands,decathlon,fitness,Fitness Equipment,unisex,"Decathlon Decathlon Compact Resistance Bands — fitness equipment tracked across 5 stores. We compare live prices, stock and coupons so you always land on the cheapest active listing.",Tan,,fitness; fitness-equipment,4.2,212,3521,false,,decathlon,261,372.86,LOW STOCK,https://www.decathlon.com/p/decathlon-17-compact-resistance-bands
PI-0290,decathlon-decathlon-adjustable-yoga-mat,Decathlon Adjustable Yoga Mat,decathlon,fitness,Activewear,unisex,"Decathlon Decathlon Adjustable Yoga Mat — activewear tracked across 5 stores. We compare live prices, stock and coupons so you always land on the cheapest active listing.",,,fitness; activewear,3.6,210,2645,false,,decathlon,147,183.75,IN STOCK,https://www.decathlon.com/p/decathlon-2-adjustable-yoga-mat
PI-0290,decathlon-decathlon-adjustable-yoga-mat,Decathlon Adjustable Yoga Mat,decathlon,fitness,Activewear,unisex,"Decathlon Decathlon Adjustable Yoga Mat — activewear tracked across 5 stores. We compare live prices, stock and coupons so you always land on the cheapest active listing.",,,fitness; activewear,3.6,210,2645,false,,decathlon,174,248.57,IN STOCK,https://www.decathlon.com/p/decathlon-6-adjustable-yoga-mat
PI-0290,decathlon-decathlon-adjustable-yoga-mat,Decathlon Adjustable Yoga Mat,decathlon,fitness,Activewear,unisex,"Decathlon Decathlon Adjustable Yoga Mat — activewear tracked across 5 stores. We compare live prices, stock and coupons so you always land on the cheapest active listing.",,,fitness; activewear,3.6,210,2645,false,,decathlon,144,205.71,IN STOCK,https://www.decathlon.com/p/decathlon-10-adjustable-yoga-mat
PI-0290,decathlon-decathlon-adjustable-yoga-mat,Decathlon Adjustable Yoga Mat,decathlon,fitness,Activewear,unisex,"Decathlon Decathlon Adjustable Yoga Mat — activewear tracked across 5 stores. We compare live prices, stock and coupons so you always land on the cheapest active listing.",,,fitness; activewear,3.6,210,2645,false,,decathlon,252,360.1,IN STOCK,https://www.decathlon.com/p/decathlon-14-adjustable-yoga-mat
PI-0290,decathlon-decathlon-adjustable-yoga-mat,Decathlon Adjustable Yoga Mat,decathlon,fitness,Activewear,unisex,"Decathlon Decathlon Adjustable Yoga Mat — activewear tracked across 5 stores. We compare live prices, stock and coupons so you always land on the cheapest active listing.",,,fitness; activewear,3.6,210,2645,false,,decathlon,216,360,IN STOCK,https://www.decathlon.com/p/decathlon-18-adjustable-yoga-mat
PI-0291,decathlon-decathlon-everyday-training-shoes,Decathlon Everyday Training Shoes,decathlon,fitness,Footwear,unisex,"Decathlon Decathlon Everyday Training Shoes — footwear tracked across 5 stores. We compare live prices, stock and coupons so you always land on the cheapest active listing.",,,fitness; footwear,4.5,191,2342,false,,decathlon,264,528,OUT OF STOCK,https://www.decathlon.com/p/decathlon-3-everyday-training-shoes
PI-0291,decathlon-decathlon-everyday-training-shoes,Decathlon Everyday Training Shoes,decathlon,fitness,Footwear,unisex,"Decathlon Decathlon Everyday Training Shoes — footwear tracked across 5 stores. We compare live prices, stock and coupons so you always land on the cheapest active listing.",,,fitness; footwear,4.5,191,2342,false,,decathlon,156,195,IN STOCK,https://www.decathlon.com/p/decathlon-7-everyday-training-shoes
PI-0291,decathlon-decathlon-everyday-training-shoes,Decathlon Everyday Training Shoes,decathlon,fitness,Footwear,unisex,"Decathlon Decathlon Everyday Training Shoes — footwear tracked across 5 stores. We compare live prices, stock and coupons so you always land on the cheapest active listing.",,,fitness; footwear,4.5,191,2342,false,,decathlon,183,261.43,IN STOCK,https://www.decathlon.com/p/decathlon-11-everyday-training-shoes
PI-0291,decathlon-decathlon-everyday-training-shoes,Decathlon Everyday Training Shoes,decathlon,fitness,Footwear,unisex,"Decathlon Decathlon Everyday Training Shoes — footwear tracked across 5 stores. We compare live prices, stock and coupons so you always land on the cheapest active listing.",,,fitness; footwear,4.5,191,2342,false,,decathlon,135,270,OUT OF STOCK,https://www.decathlon.com/p/decathlon-15-everyday-training-shoes
PI-0291,decathlon-decathlon-everyday-training-shoes,Decathlon Everyday Training Shoes,decathlon,fitness,Footwear,unisex,"Decathlon Decathlon Everyday Training Shoes — footwear tracked across 5 stores. We compare live prices, stock and coupons so you always land on the cheapest active listing.",,,fitness; footwear,4.5,191,2342,false,,decathlon,180,257.14,IN STOCK,https://www.decathlon.com/p/decathlon-19-everyday-training-shoes
PI-0292,decathlon-decathlon-performance-water-bottle,Decathlon Performance Water Bottle,decathlon,fitness,Fitness Equipment,unisex,"Decathlon Decathlon Performance Water Bottle — fitness equipment tracked across 5 stores. We compare live prices, stock and coupons so you always land on the cheapest active listing.",,,fitness; fitness-equipment,4.6,48,187,false,,decathlon,201,402,IN STOCK,https://www.decathlon.com/p/decathlon-4-performance-water-bottle
PI-0292,decathlon-decathlon-performance-water-bottle,Decathlon Performance Water Bottle,decathlon,fitness,Fitness Equipment,unisex,"Decathlon Decathlon Performance Water Bottle — fitness equipment tracked across 5 stores. We compare live prices, stock and coupons so you always land on the cheapest active listing.",,,fitness; fitness-equipment,4.6,48,187,false,,decathlon,186,286.16,IN STOCK,https://www.decathlon.com/p/decathlon-8-performance-water-bottle
PI-0292,decathlon-decathlon-performance-water-bottle,Decathlon Performance Water Bottle,decathlon,fitness,Fitness Equipment,unisex,"Decathlon Decathlon Performance Water Bottle — fitness equipment tracked across 5 stores. We compare live prices, stock and coupons so you always land on the cheapest active listing.",,,fitness; fitness-equipment,4.6,48,187,false,,decathlon,126,180,IN STOCK,https://www.decathlon.com/p/decathlon-12-performance-water-bottle
PI-0292,decathlon-decathlon-performance-water-bottle,Decathlon Performance Water Bottle,decathlon,fitness,Fitness Equipment,unisex,"Decathlon Decathlon Performance Water Bottle — fitness equipment tracked across 5 stores. We compare live prices, stock and coupons so you always land on the cheapest active listing.",,,fitness; fitness-equipment,4.6,48,187,false,,decathlon,132,155.29,IN STOCK,https://www.decathlon.com/p/decathlon-16-performance-water-bottle
PI-0292,decathlon-decathlon-performance-water-bottle,Decathlon Performance Water Bottle,decathlon,fitness,Fitness Equipment,unisex,"Decathlon Decathlon Performance Water Bottle — fitness equipment tracked across 5 stores. We compare live prices, stock and coupons so you always land on the cheapest active listing.",,,fitness; fitness-equipment,4.6,48,187,false,,decathlon,234,334.47,LOW STOCK,https://www.decathlon.com/p/decathlon-20-performance-water-bottle
PI-0293,expedia-expedia-hardshell-suitcase,Expedia Hardshell Suitcase,expedia,lifestyle-accessories,Check-In Luggage,unisex,"Expedia Expedia Hardshell Suitcase — check-in luggage tracked across 4 stores. We compare live prices, stock and coupons so you always land on the cheapest active listing.",,,travel; check-in-luggage,4.1,229,6376,false,,expedia-store,744,992,IN STOCK,https://www.expedia.com/p/expedia-1-hardshell-suitcase
PI-0293,expedia-expedia-hardshell-suitcase,Expedia Hardshell Suitcase,expedia,lifestyle-accessories,Check-In Luggage,unisex,"Expedia Expedia Hardshell Suitcase — check-in luggage tracked across 4 stores. We compare live prices, stock and coupons so you always land on the cheapest active listing.",,,travel; check-in-luggage,4.1,229,6376,false,,expedia-store,592,696.47,LOW STOCK,https://www.expedia.com/p/expedia-6-hardshell-suitcase
PI-0293,expedia-expedia-hardshell-suitcase,Expedia Hardshell Suitcase,expedia,lifestyle-accessories,Check-In Luggage,unisex,"Expedia Expedia Hardshell Suitcase — check-in luggage tracked across 4 stores. We compare live prices, stock and coupons so you always land on the cheapest active listing.",,,travel; check-in-luggage,4.1,229,6376,false,,expedia-store,672,840,IN STOCK,https://www.expedia.com/p/expedia-11-hardshell-suitcase
PI-0293,expedia-expedia-hardshell-suitcase,Expedia Hardshell Suitcase,expedia,lifestyle-accessories,Check-In Luggage,unisex,"Expedia Expedia Hardshell Suitcase — check-in luggage tracked across 4 stores. We compare live prices, stock and coupons so you always land on the cheapest active listing.",,,travel; check-in-luggage,4.1,229,6376,false,,expedia-store,784,1120,IN STOCK,https://www.expedia.com/p/expedia-16-hardshell-suitcase
PI-0294,expedia-expedia-lightweight-spinner-case,Expedia Lightweight Spinner Case,expedia,lifestyle-accessories,Cabin Luggage,unisex,"Expedia Expedia Lightweight Spinner Case — cabin luggage tracked across 4 stores. We compare live prices, stock and coupons so you always land on the cheapest active listing.",,,travel; cabin-luggage,4.2,146,6927,false,,expedia-store,784,922.35,IN STOCK,https://www.expedia.com/p/expedia-2-lightweight-spinner-case
PI-0294,expedia-expedia-lightweight-spinner-case,Expedia Lightweight Spinner Case,expedia,lifestyle-accessories,Cabin Luggage,unisex,"Expedia Expedia Lightweight Spinner Case — cabin luggage tracked across 4 stores. We compare live prices, stock and coupons so you always land on the cheapest active listing.",,,travel; cabin-luggage,4.2,146,6927,false,,expedia-store,728,1213.34,IN STOCK,https://www.expedia.com/p/expedia-7-lightweight-spinner-case
PI-0294,expedia-expedia-lightweight-spinner-case,Expedia Lightweight Spinner Case,expedia,lifestyle-accessories,Cabin Luggage,unisex,"Expedia Expedia Lightweight Spinner Case — cabin luggage tracked across 4 stores. We compare live prices, stock and coupons so you always land on the cheapest active listing.",,,travel; cabin-luggage,4.2,146,6927,false,,expedia-store,512,787.69,IN STOCK,https://www.expedia.com/p/expedia-12-lightweight-spinner-case
PI-0294,expedia-expedia-lightweight-spinner-case,Expedia Lightweight Spinner Case,expedia,lifestyle-accessories,Cabin Luggage,unisex,"Expedia Expedia Lightweight Spinner Case — cabin luggage tracked across 4 stores. We compare live prices, stock and coupons so you always land on the cheapest active listing.",,,travel; cabin-luggage,4.2,146,6927,false,,expedia-store,440,628.57,LOW STOCK,https://www.expedia.com/p/expedia-17-lightweight-spinner-case
PI-0295,expedia-expedia-expandable-duffel-bag,Expedia Expandable Duffel Bag,expedia,lifestyle-accessories,Travel Packages,unisex,"Expedia Expedia Expandable Duffel Bag — travel packages tracked across 4 stores. We compare live prices, stock and coupons so you always land on the cheapest active listing.",,,travel; travel-packages,4.7,165,1834,false,,expedia-store,616,1026.66,IN STOCK,https://www.expedia.com/p/expedia-3-expandable-duffel-bag
PI-0295,expedia-expedia-expandable-duffel-bag,Expedia Expandable Duffel Bag,expedia,lifestyle-accessories,Travel Packages,unisex,"Expedia Expedia Expandable Duffel Bag — travel packages tracked across 4 stores. We compare live prices, stock and coupons so you always land on the cheapest active listing.",,,travel; travel-packages,4.7,165,1834,false,,expedia-store,552,690,IN STOCK,https://www.expedia.com/p/expedia-8-expandable-duffel-bag
PI-0295,expedia-expedia-expandable-duffel-bag,Expedia Expandable Duffel Bag,expedia,lifestyle-accessories,Travel Packages,unisex,"Expedia Expedia Expandable Duffel Bag — travel packages tracked across 4 stores. We compare live prices, stock and coupons so you always land on the cheapest active listing.",,,travel; travel-packages,4.7,165,1834,false,,expedia-store,760,1169.23,IN STOCK,https://www.expedia.com/p/expedia-13-expandable-duffel-bag
PI-0295,expedia-expedia-expandable-duffel-bag,Expedia Expandable Duffel Bag,expedia,lifestyle-accessories,Travel Packages,unisex,"Expedia Expedia Expandable Duffel Bag — travel packages tracked across 4 stores. We compare live prices, stock and coupons so you always land on the cheapest active listing.",,,travel; travel-packages,4.7,165,1834,false,,expedia-store,560,746.66,IN STOCK,https://www.expedia.com/p/expedia-18-expandable-duffel-bag
PI-0296,expedia-expedia-all-inclusive-getaway-package,Expedia All-Inclusive Getaway Package,expedia,lifestyle-accessories,Backpacks,unisex,"Expedia Expedia All-Inclusive Getaway Package — backpacks tracked across 4 stores. We compare live prices, stock and coupons so you always land on the cheapest active listing.",,,travel; backpacks,4,172,361,false,,expedia-store,408,680,IN STOCK,https://www.expedia.com/p/expedia-4-all-inclusive-getaway-package
PI-0296,expedia-expedia-all-inclusive-getaway-package,Expedia All-Inclusive Getaway Package,expedia,lifestyle-accessories,Backpacks,unisex,"Expedia Expedia All-Inclusive Getaway Package — backpacks tracked across 4 stores. We compare live prices, stock and coupons so you always land on the cheapest active listing.",,,travel; backpacks,4,172,361,false,,expedia-store,536,1072,IN STOCK,https://www.expedia.com/p/expedia-9-all-inclusive-getaway-package
PI-0296,expedia-expedia-all-inclusive-getaway-package,Expedia All-Inclusive Getaway Package,expedia,lifestyle-accessories,Backpacks,unisex,"Expedia Expedia All-Inclusive Getaway Package — backpacks tracked across 4 stores. We compare live prices, stock and coupons so you always land on the cheapest active listing.",,,travel; backpacks,4,172,361,false,,expedia-store,416,640,IN STOCK,https://www.expedia.com/p/expedia-14-all-inclusive-getaway-package
PI-0296,expedia-expedia-all-inclusive-getaway-package,Expedia All-Inclusive Getaway Package,expedia,lifestyle-accessories,Backpacks,unisex,"Expedia Expedia All-Inclusive Getaway Package — backpacks tracked across 4 stores. We compare live prices, stock and coupons so you always land on the cheapest active listing.",,,travel; backpacks,4,172,361,false,,expedia-store,664,1207.28,IN STOCK,https://www.expedia.com/p/expedia-19-all-inclusive-getaway-package
PI-0297,expedia-expedia-3-night-hotel-booking,Expedia 3-Night Hotel Booking,expedia,lifestyle-accessories,Check-In Luggage,unisex,"Expedia Expedia 3-Night Hotel Booking — check-in luggage tracked across 4 stores. We compare live prices, stock and coupons so you always land on the cheapest active listing.",,,travel; check-in-luggage,3.7,127,7620,false,,expedia-store,672,1033.84,IN STOCK,https://www.expedia.com/p/expedia-5-3-night-hotel-booking
PI-0297,expedia-expedia-3-night-hotel-booking,Expedia 3-Night Hotel Booking,expedia,lifestyle-accessories,Check-In Luggage,unisex,"Expedia Expedia 3-Night Hotel Booking — check-in luggage tracked across 4 stores. We compare live prices, stock and coupons so you always land on the cheapest active listing.",,,travel; check-in-luggage,3.7,127,7620,false,,expedia-store,600,1090.9,IN STOCK,https://www.expedia.com/p/expedia-10-3-night-hotel-booking
PI-0297,expedia-expedia-3-night-hotel-booking,Expedia 3-Night Hotel Booking,expedia,lifestyle-accessories,Check-In Luggage,unisex,"Expedia Expedia 3-Night Hotel Booking — check-in luggage tracked across 4 stores. We compare live prices, stock and coupons so you always land on the cheapest active listing.",,,travel; check-in-luggage,3.7,127,7620,false,,expedia-store,424,770.9,IN STOCK,https://www.expedia.com/p/expedia-15-3-night-hotel-booking
PI-0297,expedia-expedia-3-night-hotel-booking,Expedia 3-Night Hotel Booking,expedia,lifestyle-accessories,Check-In Luggage,unisex,"Expedia Expedia 3-Night Hotel Booking — check-in luggage tracked across 4 stores. We compare live prices, stock and coupons so you always land on the cheapest active listing.",,,travel; check-in-luggage,3.7,127,7620,false,,expedia-store,592,1184,IN STOCK,https://www.expedia.com/p/expedia-20-3-night-hotel-booking
PI-0482,under-armour-under-armour-seamless-leggings,Under Armour Seamless Leggings,under-armour,mens-sportswear,Activewear,men,"Under Armour Under Armour Seamless Leggings — activewear tracked across 1 store. We compare live prices, stock and coupons so you always land on the cheapest active listing.",,,mens-sportswear; activewear,4.1,131,6888,true,,under-armour-store,273,455,IN STOCK,https://www.underarmour.com/p/under-armour-1-seamless-leggings
PI-0483,under-armour-under-armour-performance-joggers,Under Armour Performance Joggers,under-armour,sportswear,Leggings,women,"Under Armour Under Armour Performance Joggers — leggings tracked across 1 store. We compare live prices, stock and coupons so you always land on the cheapest active listing.",,,mens-sportswear; leggings,3.6,112,699,true,,under-armour-store,168,197.65,IN STOCK,https://www.underarmour.com/p/under-armour-2-performance-joggers
PI-0484,under-armour-under-armour-lightweight-training-tee,Under Armour Lightweight Training Tee,under-armour,sportswear,Training Tops,unisex,"Under Armour Under Armour Lightweight Training Tee — training tops tracked across 1 store. We compare live prices, stock and coupons so you always land on the cheapest active listing.",,,mens-sportswear; training-tops,4.3,45,6918,false,,under-armour-store,138,212.31,IN STOCK,https://www.underarmour.com/p/under-armour-3-lightweight-training-tee
PI-0485,under-armour-under-armour-breathable-sports-bra,Under Armour Breathable Sports Bra,under-armour,mens-sportswear,Joggers,men,"Under Armour Under Armour Breathable Sports Bra — joggers tracked across 1 store. We compare live prices, stock and coupons so you always land on the cheapest active listing.",,,mens-sportswear; joggers,3.8,226,6415,false,,under-armour-store,258,344,LOW STOCK,https://www.underarmour.com/p/under-armour-4-breathable-sports-bra
PI-0486,under-armour-under-armour-seamless-track-jacket,Under Armour Seamless Track Jacket,under-armour,sportswear,Sports Bras,women,"Under Armour Under Armour Seamless Track Jacket — sports bras tracked across 1 store. We compare live prices, stock and coupons so you always land on the cheapest active listing.",,,mens-sportswear; sports-bras,4.7,207,7404,false,,under-armour-store,213,426,IN STOCK,https://www.underarmour.com/p/under-armour-5-seamless-track-jacket
PI-0487,under-armour-under-armour-performance-leggings,Under Armour Performance Leggings,under-armour,sportswear,Activewear,unisex,"Under Armour Under Armour Performance Leggings — activewear tracked across 1 store. We compare live prices, stock and coupons so you always land on the cheapest active listing.",,,mens-sportswear; activewear,4.2,188,391,false,,under-armour-store,129,184.29,LOW STOCK,https://www.underarmour.com/p/under-armour-6-performance-leggings
PI-0488,under-armour-under-armour-lightweight-joggers,Under Armour Lightweight Joggers,under-armour,mens-sportswear,Leggings,men,"Under Armour Under Armour Lightweight Joggers — leggings tracked across 1 store. We compare live prices, stock and coupons so you always land on the cheapest active listing.",,,mens-sportswear; leggings,4.9,121,3790,false,,under-armour-store,132,176,IN STOCK,https://www.underarmour.com/p/under-armour-7-lightweight-joggers
PI-0489,under-armour-under-armour-breathable-training-tee,Under Armour Breathable Training Tee,under-armour,sportswear,Training Tops,women,"Under Armour Under Armour Breathable Training Tee — training tops tracked across 1 store. We compare live prices, stock and coupons so you always land on the cheapest active listing.",,,mens-sportswear; training-tops,4.4,102,6275,false,,under-armour-store,162,202.51,IN STOCK,https://www.underarmour.com/p/under-armour-8-breathable-training-tee
PI-0490,under-armour-under-armour-seamless-sports-bra,Under Armour Seamless Sports Bra,under-armour,sportswear,Joggers,unisex,"Under Armour Under Armour Seamless Sports Bra — joggers tracked across 1 store. We compare live prices, stock and coupons so you always land on the cheapest active listing.",,,mens-sportswear; joggers,3.8,160,4555,false,,under-armour-store,288,443.07,IN STOCK,https://www.underarmour.com/p/under-armour-9-seamless-sports-bra
PI-0491,under-armour-under-armour-performance-track-jacket,Under Armour Performance Track Jacket,under-armour,mens-sportswear,Sports Bras,men,"Under Armour Under Armour Performance Track Jacket — sports bras tracked across 1 store. We compare live prices, stock and coupons so you always land on the cheapest active listing.",,,mens-sportswear; sports-bras,4.3,179,2744,false,,under-armour-store,267,381.43,IN STOCK,https://www.underarmour.com/p/under-armour-10-performance-track-jacket
PI-0492,under-armour-under-armour-lightweight-leggings,Under Armour Lightweight Leggings,under-armour,sportswear,Activewear,women,"Under Armour Under Armour Lightweight Leggings — activewear tracked across 1 store. We compare live prices, stock and coupons so you always land on the cheapest active listing.",,,mens-sportswear; activewear,4.8,198,587,false,,under-armour-store,273,546,IN STOCK,https://www.underarmour.com/p/under-armour-11-lightweight-leggings
PI-0493,under-armour-under-armour-breathable-joggers,Under Armour Breathable Joggers,under-armour,sportswear,Leggings,unisex,"Under Armour Under Armour Breathable Joggers — leggings tracked across 1 store. We compare live prices, stock and coupons so you always land on the cheapest active listing.",,,mens-sportswear; leggings,3.9,217,6870,false,,under-armour-store,165,206.25,IN STOCK,https://www.underarmour.com/p/under-armour-12-breathable-joggers
PI-0494,under-armour-under-armour-seamless-training-tee,Under Armour Seamless Training Tee,under-armour,mens-sportswear,Training Tops,men,"Under Armour Under Armour Seamless Training Tee — training tops tracked across 1 store. We compare live prices, stock and coupons so you always land on the cheapest active listing.",,,mens-sportswear; training-tops,4.4,236,4247,false,,under-armour-store,279,372,IN STOCK,https://www.underarmour.com/p/under-armour-13-seamless-training-tee
PI-0495,under-armour-under-armour-performance-sports-bra,Under Armour Performance Sports Bra,under-armour,sportswear,Joggers,women,"Under Armour Under Armour Performance Sports Bra — joggers tracked across 1 store. We compare live prices, stock and coupons so you always land on the cheapest active listing.",,,mens-sportswear; joggers,4.9,55,6164,false,,under-armour-store,270,317.65,IN STOCK,https://www.underarmour.com/p/under-armour-14-performance-sports-bra
PI-0496,under-armour-under-armour-lightweight-track-jacket,Under Armour Lightweight Track Jacket,under-armour,sportswear,Sports Bras,unisex,"Under Armour Under Armour Lightweight Track Jacket — sports bras tracked across 1 store. We compare live prices, stock and coupons so you always land on the cheapest active listing.",,,mens-sportswear; sports-bras,4,74,3249,false,,under-armour-store,300,400,IN STOCK,https://www.underarmour.com/p/under-armour-15-lightweight-track-jacket
PI-0497,under-armour-under-armour-breathable-leggings,Under Armour Breathable Leggings,under-armour,mens-sportswear,Activewear,men,"Under Armour Under Armour Breathable Leggings — activewear tracked across 1 store. We compare live prices, stock and coupons so you always land on the cheapest active listing.",,,mens-sportswear; activewear,4.5,93,3606,false,,under-armour-store,243,486,IN STOCK,https://www.underarmour.com/p/under-armour-16-breathable-leggings
PI-0498,under-armour-under-armour-seamless-joggers,Under Armour Seamless Joggers,under-armour,sportswear,Leggings,women,"Under Armour Under Armour Seamless Joggers — leggings tracked across 1 store. We compare live prices, stock and coupons so you always land on the cheapest active listing.",,,mens-sportswear; leggings,3.6,112,6701,false,,under-armour-store,165,194.12,IN STOCK,https://www.underarmour.com/p/under-armour-17-seamless-joggers
PI-0499,under-armour-under-armour-performance-training-tee,Under Armour Performance Training Tee,under-armour,sportswear,Training Tops,unisex,"Under Armour Under Armour Performance Training Tee — training tops tracked across 1 store. We compare live prices, stock and coupons so you always land on the cheapest active listing.",,,mens-sportswear; training-tops,4.1,131,1552,false,,under-armour-store,165,330,IN STOCK,https://www.underarmour.com/p/under-armour-18-performance-training-tee
PI-0500,under-armour-under-armour-lightweight-sports-bra,Under Armour Lightweight Sports Bra,under-armour,mens-sportswear,Joggers,men,"Under Armour Under Armour Lightweight Sports Bra — joggers tracked across 1 store. We compare live prices, stock and coupons so you always land on the cheapest active listing.",,,mens-sportswear; joggers,4.8,138,3525,false,,under-armour-store,243,373.84,LOW STOCK,https://www.underarmour.com/p/under-armour-19-lightweight-sports-bra
PI-0501,under-armour-under-armour-breathable-track-jacket,Under Armour Breathable Track Jacket,under-armour,sportswear,Sports Bras,women,"Under Armour Under Armour Breathable Track Jacket — sports bras tracked across 1 store. We compare live prices, stock and coupons so you always land on the cheapest active listing.",,,mens-sportswear; sports-bras,4.3,119,4538,false,,under-armour-store,156,283.64,IN STOCK,https://www.underarmour.com/p/under-armour-20-breathable-track-jacket
PI-0786,fossil-fossil-classic-watch,Fossil Classic Watch,fossil,mens-watches,Watches,men,"Fossil Fossil Classic Watch — watches tracked across 2 stores. We compare live prices, stock and coupons so you always land on the cheapest active listing.",,,watches; watches,4.2,102,4649,false,,fossil-store,1375,1964.29,IN STOCK,https://www.fossil.com/p/fossil-1-classic-watch
PI-0786,fossil-fossil-classic-watch,Fossil Classic Watch,fossil,mens-watches,Watches,men,"Fossil Fossil Classic Watch — watches tracked across 2 stores. We compare live prices, stock and coupons so you always land on the cheapest active listing.",,,watches; watches,4.2,102,4649,false,,fossil-store,2175,2718.75,IN STOCK,https://www.fossil.com/p/fossil-13-classic-watch
PI-0787,fossil-fossil-minimalist-chronograph-watch,Fossil Minimalist Chronograph Watch,fossil,watches,Smartwatches,women,"Fossil Fossil Minimalist Chronograph Watch — smartwatches tracked across 2 stores. We compare live prices, stock and coupons so you always land on the cheapest active listing.",,,watches; smartwatches,3.7,83,7970,false,,fossil-store,1425,2035.71,IN STOCK,https://www.fossil.com/p/fossil-2-minimalist-chronograph-watch
PI-0787,fossil-fossil-minimalist-chronograph-watch,Fossil Minimalist Chronograph Watch,fossil,watches,Smartwatches,women,"Fossil Fossil Minimalist Chronograph Watch — smartwatches tracked across 2 stores. We compare live prices, stock and coupons so you always land on the cheapest active listing.",,,watches; smartwatches,3.7,83,7970,false,,fossil-store,1400,2153.84,IN STOCK,https://www.fossil.com/p/fossil-14-minimalist-chronograph-watch
PI-0788,fossil-fossil-chronograph-leather-strap-watch,Fossil Chronograph Leather Strap Watch,fossil,watches,Watches,unisex,"Fossil Fossil Chronograph Leather Strap Watch — watches tracked across 2 stores. We compare live prices, stock and coupons so you always land on the cheapest active listing.",,,watches; watches,4.2,168,3589,false,,fossil-store,1025,1464.29,IN STOCK,https://www.fossil.com/p/fossil-3-chronograph-leather-strap-watch
PI-0788,fossil-fossil-chronograph-leather-strap-watch,Fossil Chronograph Leather Strap Watch,fossil,watches,Watches,unisex,"Fossil Fossil Chronograph Leather Strap Watch — watches tracked across 2 stores. We compare live prices, stock and coupons so you always land on the cheapest active listing.",,,watches; watches,4.2,168,3589,false,,fossil-store,1325,1656.25,IN STOCK,https://www.fossil.com/p/fossil-15-chronograph-leather-strap-watch
PI-0789,fossil-fossil-stainless-steel-watch,Fossil Stainless Steel Watch,fossil,mens-watches,Smartwatches,men,"Fossil Fossil Stainless Steel Watch — smartwatches tracked across 2 stores. We compare live prices, stock and coupons so you always land on the cheapest active listing.",,,watches; smartwatches,3.7,149,5208,false,,fossil-store,1425,1900,LOW STOCK,https://www.fossil.com/p/fossil-4-stainless-steel-watch
PI-0789,fossil-fossil-stainless-steel-watch,Fossil Stainless Steel Watch,fossil,mens-watches,Smartwatches,men,"Fossil Fossil Stainless Steel Watch — smartwatches tracked across 2 stores. We compare live prices, stock and coupons so you always land on the cheapest active listing.",,,watches; smartwatches,3.7,149,5208,false,,fossil-store,2350,4272.72,IN STOCK,https://www.fossil.com/p/fossil-16-stainless-steel-watch
PI-0790,fossil-fossil-classic-chronograph-watch,Fossil Classic Chronograph Watch,fossil,watches,Watches,women,"Fossil Fossil Classic Chronograph Watch — watches tracked across 2 stores. We compare live prices, stock and coupons so you always land on the cheapest active listing.",,,watches; watches,3.7,105,5058,false,,fossil-store,1975,3950,IN STOCK,https://www.fossil.com/p/fossil-5-classic-chronograph-watch
PI-0790,fossil-fossil-classic-chronograph-watch,Fossil Classic Chronograph Watch,fossil,watches,Watches,women,"Fossil Fossil Classic Chronograph Watch — watches tracked across 2 stores. We compare live prices, stock and coupons so you always land on the cheapest active listing.",,,watches; watches,3.7,105,5058,false,,fossil-store,1175,2350,IN STOCK,https://www.fossil.com/p/fossil-17-classic-chronograph-watch
PI-0791,fossil-fossil-minimalist-leather-strap-watch,Fossil Minimalist Leather Strap Watch,fossil,watches,Smartwatches,unisex,"Fossil Fossil Minimalist Leather Strap Watch — smartwatches tracked across 2 stores. We compare live prices, stock and coupons so you always land on the cheapest active listing.",,,watches; smartwatches,4.6,86,5795,false,,fossil-store,1525,2178.57,IN STOCK,https://www.fossil.com/p/fossil-6-minimalist-leather-strap-watch
PI-0791,fossil-fossil-minimalist-leather-strap-watch,Fossil Minimalist Leather Strap Watch,fossil,watches,Smartwatches,unisex,"Fossil Fossil Minimalist Leather Strap Watch — smartwatches tracked across 2 stores. We compare live prices, stock and coupons so you always land on the cheapest active listing.",,,watches; smartwatches,4.6,86,5795,false,,fossil-store,2275,3033.34,LOW STOCK,https://www.fossil.com/p/fossil-18-minimalist-leather-strap-watch
PI-0792,fossil-fossil-chronograph-watch,Fossil Chronograph Watch,fossil,mens-watches,Watches,men,"Fossil Fossil Chronograph Watch — watches tracked across 2 stores. We compare live prices, stock and coupons so you always land on the cheapest active listing.",,,watches; watches,4.1,67,6928,false,,fossil-store,1375,1964.42,IN STOCK,https://www.fossil.com/p/fossil-7-chronograph-watch
PI-0792,fossil-fossil-chronograph-watch,Fossil Chronograph Watch,fossil,mens-watches,Watches,men,"Fossil Fossil Chronograph Watch — watches tracked across 2 stores. We compare live prices, stock and coupons so you always land on the cheapest active listing.",,,watches; watches,4.1,67,6928,false,,fossil-store,2300,2705.88,IN STOCK,https://www.fossil.com/p/fossil-19-chronograph-watch
PI-0793,fossil-fossil-stainless-steel-chronograph-watch,Fossil Stainless Steel Chronograph Watch,fossil,watches,Smartwatches,women,"Fossil Fossil Stainless Steel Chronograph Watch — smartwatches tracked across 2 stores. We compare live prices, stock and coupons so you always land on the cheapest active listing.",,,watches; smartwatches,3.6,48,4435,false,,fossil-store,1075,1343.75,IN STOCK,https://www.fossil.com/p/fossil-8-stainless-steel-chronograph-watch
PI-0793,fossil-fossil-stainless-steel-chronograph-watch,Fossil Stainless Steel Chronograph Watch,fossil,watches,Smartwatches,women,"Fossil Fossil Stainless Steel Chronograph Watch — smartwatches tracked across 2 stores. We compare live prices, stock and coupons so you always land on the cheapest active listing.",,,watches; smartwatches,3.6,48,4435,false,,fossil-store,1900,3454.54,IN STOCK,https://www.fossil.com/p/fossil-20-stainless-steel-chronograph-watch
PI-0794,fossil-fossil-classic-leather-strap-watch,Fossil Classic Leather Strap Watch,fossil,watches,Watches,unisex,"Fossil Fossil Classic Leather Strap Watch — watches tracked across 1 store. We compare live prices, stock and coupons so you always land on the cheapest active listing.",,,watches; watches,4.3,181,6014,false,,fossil-store,1425,2590.9,IN STOCK,https://www.fossil.com/p/fossil-9-classic-leather-strap-watch
PI-0795,fossil-fossil-minimalist-watch,Fossil Minimalist Watch,fossil,mens-watches,Smartwatches,men,"Fossil Fossil Minimalist Watch — smartwatches tracked across 1 store. We compare live prices, stock and coupons so you always land on the cheapest active listing.",,,watches; smartwatches,3.8,162,4119,false,,fossil-store,1200,1600,IN STOCK,https://www.fossil.com/p/fossil-10-minimalist-watch
PI-0796,fossil-fossil-chronograph-chronograph-watch,Fossil Chronograph Chronograph Watch,fossil,watches,Watches,women,"Fossil Fossil Chronograph Chronograph Watch — watches tracked across 1 store. We compare live prices, stock and coupons so you always land on the cheapest active listing.",,,watches; watches,4.7,143,6228,false,,fossil-store,1675,2093.75,IN STOCK,https://www.fossil.com/p/fossil-11-chronograph-chronograph-watch
PI-0797,fossil-fossil-stainless-steel-leather-strap-watch,Fossil Stainless Steel Leather Strap Watch,fossil,watches,Smartwatches,unisex,"Fossil Fossil Stainless Steel Leather Strap Watch — smartwatches tracked across 1 store. We compare live prices, stock and coupons so you always land on the cheapest active listing.",,,watches; smartwatches,4.2,124,6161,false,,fossil-store,1050,1750,IN STOCK,https://www.fossil.com/p/fossil-12-stainless-steel-leather-strap-watch
PI-0798,longchamp-longchamp-structured-tote-bag,Longchamp Structured Tote Bag,longchamp,bags,Handbags,women,"Longchamp Longchamp Structured Tote Bag — handbags tracked across 1 store. We compare live prices, stock and coupons so you always land on the cheapest active listing.",Red,,bags; handbags,3.9,153,4266,false,,longchamp-store,1350,2700,IN STOCK,https://www.longchamp.com/p/longchamp-1-structured-tote-bag
PI-0799,longchamp-longchamp-compact-crossbody-bag,Longchamp Compact Crossbody Bag,longchamp,mens-bags,Crossbody Bags,men,"Longchamp Longchamp Compact Crossbody Bag — crossbody bags tracked across 1 store. We compare live prices, stock and coupons so you always land on the cheapest active listing.",,,bags; crossbody-bags,4.8,134,1275,false,,longchamp-store,2460,4472.72,IN STOCK,https://www.longchamp.com/p/longchamp-2-compact-crossbody-bag
PI-0800,longchamp-longchamp-signature-wallet,Longchamp Signature Wallet,longchamp,bags,Totes,unisex,"Longchamp Longchamp Signature Wallet — totes tracked across 1 store. We compare live prices, stock and coupons so you always land on the cheapest active listing.",,,bags; totes,3.7,131,3434,false,,longchamp-store,2820,3525,IN STOCK,https://www.longchamp.com/p/longchamp-3-signature-wallet
PI-0801,longchamp-longchamp-pebbled-leather-clutch,Longchamp Pebbled Leather Clutch,longchamp,bags,Wallets,women,"Longchamp Longchamp Pebbled Leather Clutch — wallets tracked across 1 store. We compare live prices, stock and coupons so you always land on the cheapest active listing.",,,bags; wallets,4.2,150,2255,false,,longchamp-store,2910,4476.93,LOW STOCK,https://www.longchamp.com/p/longchamp-4-pebbled-leather-clutch
PI-0802,longchamp-longchamp-structured-shoulder-bag,Longchamp Structured Shoulder Bag,longchamp,mens-bags,Handbags,men,"Longchamp Longchamp Structured Shoulder Bag — handbags tracked across 1 store. We compare live prices, stock and coupons so you always land on the cheapest active listing.",Red,,bags; handbags,4.7,169,1772,true,,longchamp-store,2040,2914.29,IN STOCK,https://www.longchamp.com/p/longchamp-5-structured-shoulder-bag
PI-0803,longchamp-longchamp-compact-tote-bag,Longchamp Compact Tote Bag,longchamp,bags,Crossbody Bags,unisex,"Longchamp Longchamp Compact Tote Bag — crossbody bags tracked across 1 store. We compare live prices, stock and coupons so you always land on the cheapest active listing.",,,bags; crossbody-bags,3.8,188,4231,false,,longchamp-store,1200,2181.82,IN STOCK,https://www.longchamp.com/p/longchamp-6-compact-tote-bag
PI-0804,longchamp-longchamp-signature-crossbody-bag,Longchamp Signature Crossbody Bag,longchamp,bags,Totes,women,"Longchamp Longchamp Signature Crossbody Bag — totes tracked across 1 store. We compare live prices, stock and coupons so you always land on the cheapest active listing.",,,bags; totes,4.3,207,5990,false,,longchamp-store,2160,3927.28,IN STOCK,https://www.longchamp.com/p/longchamp-7-signature-crossbody-bag
PI-0805,longchamp-longchamp-pebbled-leather-wallet,Longchamp Pebbled Leather Wallet,longchamp,mens-bags,Wallets,men,"Longchamp Longchamp Pebbled Leather Wallet — wallets tracked across 1 store. We compare live prices, stock and coupons so you always land on the cheapest active listing.",,,bags; wallets,4.8,226,6747,false,,longchamp-store,2850,3800,IN STOCK,https://www.longchamp.com/p/longchamp-8-pebbled-leather-wallet
PI-0806,longchamp-longchamp-structured-clutch,Longchamp Structured Clutch,longchamp,bags,Handbags,unisex,"Longchamp Longchamp Structured Clutch — handbags tracked across 1 store. We compare live prices, stock and coupons so you always land on the cheapest active listing.",Red,,bags; handbags,3.9,45,2184,false,,longchamp-store,1470,2261.54,IN STOCK,https://www.longchamp.com/p/longchamp-9-structured-clutch
PI-0807,longchamp-longchamp-compact-shoulder-bag,Longchamp Compact Shoulder Bag,longchamp,bags,Crossbody Bags,women,"Longchamp Longchamp Compact Shoulder Bag — crossbody bags tracked across 1 store. We compare live prices, stock and coupons so you always land on the cheapest active listing.",,,bags; crossbody-bags,4.4,64,3067,false,,longchamp-store,1200,1600,IN STOCK,https://www.longchamp.com/p/longchamp-10-compact-shoulder-bag
PI-0808,longchamp-longchamp-signature-tote-bag,Longchamp Signature Tote Bag,longchamp,mens-bags,Totes,men,"Longchamp Longchamp Signature Tote Bag — totes tracked across 1 store. We compare live prices, stock and coupons so you always land on the cheapest active listing.",,,bags; totes,3.9,179,7774,false,,longchamp-store,1770,3540,IN STOCK,https://www.longchamp.com/p/longchamp-11-signature-tote-bag
PI-0809,longchamp-longchamp-pebbled-leather-crossbody-bag,Longchamp Pebbled Leather Crossbody Bag,longchamp,bags,Wallets,unisex,"Longchamp Longchamp Pebbled Leather Crossbody Bag — wallets tracked across 1 store. We compare live prices, stock and coupons so you always land on the cheapest active listing.",,,bags; wallets,4.4,198,1401,false,,longchamp-store,2130,3872.72,IN STOCK,https://www.longchamp.com/p/longchamp-12-pebbled-leather-crossbody-bag
PI-0810,longchamp-longchamp-structured-wallet,Longchamp Structured Wallet,longchamp,bags,Handbags,women,"Longchamp Longchamp Structured Wallet — handbags tracked across 1 store. We compare live prices, stock and coupons so you always land on the cheapest active listing.",Red,,bags; handbags,3.6,140,2711,false,,longchamp-store,2820,4700,LOW STOCK,https://www.longchamp.com/p/longchamp-13-structured-wallet
PI-0811,longchamp-longchamp-compact-clutch,Longchamp Compact Clutch,longchamp,mens-bags,Crossbody Bags,men,"Longchamp Longchamp Compact Clutch — crossbody bags tracked across 1 store. We compare live prices, stock and coupons so you always land on the cheapest active listing.",,,bags; crossbody-bags,4.5,121,7380,false,,longchamp-store,2730,4200,LOW STOCK,https://www.longchamp.com/p/longchamp-14-compact-clutch
PI-0812,longchamp-longchamp-signature-shoulder-bag,Longchamp Signature Shoulder Bag,longchamp,bags,Totes,unisex,"Longchamp Longchamp Signature Shoulder Bag — totes tracked across 1 store. We compare live prices, stock and coupons so you always land on the cheapest active listing.",,,bags; totes,4,102,6399,false,,longchamp-store,2520,2964.71,OUT OF STOCK,https://www.longchamp.com/p/longchamp-15-signature-shoulder-bag
PI-0813,longchamp-longchamp-pebbled-leather-tote-bag,Longchamp Pebbled Leather Tote Bag,longchamp,bags,Wallets,women,"Longchamp Longchamp Pebbled Leather Tote Bag — wallets tracked across 1 store. We compare live prices, stock and coupons so you always land on the cheapest active listing.",,,bags; wallets,4.9,83,4822,false,,longchamp-store,2610,3262.51,IN STOCK,https://www.longchamp.com/p/longchamp-16-pebbled-leather-tote-bag
PI-0814,longchamp-longchamp-structured-crossbody-bag,Longchamp Structured Crossbody Bag,longchamp,mens-bags,Handbags,men,"Longchamp Longchamp Structured Crossbody Bag — handbags tracked across 1 store. We compare live prices, stock and coupons so you always land on the cheapest active listing.",Red,,bags; handbags,4.2,216,843,true,,longchamp-store,2400,3428.57,IN STOCK,https://www.longchamp.com/p/longchamp-17-structured-crossbody-bag
PI-0815,longchamp-longchamp-compact-wallet,Longchamp Compact Wallet,longchamp,bags,Crossbody Bags,unisex,"Longchamp Longchamp Compact Wallet — crossbody bags tracked across 1 store. We compare live prices, stock and coupons so you always land on the cheapest active listing.",,,bags; crossbody-bags,3.7,197,1656,false,,longchamp-store,1470,1837.51,IN STOCK,https://www.longchamp.com/p/longchamp-18-compact-wallet
PI-0816,longchamp-longchamp-signature-clutch,Longchamp Signature Clutch,longchamp,bags,Totes,women,"Longchamp Longchamp Signature Clutch — totes tracked across 1 store. We compare live prices, stock and coupons so you always land on the cheapest active listing.",,,bags; totes,4.6,178,4427,false,,longchamp-store,2880,5236.36,OUT OF STOCK,https://www.longchamp.com/p/longchamp-19-signature-clutch
PI-0817,longchamp-longchamp-pebbled-leather-shoulder-bag,Longchamp Pebbled Leather Shoulder Bag,longchamp,mens-bags,Wallets,men,"Longchamp Longchamp Pebbled Leather Shoulder Bag — wallets tracked across 1 store. We compare live prices, stock and coupons so you always land on the cheapest active listing.",,,bags; wallets,4.1,159,5082,false,,longchamp-store,2100,3000,IN STOCK,https://www.longchamp.com/p/longchamp-20-pebbled-leather-shoulder-bag
PI-0978,el-corte-ingles-el-corte-ingles-classic-blazer,El Corte Ingles Classic Blazer,el-corte-ingles,clothing,Dresses,women,"El Corte Inglés El Corte Ingles Classic Blazer — dresses tracked across 1 store. We compare live prices, stock and coupons so you always land on the cheapest active listing.",,,clothing; dresses,4.3,227,2606,false,,el-corte-ingles-store,1500,1764.71,IN STOCK,https://www.elcorteingles.es/p/el-corte-ingles-1-classic-blazer
PI-0979,el-corte-ingles-el-corte-ingles-relaxed-shirt-dress,El Corte Ingles Relaxed Shirt Dress,el-corte-ingles,mens-clothing,Jackets,men,"El Corte Inglés El Corte Ingles Relaxed Shirt Dress — jackets tracked across 1 store. We compare live prices, stock and coupons so you always land on the cheapest active listing.",,,clothing; jackets,4.8,46,167,true,,el-corte-ingles-store,1900,3166.66,IN STOCK,https://www.elcorteingles.es/p/el-corte-ingles-2-relaxed-shirt-dress
PI-0980,el-corte-ingles-el-corte-ingles-slim-fit-denim-jacket,El Corte Ingles Slim Fit Denim Jacket,el-corte-ingles,clothing,Jeans,unisex,"El Corte Inglés El Corte Ingles Slim Fit Denim Jacket — jeans tracked across 1 store. We compare live prices, stock and coupons so you always land on the cheapest active listing.",Denim,,clothing; jeans,4.6,114,3585,false,,el-corte-ingles-store,1420,1670.59,IN STOCK,https://www.elcorteingles.es/p/el-corte-ingles-3-slim-fit-denim-jacket
PI-0981,el-corte-ingles-el-corte-ingles-oversized-knit-sweater,El Corte Ingles Oversized Knit Sweater,el-corte-ingles,clothing,Shirts,women,"El Corte Inglés El Corte Ingles Oversized Knit Sweater — shirts tracked across 1 store. We compare live prices, stock and coupons so you always land on the cheapest active listing.",,,clothing; shirts,3.7,133,6886,false,,el-corte-ingles-store,1960,3266.66,IN STOCK,https://www.elcorteingles.es/p/el-corte-ingles-4-oversized-knit-sweater
PI-0982,el-corte-ingles-el-corte-ingles-tailored-trench-coat,El Corte Ingles Tailored Trench Coat,el-corte-ingles,mens-clothing,Sweaters,men,"El Corte Inglés El Corte Ingles Tailored Trench Coat — sweaters tracked across 1 store. We compare live prices, stock and coupons so you always land on the cheapest active listing.",Red,,clothing; sweaters,3.6,76,1063,false,,el-corte-ingles-store,1080,1963.64,IN STOCK,https://www.elcorteingles.es/p/el-corte-ingles-5-tailored-trench-coat
PI-0983,el-corte-ingles-el-corte-ingles-classic-midi-dress,El Corte Ingles Classic Midi Dress,el-corte-ingles,clothing,Dresses,unisex,"El Corte Inglés El Corte Ingles Classic Midi Dress — dresses tracked across 1 store. We compare live prices, stock and coupons so you always land on the cheapest active listing.",,,clothing; dresses,4.1,95,4812,false,,el-corte-ingles-store,1600,1882.35,IN STOCK,https://www.elcorteingles.es/p/el-corte-ingles-6-classic-midi-dress
PI-0984,el-corte-ingles-el-corte-ingles-relaxed-blazer,El Corte Ingles Relaxed Blazer,el-corte-ingles,clothing,Jackets,women,"El Corte Inglés El Corte Ingles Relaxed Blazer — jackets tracked across 1 store. We compare live prices, stock and coupons so you always land on the cheapest active listing.",,,clothing; jackets,4,238,7163,false,,el-corte-ingles-store,1340,2233.34,IN STOCK,https://www.elcorteingles.es/p/el-corte-ingles-7-relaxed-blazer
PI-0985,el-corte-ingles-el-corte-ingles-slim-fit-shirt-dress,El Corte Ingles Slim Fit Shirt Dress,el-corte-ingles,mens-clothing,Jeans,men,"El Corte Inglés El Corte Ingles Slim Fit Shirt Dress — jeans tracked across 1 store. We compare live prices, stock and coupons so you always land on the cheapest active listing.",,,clothing; jeans,4.5,57,1862,false,,el-corte-ingles-store,1620,2700,IN STOCK,https://www.elcorteingles.es/p/el-corte-ingles-8-slim-fit-shirt-dress
PI-0986,el-corte-ingles-el-corte-ingles-oversized-denim-jacket,El Corte Ingles Oversized Denim Jacket,el-corte-ingles,clothing,Shirts,unisex,"El Corte Inglés El Corte Ingles Oversized Denim Jacket — shirts tracked across 1 store. We compare live prices, stock and coupons so you always land on the cheapest active listing.",Denim,,clothing; shirts,4.4,200,6165,false,,el-corte-ingles-store,1900,2533.34,IN STOCK,https://www.elcorteingles.es/p/el-corte-ingles-9-oversized-denim-jacket
PI-0987,el-corte-ingles-el-corte-ingles-tailored-knit-sweater,El Corte Ingles Tailored Knit Sweater,el-corte-ingles,clothing,Sweaters,women,"El Corte Inglés El Corte Ingles Tailored Knit Sweater — sweaters tracked across 1 store. We compare live prices, stock and coupons so you always land on the cheapest active listing.",Red,,clothing; sweaters,4.9,219,1608,false,,el-corte-ingles-store,1640,2050,IN STOCK,https://www.elcorteingles.es/p/el-corte-ingles-10-tailored-knit-sweater
PI-0988,el-corte-ingles-el-corte-ingles-classic-trench-coat,El Corte Ingles Classic Trench Coat,el-corte-ingles,mens-clothing,Dresses,men,"El Corte Inglés El Corte Ingles Classic Trench Coat — dresses tracked across 1 store. We compare live prices, stock and coupons so you always land on the cheapest active listing.",,,clothing; dresses,4.4,66,5529,false,,el-corte-ingles-store,1560,2836.36,IN STOCK,https://www.elcorteingles.es/p/el-corte-ingles-11-classic-trench-coat
PI-0989,el-corte-ingles-el-corte-ingles-relaxed-midi-dress,El Corte Ingles Relaxed Midi Dress,el-corte-ingles,clothing,Jackets,unisex,"El Corte Inglés El Corte Ingles Relaxed Midi Dress — jackets tracked across 1 store. We compare live prices, stock and coupons so you always land on the cheapest active listing.",,,clothing; jackets,4.9,85,126,false,,el-corte-ingles-store,1380,1840,IN STOCK,https://www.elcorteingles.es/p/el-corte-ingles-12-relaxed-midi-dress
PI-0990,el-corte-ingles-el-corte-ingles-slim-fit-blazer,El Corte Ingles Slim Fit Blazer,el-corte-ingles,clothing,Jeans,women,"El Corte Inglés El Corte Ingles Slim Fit Blazer — jeans tracked across 1 store. We compare live prices, stock and coupons so you always land on the cheapest active listing.",,,clothing; jeans,4.5,123,4832,true,,el-corte-ingles-store,1220,2033.34,IN STOCK,https://www.elcorteingles.es/p/el-corte-ingles-13-slim-fit-blazer
PI-0991,el-corte-ingles-el-corte-ingles-oversized-shirt-dress,El Corte Ingles Oversized Shirt Dress,el-corte-ingles,mens-clothing,Shirts,men,"El Corte Inglés El Corte Ingles Oversized Shirt Dress — shirts tracked across 1 store. We compare live prices, stock and coupons so you always land on the cheapest active listing.",,,clothing; shirts,4,104,4845,false,,el-corte-ingles-store,800,1230.77,LOW STOCK,https://www.elcorteingles.es/p/el-corte-ingles-14-oversized-shirt-dress
PI-0992,el-corte-ingles-el-corte-ingles-tailored-denim-jacket,El Corte Ingles Tailored Denim Jacket,el-corte-ingles,clothing,Sweaters,unisex,"El Corte Inglés El Corte Ingles Tailored Denim Jacket — sweaters tracked across 1 store. We compare live prices, stock and coupons so you always land on the cheapest active listing.",Red,,clothing; sweaters,4.1,161,4222,false,,el-corte-ingles-store,1440,1694.12,IN STOCK,https://www.elcorteingles.es/p/el-corte-ingles-15-tailored-denim-jacket
PI-0993,el-corte-ingles-el-corte-ingles-classic-knit-sweater,El Corte Ingles Classic Knit Sweater,el-corte-ingles,clothing,Dresses,women,"El Corte Inglés El Corte Ingles Classic Knit Sweater — dresses tracked across 1 store. We compare live prices, stock and coupons so you always land on the cheapest active listing.",,,clothing; dresses,3.6,142,5555,false,,el-corte-ingles-store,1860,3720,IN STOCK,https://www.elcorteingles.es/p/el-corte-ingles-16-classic-knit-sweater
PI-0994,el-corte-ingles-el-corte-ingles-relaxed-trench-coat,El Corte Ingles Relaxed Trench Coat,el-corte-ingles,mens-clothing,Jackets,men,"El Corte Inglés El Corte Ingles Relaxed Trench Coat — jackets tracked across 1 store. We compare live prices, stock and coupons so you always land on the cheapest active listing.",,,clothing; jackets,3.7,199,268,true,,el-corte-ingles-store,1740,2676.93,IN STOCK,https://www.elcorteingles.es/p/el-corte-ingles-17-relaxed-trench-coat
PI-0995,el-corte-ingles-el-corte-ingles-slim-fit-midi-dress,El Corte Ingles Slim Fit Midi Dress,el-corte-ingles,clothing,Jeans,unisex,"El Corte Inglés El Corte Ingles Slim Fit Midi Dress — jeans tracked across 1 store. We compare live prices, stock and coupons so you always land on the cheapest active listing.",,,clothing; jeans,4.6,180,7585,false,,el-corte-ingles-store,1260,2520,IN STOCK,https://www.elcorteingles.es/p/el-corte-ingles-18-slim-fit-midi-dress
PI-0996,el-corte-ingles-el-corte-ingles-oversized-blazer,El Corte Ingles Oversized Blazer,el-corte-ingles,clothing,Shirts,women,"El Corte Inglés El Corte Ingles Oversized Blazer — shirts tracked across 1 store. We compare live prices, stock and coupons so you always land on the cheapest active listing.",,,clothing; shirts,4.7,237,7426,true,,el-corte-ingles-store,980,1306.66,OUT OF STOCK,https://www.elcorteingles.es/p/el-corte-ingles-19-oversized-blazer
PI-0997,el-corte-ingles-el-corte-ingles-tailored-shirt-dress,El Corte Ingles Tailored Shirt Dress,el-corte-ingles,mens-clothing,Sweaters,men,"El Corte Inglés El Corte Ingles Tailored Shirt Dress — sweaters tracked across 1 store. We compare live prices, stock and coupons so you always land on the cheapest active listing.",Red,,clothing; sweaters,4.2,218,3273,false,,el-corte-ingles-store,1300,2363.64,IN STOCK,https://www.elcorteingles.es/p/el-corte-ingles-20-tailored-shirt-dress
PI-0998,primeriti-primeriti-signature-shoulder-bag,Primeriti Signature Shoulder Bag,primeriti,mens-bags,Handbags,men,"Primeriti Primeriti Signature Shoulder Bag — handbags tracked across 1 store. We compare live prices, stock and coupons so you always land on the cheapest active listing.",,,accessories; handbags,4.7,171,6456,false,,primeriti-store,2790,3282.35,IN STOCK,https://www.primeriti.es/p/primeriti-1-signature-shoulder-bag
PI-0999,primeriti-primeriti-monogram-silk-scarf,Primeriti Monogram Silk Scarf,primeriti,accessories,Ready-to-Wear,women,"Primeriti Primeriti Monogram Silk Scarf — ready-to-wear tracked across 1 store. We compare live prices, stock and coupons so you always land on the cheapest active listing.",,,accessories; ready-to-wear,4.2,152,1893,false,,primeriti-store,496,583.53,IN STOCK,https://www.primeriti.es/p/primeriti-2-monogram-silk-scarf
PI-1000,primeriti-primeriti-limited-edition-leather-loafers,Primeriti Limited Edition Leather Loafers,primeriti,shoes,Footwear,unisex,"Primeriti Primeriti Limited Edition Leather Loafers — footwear tracked across 1 store. We compare live prices, stock and coupons so you always land on the cheapest active listing.",,,accessories; footwear,4,68,247,false,,primeriti-store,444,592,IN STOCK,https://www.primeriti.es/p/primeriti-3-limited-edition-leather-loafers
PI-1001,primeriti-primeriti-runway-sunglasses,Primeriti Runway Sunglasses,primeriti,mens-accessories,Accessories,men,"Primeriti Primeriti Runway Sunglasses — accessories tracked across 1 store. We compare live prices, stock and coupons so you always land on the cheapest active listing.",,,accessories; accessories,4.5,87,2164,false,,primeriti-store,352,586.66,IN STOCK,https://www.primeriti.es/p/primeriti-4-runway-sunglasses
PI-1002,primeriti-primeriti-heritage-wool-coat,Primeriti Heritage Wool Coat,primeriti,bags,Handbags,women,"Primeriti Primeriti Heritage Wool Coat — handbags tracked across 1 store. We compare live prices, stock and coupons so you always land on the cheapest active listing.",,,accessories; handbags,3.6,106,5407,false,,primeriti-store,2310,3080,IN STOCK,https://www.primeriti.es/p/primeriti-5-heritage-wool-coat
PI-1003,primeriti-primeriti-signature-tote,Primeriti Signature Tote,primeriti,bags,Ready-to-Wear,unisex,"Primeriti Primeriti Signature Tote — ready-to-wear tracked across 1 store. We compare live prices, stock and coupons so you always land on the cheapest active listing.",,,accessories; ready-to-wear,4.1,125,7606,true,,primeriti-store,1260,1800,IN STOCK,https://www.primeriti.es/p/primeriti-6-signature-tote
PI-1004,primeriti-primeriti-monogram-shoulder-bag,Primeriti Monogram Shoulder Bag,primeriti,mens-bags,Footwear,men,"Primeriti Primeriti Monogram Shoulder Bag — footwear tracked across 1 store. We compare live prices, stock and coupons so you always land on the cheapest active listing.",,,accessories; footwear,4.8,192,5931,false,,primeriti-store,2850,4071.43,IN STOCK,https://www.primeriti.es/p/primeriti-7-monogram-shoulder-bag
PI-1005,primeriti-primeriti-limited-edition-silk-scarf,Primeriti Limited Edition Silk Scarf,primeriti,accessories,Accessories,women,"Primeriti Primeriti Limited Edition Silk Scarf — accessories tracked across 1 store. We compare live prices, stock and coupons so you always land on the cheapest active listing.",,,accessories; accessories,3.9,211,7192,false,,primeriti-store,400,727.28,IN STOCK,https://www.primeriti.es/p/primeriti-8-limited-edition-silk-scarf
PI-1006,primeriti-primeriti-runway-leather-loafers,Primeriti Runway Leather Loafers,primeriti,bags,Handbags,unisex,"Primeriti Primeriti Runway Leather Loafers — handbags tracked across 1 store. We compare live prices, stock and coupons so you always land on the cheapest active listing.",,,accessories; handbags,4.4,230,3781,false,,primeriti-store,2580,3035.29,IN STOCK,https://www.primeriti.es/p/primeriti-9-runway-leather-loafers
PI-1007,primeriti-primeriti-heritage-sunglasses,Primeriti Heritage Sunglasses,primeriti,mens-accessories,Ready-to-Wear,men,"Primeriti Primeriti Heritage Sunglasses — ready-to-wear tracked across 1 store. We compare live prices, stock and coupons so you always land on the cheapest active listing.",,,accessories; ready-to-wear,4.9,49,2742,false,,primeriti-store,376,470,LOW STOCK,https://www.primeriti.es/p/primeriti-10-heritage-sunglasses
PI-1008,primeriti-primeriti-signature-wool-coat,Primeriti Signature Wool Coat,primeriti,shoes,Footwear,women,"Primeriti Primeriti Signature Wool Coat — footwear tracked across 1 store. We compare live prices, stock and coupons so you always land on the cheapest active listing.",,,accessories; footwear,3.8,220,6849,true,,primeriti-store,240,400,IN STOCK,https://www.primeriti.es/p/primeriti-11-signature-wool-coat
PI-1009,primeriti-primeriti-monogram-tote,Primeriti Monogram Tote,primeriti,bags,Accessories,unisex,"Primeriti Primeriti Monogram Tote — accessories tracked across 1 store. We compare live prices, stock and coupons so you always land on the cheapest active listing.",,,accessories; accessories,4.3,239,4484,false,,primeriti-store,1500,2727.28,IN STOCK,https://www.primeriti.es/p/primeriti-12-monogram-tote
PI-1010,primeriti-primeriti-limited-edition-shoulder-bag,Primeriti Limited Edition Shoulder Bag,primeriti,mens-bags,Handbags,men,"Primeriti Primeriti Limited Edition Shoulder Bag — handbags tracked across 1 store. We compare live prices, stock and coupons so you always land on the cheapest active listing.",,,accessories; handbags,4.1,67,6758,false,,primeriti-store,1830,2614.29,IN STOCK,https://www.primeriti.es/p/primeriti-13-limited-edition-shoulder-bag
PI-1011,primeriti-primeriti-runway-silk-scarf,Primeriti Runway Silk Scarf,primeriti,accessories,Ready-to-Wear,women,"Primeriti Primeriti Runway Silk Scarf — ready-to-wear tracked across 1 store. We compare live prices, stock and coupons so you always land on the cheapest active listing.",,,accessories; ready-to-wear,4.6,86,3457,false,,primeriti-store,424,652.31,IN STOCK,https://www.primeriti.es/p/primeriti-14-runway-silk-scarf
PI-1012,primeriti-primeriti-heritage-leather-loafers,Primeriti Heritage Leather Loafers,primeriti,shoes,Footwear,unisex,"Primeriti Primeriti Heritage Leather Loafers — footwear tracked across 1 store. We compare live prices, stock and coupons so you always land on the cheapest active listing.",,,accessories; footwear,3.7,105,4940,false,,primeriti-store,588,840,IN STOCK,https://www.primeriti.es/p/primeriti-15-heritage-leather-loafers
PI-1013,primeriti-primeriti-signature-sunglasses,Primeriti Signature Sunglasses,primeriti,mens-accessories,Accessories,men,"Primeriti Primeriti Signature Sunglasses — accessories tracked across 1 store. We compare live prices, stock and coupons so you always land on the cheapest active listing.",,,accessories; accessories,4.2,124,935,false,,primeriti-store,520,945.46,IN STOCK,https://www.primeriti.es/p/primeriti-16-signature-sunglasses
PI-1014,primeriti-primeriti-monogram-wool-coat,Primeriti Monogram Wool Coat,primeriti,bags,Handbags,women,"Primeriti Primeriti Monogram Wool Coat — handbags tracked across 1 store. We compare live prices, stock and coupons so you always land on the cheapest active listing.",,,accessories; handbags,4.7,143,6250,false,,primeriti-store,2970,5940,IN STOCK,https://www.primeriti.es/p/primeriti-17-monogram-wool-coat
PI-1015,primeriti-primeriti-limited-edition-tote,Primeriti Limited Edition Tote,primeriti,bags,Ready-to-Wear,unisex,"Primeriti Primeriti Limited Edition Tote — ready-to-wear tracked across 1 store. We compare live prices, stock and coupons so you always land on the cheapest active listing.",,,accessories; ready-to-wear,3.8,162,7291,false,,primeriti-store,1560,2080,IN STOCK,https://www.primeriti.es/p/primeriti-18-limited-edition-tote
PI-1016,primeriti-primeriti-runway-shoulder-bag,Primeriti Runway Shoulder Bag,primeriti,mens-bags,Footwear,men,"Primeriti Primeriti Runway Shoulder Bag — footwear tracked across 1 store. We compare live prices, stock and coupons so you always land on the cheapest active listing.",,,accessories; footwear,4.3,181,1480,false,,primeriti-store,2310,3080,LOW STOCK,https://www.primeriti.es/p/primeriti-19-runway-shoulder-bag
PI-1017,primeriti-primeriti-heritage-silk-scarf,Primeriti Heritage Silk Scarf,primeriti,accessories,Accessories,women,"Primeriti Primeriti Heritage Silk Scarf — accessories tracked across 1 store. We compare live prices, stock and coupons so you always land on the cheapest active listing.",,,accessories; accessories,4.8,200,6293,false,,primeriti-store,512,640,IN STOCK,https://www.primeriti.es/p/primeriti-20-heritage-silk-scarf
PI-1018,farfetch-farfetch-signature-shoulder-bag,Farfetch Signature Shoulder Bag,farfetch,mens-bags,Handbags,men,"FARFETCH Farfetch Signature Shoulder Bag — handbags tracked across 1 store. We compare live prices, stock and coupons so you always land on the cheapest active listing.",,,accessories; handbags,4.3,115,7998,false,,farfetch-store,1500,2142.89,IN STOCK,https://www.farfetch.com/p/farfetch-1-signature-shoulder-bag
PI-1019,farfetch-farfetch-monogram-silk-scarf,Farfetch Monogram Silk Scarf,farfetch,accessories,Ready-to-Wear,women,"FARFETCH Farfetch Monogram Silk Scarf — ready-to-wear tracked across 1 store. We compare live prices, stock and coupons so you always land on the cheapest active listing.",,,accessories; ready-to-wear,4.8,134,5401,true,,farfetch-store,328,656,IN STOCK,https://www.farfetch.com/p/farfetch-2-monogram-silk-scarf
PI-1020,farfetch-farfetch-limited-edition-leather-loafers,Farfetch Limited Edition Leather Loafers,farfetch,shoes,Footwear,unisex,"FARFETCH Farfetch Limited Edition Leather Loafers — footwear tracked across 1 store. We compare live prices, stock and coupons so you always land on the cheapest active listing.",,,accessories; footwear,4.2,58,2557,false,,farfetch-store,450,642.86,LOW STOCK,https://www.farfetch.com/p/farfetch-3-limited-edition-leather-loafers
PI-1021,farfetch-farfetch-runway-sunglasses,Farfetch Runway Sunglasses,farfetch,mens-accessories,Accessories,men,"FARFETCH Farfetch Runway Sunglasses — accessories tracked across 1 store. We compare live prices, stock and coupons so you always land on the cheapest active listing.",,,accessories; accessories,3.7,239,4350,false,,farfetch-store,376,626.66,IN STOCK,https://www.farfetch.com/p/farfetch-4-runway-sunglasses
PI-1022,farfetch-farfetch-heritage-wool-coat,Farfetch Heritage Wool Coat,farfetch,bags,Handbags,women,"FARFETCH Farfetch Heritage Wool Coat — handbags tracked across 1 store. We compare live prices, stock and coupons so you always land on the cheapest active listing.",,,accessories; handbags,3.8,96,4973,false,,farfetch-store,1740,3480,IN STOCK,https://www.farfetch.com/p/farfetch-5-heritage-wool-coat
PI-1023,farfetch-farfetch-signature-tote,Farfetch Signature Tote,farfetch,bags,Ready-to-Wear,unisex,"FARFETCH Farfetch Signature Tote — ready-to-wear tracked across 1 store. We compare live prices, stock and coupons so you always land on the cheapest active listing.",,,accessories; ready-to-wear,4.7,77,4960,false,,farfetch-store,1740,2320,OUT OF STOCK,https://www.farfetch.com/p/farfetch-6-signature-tote
PI-1024,farfetch-farfetch-monogram-shoulder-bag,Farfetch Monogram Shoulder Bag,farfetch,mens-bags,Footwear,men,"FARFETCH Farfetch Monogram Shoulder Bag — footwear tracked across 1 store. We compare live prices, stock and coupons so you always land on the cheapest active listing.",,,accessories; footwear,3.6,182,3145,false,,farfetch-store,2820,3317.65,LOW STOCK,https://www.farfetch.com/p/farfetch-7-monogram-shoulder-bag
PI-1025,farfetch-farfetch-limited-edition-silk-scarf,Farfetch Limited Edition Silk Scarf,farfetch,accessories,Accessories,women,"FARFETCH Farfetch Limited Edition Silk Scarf — accessories tracked across 1 store. We compare live prices, stock and coupons so you always land on the cheapest active listing.",,,accessories; accessories,4.5,163,7554,false,,farfetch-store,560,658.82,IN STOCK,https://www.farfetch.com/p/farfetch-8-limited-edition-silk-scarf
PI-1026,farfetch-farfetch-runway-leather-loafers,Farfetch Runway Leather Loafers,farfetch,bags,Handbags,unisex,"FARFETCH Farfetch Runway Leather Loafers — handbags tracked across 1 store. We compare live prices, stock and coupons so you always land on the cheapest active listing.",,,accessories; handbags,4.6,220,7713,false,,farfetch-store,2880,3840,IN STOCK,https://www.farfetch.com/p/farfetch-9-runway-leather-loafers
PI-1027,farfetch-farfetch-heritage-sunglasses,Farfetch Heritage Sunglasses,farfetch,mens-accessories,Ready-to-Wear,men,"FARFETCH Farfetch Heritage Sunglasses — ready-to-wear tracked across 1 store. We compare live prices, stock and coupons so you always land on the cheapest active listing.",,,accessories; ready-to-wear,4.1,201,140,false,,farfetch-store,552,690,IN STOCK,https://www.farfetch.com/p/farfetch-10-heritage-sunglasses
PI-1028,farfetch-farfetch-signature-wool-coat,Farfetch Signature Wool Coat,farfetch,shoes,Footwear,women,"FARFETCH Farfetch Signature Wool Coat — footwear tracked across 1 store. We compare live prices, stock and coupons so you always land on the cheapest active listing.",,,accessories; footwear,4,210,485,false,,farfetch-store,312,567.28,IN STOCK,https://www.farfetch.com/p/farfetch-11-signature-wool-coat
PI-1029,farfetch-farfetch-monogram-tote,Farfetch Monogram Tote,farfetch,bags,Accessories,unisex,"FARFETCH Farfetch Monogram Tote — accessories tracked across 1 store. We compare live prices, stock and coupons so you always land on the cheapest active listing.",,,accessories; accessories,4.9,191,5782,false,,farfetch-store,1590,2890.9,LOW STOCK,https://www.farfetch.com/p/farfetch-12-monogram-tote
PI-1030,farfetch-farfetch-limited-edition-shoulder-bag,Farfetch Limited Edition Shoulder Bag,farfetch,mens-bags,Handbags,men,"FARFETCH Farfetch Limited Edition Shoulder Bag — handbags tracked across 1 store. We compare live prices, stock and coupons so you always land on the cheapest active listing.",,,accessories; handbags,4.3,49,1652,false,,farfetch-store,1320,1552.94,IN STOCK,https://www.farfetch.com/p/farfetch-13-limited-edition-shoulder-bag
PI-1031,farfetch-farfetch-runway-silk-scarf,Farfetch Runway Silk Scarf,farfetch,accessories,Ready-to-Wear,women,"FARFETCH Farfetch Runway Silk Scarf — ready-to-wear tracked across 1 store. We compare live prices, stock and coupons so you always land on the cheapest active listing.",,,accessories; ready-to-wear,4.8,68,7089,false,,farfetch-store,760,894.12,IN STOCK,https://www.farfetch.com/p/farfetch-14-runway-silk-scarf
PI-1032,farfetch-farfetch-heritage-leather-loafers,Farfetch Heritage Leather Loafers,farfetch,shoes,Footwear,unisex,"FARFETCH Farfetch Heritage Leather Loafers — footwear tracked across 1 store. We compare live prices, stock and coupons so you always land on the cheapest active listing.",,,accessories; footwear,4.7,211,4446,false,,farfetch-store,456,651.43,IN STOCK,https://www.farfetch.com/p/farfetch-15-heritage-leather-loafers
PI-1033,farfetch-farfetch-signature-sunglasses,Farfetch Signature Sunglasses,farfetch,mens-accessories,Accessories,men,"FARFETCH Farfetch Signature Sunglasses — accessories tracked across 1 store. We compare live prices, stock and coupons so you always land on the cheapest active listing.",,,accessories; accessories,3.8,230,1463,false,,farfetch-store,432,540,IN STOCK,https://www.farfetch.com/p/farfetch-16-signature-sunglasses
PI-1034,farfetch-farfetch-monogram-wool-coat,Farfetch Monogram Wool Coat,farfetch,bags,Handbags,women,"FARFETCH Farfetch Monogram Wool Coat — handbags tracked across 1 store. We compare live prices, stock and coupons so you always land on the cheapest active listing.",,,accessories; handbags,4.9,125,2352,false,,farfetch-store,1320,2200,IN STOCK,https://www.farfetch.com/p/farfetch-17-monogram-wool-coat
PI-1035,farfetch-farfetch-limited-edition-tote,Farfetch Limited Edition Tote,farfetch,bags,Ready-to-Wear,unisex,"FARFETCH Farfetch Limited Edition Tote — ready-to-wear tracked across 1 store. We compare live prices, stock and coupons so you always land on the cheapest active listing.",,,accessories; ready-to-wear,4,144,2803,false,,farfetch-store,2370,2962.51,OUT OF STOCK,https://www.farfetch.com/p/farfetch-18-limited-edition-tote
PI-1036,farfetch-farfetch-runway-shoulder-bag,Farfetch Runway Shoulder Bag,farfetch,mens-bags,Footwear,men,"FARFETCH Farfetch Runway Shoulder Bag — footwear tracked across 1 store. We compare live prices, stock and coupons so you always land on the cheapest active listing.",,,accessories; footwear,3.9,87,2062,false,,farfetch-store,1560,2080,IN STOCK,https://www.farfetch.com/p/farfetch-19-runway-shoulder-bag
PI-1037,farfetch-farfetch-heritage-silk-scarf,Farfetch Heritage Silk Scarf,farfetch,accessories,Accessories,women,"FARFETCH Farfetch Heritage Silk Scarf — accessories tracked across 1 store. We compare live prices, stock and coupons so you always land on the cheapest active listing.",,,accessories; accessories,4.4,106,3843,false,,farfetch-store,424,565.34,IN STOCK,https://www.farfetch.com/p/farfetch-20-heritage-silk-scarf
PI-1038,ssense-ssense-signature-shoulder-bag,Ssense Signature Shoulder Bag,ssense,mens-bags,Handbags,men,"SSENSE Ssense Signature Shoulder Bag — handbags tracked across 1 store. We compare live prices, stock and coupons so you always land on the cheapest active listing.",,,accessories; handbags,4.1,201,3140,false,,ssense-store,2550,3400,IN STOCK,https://www.ssense.com/p/ssense-1-signature-shoulder-bag
PI-1039,ssense-ssense-monogram-silk-scarf,Ssense Monogram Silk Scarf,ssense,accessories,Ready-to-Wear,women,"SSENSE Ssense Monogram Silk Scarf — ready-to-wear tracked across 1 store. We compare live prices, stock and coupons so you always land on the cheapest active listing.",,,accessories; ready-to-wear,4.6,220,903,true,,ssense-store,456,570,IN STOCK,https://www.ssense.com/p/ssense-2-monogram-silk-scarf
PI-1040,ssense-ssense-limited-edition-leather-loafers,Ssense Limited Edition Leather Loafers,ssense,shoes,Footwear,unisex,"SSENSE Ssense Limited Edition Leather Loafers — footwear tracked across 1 store. We compare live prices, stock and coupons so you always land on the cheapest active listing.",,,accessories; footwear,4.6,72,3197,false,,ssense-store,264,528,OUT OF STOCK,https://www.ssense.com/p/ssense-3-limited-edition-leather-loafers
PI-1041,ssense-ssense-runway-sunglasses,Ssense Runway Sunglasses,ssense,mens-accessories,Accessories,men,"SSENSE Ssense Runway Sunglasses — accessories tracked across 1 store. We compare live prices, stock and coupons so you always land on the cheapest active listing.",,,accessories; accessories,4.1,53,7424,false,,ssense-store,496,826.66,OUT OF STOCK,https://www.ssense.com/p/ssense-4-runway-sunglasses
PI-1042,ssense-ssense-heritage-wool-coat,Ssense Heritage Wool Coat,ssense,bags,Handbags,women,"SSENSE Ssense Heritage Wool Coat — handbags tracked across 1 store. We compare live prices, stock and coupons so you always land on the cheapest active listing.",,,accessories; handbags,3.6,234,5933,false,,ssense-store,1740,2485.71,IN STOCK,https://www.ssense.com/p/ssense-5-heritage-wool-coat
PI-1043,ssense-ssense-signature-tote,Ssense Signature Tote,ssense,bags,Ready-to-Wear,unisex,"SSENSE Ssense Signature Tote — ready-to-wear tracked across 1 store. We compare live prices, stock and coupons so you always land on the cheapest active listing.",,,accessories; ready-to-wear,4.5,215,7714,false,,ssense-store,2340,3120,IN STOCK,https://www.ssense.com/p/ssense-6-signature-tote
PI-1044,ssense-ssense-monogram-shoulder-bag,Ssense Monogram Shoulder Bag,ssense,mens-bags,Footwear,men,"SSENSE Ssense Monogram Shoulder Bag — footwear tracked across 1 store. We compare live prices, stock and coupons so you always land on the cheapest active listing.",,,accessories; footwear,4,196,2687,false,,ssense-store,1800,2250,OUT OF STOCK,https://www.ssense.com/p/ssense-7-monogram-shoulder-bag
PI-1045,ssense-ssense-limited-edition-silk-scarf,Ssense Limited Edition Silk Scarf,ssense,accessories,Accessories,women,"SSENSE Ssense Limited Edition Silk Scarf — accessories tracked across 1 store. We compare live prices, stock and coupons so you always land on the cheapest active listing.",,,accessories; accessories,4.9,177,124,true,,ssense-store,632,743.53,IN STOCK,https://www.ssense.com/p/ssense-8-limited-edition-silk-scarf
PI-1046,ssense-ssense-runway-leather-loafers,Ssense Runway Leather Loafers,ssense,bags,Handbags,unisex,"SSENSE Ssense Runway Leather Loafers — handbags tracked across 1 store. We compare live prices, stock and coupons so you always land on the cheapest active listing.",,,accessories; handbags,4.4,158,313,false,,ssense-store,2670,4450,IN STOCK,https://www.ssense.com/p/ssense-9-runway-leather-loafers
PI-1047,ssense-ssense-heritage-sunglasses,Ssense Heritage Sunglasses,ssense,mens-accessories,Ready-to-Wear,men,"SSENSE Ssense Heritage Sunglasses — ready-to-wear tracked across 1 store. We compare live prices, stock and coupons so you always land on the cheapest active listing.",,,accessories; ready-to-wear,3.9,139,1554,false,,ssense-store,328,385.88,IN STOCK,https://www.ssense.com/p/ssense-10-heritage-sunglasses
PI-1048,ssense-ssense-signature-wool-coat,Ssense Signature Wool Coat,ssense,shoes,Footwear,women,"SSENSE Ssense Signature Wool Coat — footwear tracked across 1 store. We compare live prices, stock and coupons so you always land on the cheapest active listing.",,,accessories; footwear,4.4,224,1979,false,,ssense-store,498,766.16,IN STOCK,https://www.ssense.com/p/ssense-11-signature-wool-coat
PI-1049,ssense-ssense-monogram-tote,Ssense Monogram Tote,ssense,bags,Accessories,unisex,"SSENSE Ssense Monogram Tote — accessories tracked across 1 store. We compare live prices, stock and coupons so you always land on the cheapest active listing.",,,accessories; accessories,3.9,205,4264,false,,ssense-store,2760,5018.18,OUT OF STOCK,https://www.ssense.com/p/ssense-12-monogram-tote
PI-1050,ssense-ssense-limited-edition-shoulder-bag,Ssense Limited Edition Shoulder Bag,ssense,mens-bags,Handbags,men,"SSENSE Ssense Limited Edition Shoulder Bag — handbags tracked across 1 store. We compare live prices, stock and coupons so you always land on the cheapest active listing.",,,accessories; handbags,4.7,63,5726,false,,ssense-store,1410,2169.23,IN STOCK,https://www.ssense.com/p/ssense-13-limited-edition-shoulder-bag
PI-1051,ssense-ssense-runway-silk-scarf,Ssense Runway Silk Scarf,ssense,accessories,Ready-to-Wear,women,"SSENSE Ssense Runway Silk Scarf — ready-to-wear tracked across 1 store. We compare live prices, stock and coupons so you always land on the cheapest active listing.",,,accessories; ready-to-wear,3.8,82,851,false,,ssense-store,512,930.9,IN STOCK,https://www.ssense.com/p/ssense-14-runway-silk-scarf
PI-1052,ssense-ssense-heritage-leather-loafers,Ssense Heritage Leather Loafers,ssense,shoes,Footwear,unisex,"SSENSE Ssense Heritage Leather Loafers — footwear tracked across 1 store. We compare live prices, stock and coupons so you always land on the cheapest active listing.",,,accessories; footwear,4.3,101,128,false,,ssense-store,600,1090.9,IN STOCK,https://www.ssense.com/p/ssense-15-heritage-leather-loafers
PI-1053,ssense-ssense-signature-sunglasses,Ssense Signature Sunglasses,ssense,mens-accessories,Accessories,men,"SSENSE Ssense Signature Sunglasses — accessories tracked across 1 store. We compare live prices, stock and coupons so you always land on the cheapest active listing.",,,accessories; accessories,4.8,120,2893,false,,ssense-store,704,1280,LOW STOCK,https://www.ssense.com/p/ssense-16-signature-sunglasses
PI-1054,ssense-ssense-monogram-wool-coat,Ssense Monogram Wool Coat,ssense,bags,Handbags,women,"SSENSE Ssense Monogram Wool Coat — handbags tracked across 1 store. We compare live prices, stock and coupons so you always land on the cheapest active listing.",,,accessories; handbags,4.1,187,8098,false,,ssense-store,2040,2400,IN STOCK,https://www.ssense.com/p/ssense-17-monogram-wool-coat
PI-1055,ssense-ssense-limited-edition-tote,Ssense Limited Edition Tote,ssense,bags,Ready-to-Wear,unisex,"SSENSE Ssense Limited Edition Tote — ready-to-wear tracked across 1 store. We compare live prices, stock and coupons so you always land on the cheapest active listing.",,,accessories; ready-to-wear,4.6,206,2601,false,,ssense-store,1800,2769.23,IN STOCK,https://www.ssense.com/p/ssense-18-limited-edition-tote
PI-1056,ssense-ssense-runway-shoulder-bag,Ssense Runway Shoulder Bag,ssense,mens-bags,Footwear,men,"SSENSE Ssense Runway Shoulder Bag — footwear tracked across 1 store. We compare live prices, stock and coupons so you always land on the cheapest active listing.",,,accessories; footwear,3.7,225,5892,false,,ssense-store,2610,4745.46,OUT OF STOCK,https://www.ssense.com/p/ssense-19-runway-shoulder-bag
PI-1057,ssense-ssense-heritage-silk-scarf,Ssense Heritage Silk Scarf,ssense,accessories,Accessories,women,"SSENSE Ssense Heritage Silk Scarf — accessories tracked across 1 store. We compare live prices, stock and coupons so you always land on the cheapest active listing.",,,accessories; accessories,4.2,44,559,false,,ssense-store,720,1028.57,IN STOCK,https://www.ssense.com/p/ssense-20-heritage-silk-scarf
PI-1058,net-a-porter-net-a-porter-classic-blazer,Net A Porter Classic Blazer,net-a-porter,clothing,Dresses,women,"NET-A-PORTER Net A Porter Classic Blazer — dresses tracked across 1 store. We compare live prices, stock and coupons so you always land on the cheapest active listing.",,,clothing; dresses,4.5,215,3130,false,,net-a-porter-store,800,941.18,LOW STOCK,https://www.net-a-porter.com/p/net-a-porter-1-classic-blazer
PI-1059,net-a-porter-net-a-porter-relaxed-shirt-dress,Net A Porter Relaxed Shirt Dress,net-a-porter,mens-clothing,Jackets,men,"NET-A-PORTER Net A Porter Relaxed Shirt Dress — jackets tracked across 1 store. We compare live prices, stock and coupons so you always land on the cheapest active listing.",,,clothing; jackets,3.6,234,4741,false,,net-a-porter-store,1520,2763.64,IN STOCK,https://www.net-a-porter.com/p/net-a-porter-2-relaxed-shirt-dress
PI-1060,net-a-porter-net-a-porter-slim-fit-denim-jacket,Net A Porter Slim Fit Denim Jacket,net-a-porter,clothing,Jeans,unisex,"NET-A-PORTER Net A Porter Slim Fit Denim Jacket — jeans tracked across 1 store. We compare live prices, stock and coupons so you always land on the cheapest active listing.",Denim,,clothing; jeans,4.8,58,4441,false,,net-a-porter-store,1440,2880,IN STOCK,https://www.net-a-porter.com/p/net-a-porter-3-slim-fit-denim-jacket
PI-1061,net-a-porter-net-a-porter-oversized-knit-sweater,Net A Porter Oversized Knit Sweater,net-a-porter,clothing,Shirts,women,"NET-A-PORTER Net A Porter Oversized Knit Sweater — shirts tracked across 1 store. We compare live prices, stock and coupons so you always land on the cheapest active listing.",,,clothing; shirts,3.9,77,1202,false,,net-a-porter-store,1860,3720,OUT OF STOCK,https://www.net-a-porter.com/p/net-a-porter-4-oversized-knit-sweater
PI-1062,net-a-porter-net-a-porter-tailored-trench-coat,Net A Porter Tailored Trench Coat,net-a-porter,mens-clothing,Sweaters,men,"NET-A-PORTER Net A Porter Tailored Trench Coat — sweaters tracked across 1 store. We compare live prices, stock and coupons so you always land on the cheapest active listing.",Red,,clothing; sweaters,3.8,220,1041,false,,net-a-porter-store,1780,3560,IN STOCK,https://www.net-a-porter.com/p/net-a-porter-5-tailored-trench-coat
PI-1063,net-a-porter-net-a-porter-classic-midi-dress,Net A Porter Classic Midi Dress,net-a-porter,clothing,Dresses,unisex,"NET-A-PORTER Net A Porter Classic Midi Dress — dresses tracked across 1 store. We compare live prices, stock and coupons so you always land on the cheapest active listing.",,,clothing; dresses,4.3,239,5788,false,,net-a-porter-store,1980,3960,IN STOCK,https://www.net-a-porter.com/p/net-a-porter-6-classic-midi-dress
PI-1064,net-a-porter-net-a-porter-relaxed-blazer,Net A Porter Relaxed Blazer,net-a-porter,clothing,Jackets,women,"NET-A-PORTER Net A Porter Relaxed Blazer — jackets tracked across 1 store. We compare live prices, stock and coupons so you always land on the cheapest active listing.",,,clothing; jackets,4.2,182,5923,false,,net-a-porter-store,1060,1927.28,IN STOCK,https://www.net-a-porter.com/p/net-a-porter-7-relaxed-blazer
PI-1065,net-a-porter-net-a-porter-slim-fit-shirt-dress,Net A Porter Slim Fit Shirt Dress,net-a-porter,mens-clothing,Jeans,men,"NET-A-PORTER Net A Porter Slim Fit Shirt Dress — jeans tracked across 1 store. We compare live prices, stock and coupons so you always land on the cheapest active listing.",,,clothing; jeans,4.7,201,6062,false,,net-a-porter-store,1080,1963.64,IN STOCK,https://www.net-a-porter.com/p/net-a-porter-8-slim-fit-shirt-dress
PI-1066,net-a-porter-net-a-porter-oversized-denim-jacket,Net A Porter Oversized Denim Jacket,net-a-porter,clothing,Shirts,unisex,"NET-A-PORTER Net A Porter Oversized Denim Jacket — shirts tracked across 1 store. We compare live prices, stock and coupons so you always land on the cheapest active listing.",Denim,,clothing; shirts,4.6,144,6803,false,,net-a-porter-store,1460,2654.54,OUT OF STOCK,https://www.net-a-porter.com/p/net-a-porter-9-oversized-denim-jacket
PI-1067,net-a-porter-net-a-porter-tailored-knit-sweater,Net A Porter Tailored Knit Sweater,net-a-porter,clothing,Sweaters,women,"NET-A-PORTER Net A Porter Tailored Knit Sweater — sweaters tracked across 1 store. We compare live prices, stock and coupons so you always land on the cheapest active listing.",Red,,clothing; sweaters,3.7,163,976,false,,net-a-porter-store,1640,2733.34,IN STOCK,https://www.net-a-porter.com/p/net-a-porter-10-tailored-knit-sweater
PI-1068,net-a-porter-net-a-porter-classic-trench-coat,Net A Porter Classic Trench Coat,net-a-porter,mens-clothing,Dresses,men,"NET-A-PORTER Net A Porter Classic Trench Coat — dresses tracked across 1 store. We compare live prices, stock and coupons so you always land on the cheapest active listing.",,,clothing; dresses,3.6,106,577,false,,net-a-porter-store,940,1342.86,LOW STOCK,https://www.net-a-porter.com/p/net-a-porter-11-classic-trench-coat
PI-1069,net-a-porter-net-a-porter-relaxed-midi-dress,Net A Porter Relaxed Midi Dress,net-a-porter,clothing,Jackets,unisex,"NET-A-PORTER Net A Porter Relaxed Midi Dress — jackets tracked across 1 store. We compare live prices, stock and coupons so you always land on the cheapest active listing.",,,clothing; jackets,4.1,125,842,false,,net-a-porter-store,1420,2184.61,IN STOCK,https://www.net-a-porter.com/p/net-a-porter-12-relaxed-midi-dress
PI-1070,net-a-porter-net-a-porter-slim-fit-blazer,Net A Porter Slim Fit Blazer,net-a-porter,clothing,Jeans,women,"NET-A-PORTER Net A Porter Slim Fit Blazer — jeans tracked across 1 store. We compare live prices, stock and coupons so you always land on the cheapest active listing.",,,clothing; jeans,4.1,59,3048,true,,net-a-porter-store,1380,2760,LOW STOCK,https://www.net-a-porter.com/p/net-a-porter-13-slim-fit-blazer
PI-1071,net-a-porter-net-a-porter-oversized-shirt-dress,Net A Porter Oversized Shirt Dress,net-a-porter,mens-clothing,Shirts,men,"NET-A-PORTER Net A Porter Oversized Shirt Dress — shirts tracked across 1 store. We compare live prices, stock and coupons so you always land on the cheapest active listing.",,,clothing; shirts,3.6,40,4859,true,,net-a-porter-store,1900,3800,IN STOCK,https://www.net-a-porter.com/p/net-a-porter-14-oversized-shirt-dress
PI-1072,net-a-porter-net-a-porter-tailored-denim-jacket,Net A Porter Tailored Denim Jacket,net-a-porter,clothing,Sweaters,unisex,"NET-A-PORTER Net A Porter Tailored Denim Jacket — sweaters tracked across 1 store. We compare live prices, stock and coupons so you always land on the cheapest active listing.",Red,,clothing; sweaters,3.7,97,5670,false,,net-a-porter-store,1780,2225,LOW STOCK,https://www.net-a-porter.com/p/net-a-porter-15-tailored-denim-jacket
PI-1073,net-a-porter-net-a-porter-classic-knit-sweater,Net A Porter Classic Knit Sweater,net-a-porter,clothing,Dresses,women,"NET-A-PORTER Net A Porter Classic Knit Sweater — dresses tracked across 1 store. We compare live prices, stock and coupons so you always land on the cheapest active listing.",,,clothing; dresses,4.6,78,7317,false,,net-a-porter-store,1340,2233.34,IN STOCK,https://www.net-a-porter.com/p/net-a-porter-16-classic-knit-sweater
PI-1074,net-a-porter-net-a-porter-relaxed-trench-coat,Net A Porter Relaxed Trench Coat,net-a-porter,mens-clothing,Jackets,men,"NET-A-PORTER Net A Porter Relaxed Trench Coat — jackets tracked across 1 store. We compare live prices, stock and coupons so you always land on the cheapest active listing.",,,clothing; jackets,4.7,135,4292,false,,net-a-porter-store,1860,2480,LOW STOCK,https://www.net-a-porter.com/p/net-a-porter-17-relaxed-trench-coat
PI-1075,net-a-porter-net-a-porter-slim-fit-midi-dress,Net A Porter Slim Fit Midi Dress,net-a-porter,clothing,Jeans,unisex,"NET-A-PORTER Net A Porter Slim Fit Midi Dress — jeans tracked across 1 store. We compare live prices, stock and coupons so you always land on the cheapest active listing.",,,clothing; jeans,4.2,116,3689,false,,net-a-porter-store,1520,2026.66,IN STOCK,https://www.net-a-porter.com/p/net-a-porter-18-slim-fit-midi-dress
PI-1076,net-a-porter-net-a-porter-oversized-blazer,Net A Porter Oversized Blazer,net-a-porter,clothing,Shirts,women,"NET-A-PORTER Net A Porter Oversized Blazer — shirts tracked across 1 store. We compare live prices, stock and coupons so you always land on the cheapest active listing.",,,clothing; shirts,4.3,173,5162,false,,net-a-porter-store,1700,3400,IN STOCK,https://www.net-a-porter.com/p/net-a-porter-19-oversized-blazer
PI-1077,net-a-porter-net-a-porter-tailored-shirt-dress,Net A Porter Tailored Shirt Dress,net-a-porter,mens-clothing,Sweaters,men,"NET-A-PORTER Net A Porter Tailored Shirt Dress — sweaters tracked across 1 store. We compare live prices, stock and coupons so you always land on the cheapest active listing.",Red,,clothing; sweaters,3.8,154,2255,false,,net-a-porter-store,1280,1505.88,IN STOCK,https://www.net-a-porter.com/p/net-a-porter-20-tailored-shirt-dress
PI-1078,mr-porter-mr-porter-slim-fit-denim-jeans,Mr Porter Slim Fit Denim Jeans,mr-porter,mens-clothing,Shirts,men,"MR PORTER Mr Porter Slim Fit Denim Jeans — shirts tracked across 5 stores. We compare live prices, stock and coupons so you always land on the cheapest active listing.",Denim,,mens-clothing; shirts,3.9,211,6464,false,,mr-porter-store,1980,3600,IN STOCK,https://www.mrporter.com/p/mr-porter-1-slim-fit-denim-jeans
PI-1078,mr-porter-mr-porter-slim-fit-denim-jeans,Mr Porter Slim Fit Denim Jeans,mr-porter,mens-clothing,Shirts,men,"MR PORTER Mr Porter Slim Fit Denim Jeans — shirts tracked across 5 stores. We compare live prices, stock and coupons so you always land on the cheapest active listing.",Denim,,mens-clothing; shirts,3.9,211,6464,false,,mr-porter-store,980,1507.69,IN STOCK,https://www.mrporter.com/p/mr-porter-5-slim-fit-denim-jeans
PI-1078,mr-porter-mr-porter-slim-fit-denim-jeans,Mr Porter Slim Fit Denim Jeans,mr-porter,mens-clothing,Shirts,men,"MR PORTER Mr Porter Slim Fit Denim Jeans — shirts tracked across 5 stores. We compare live prices, stock and coupons so you always land on the cheapest active listing.",Denim,,mens-clothing; shirts,3.9,211,6464,false,,mr-porter-store,900,1800,IN STOCK,https://www.mrporter.com/p/mr-porter-9-slim-fit-denim-jeans
PI-1078,mr-porter-mr-porter-slim-fit-denim-jeans,Mr Porter Slim Fit Denim Jeans,mr-porter,mens-clothing,Shirts,men,"MR PORTER Mr Porter Slim Fit Denim Jeans — shirts tracked across 5 stores. We compare live prices, stock and coupons so you always land on the cheapest active listing.",Denim,,mens-clothing; shirts,3.9,211,6464,false,,mr-porter-store,1020,1200,IN STOCK,https://www.mrporter.com/p/mr-porter-13-slim-fit-denim-jeans
PI-1078,mr-porter-mr-porter-slim-fit-denim-jeans,Mr Porter Slim Fit Denim Jeans,mr-porter,mens-clothing,Shirts,men,"MR PORTER Mr Porter Slim Fit Denim Jeans — shirts tracked across 5 stores. We compare live prices, stock and coupons so you always land on the cheapest active listing.",Denim,,mens-clothing; shirts,3.9,211,6464,false,,mr-porter-store,1560,1950,IN STOCK,https://www.mrporter.com/p/mr-porter-17-slim-fit-denim-jeans
PI-1079,mr-porter-mr-porter-classic-oxford-shirt,Mr Porter Classic Oxford Shirt,mr-porter,mens-clothing,Jeans,men,"MR PORTER Mr Porter Classic Oxford Shirt — jeans tracked across 5 stores. We compare live prices, stock and coupons so you always land on the cheapest active listing.",,,mens-clothing; jeans,4.8,192,6707,false,,mr-porter-store,1420,2184.61,IN STOCK,https://www.mrporter.com/p/mr-porter-2-classic-oxford-shirt
PI-1079,mr-porter-mr-porter-classic-oxford-shirt,Mr Porter Classic Oxford Shirt,mr-porter,mens-clothing,Jeans,men,"MR PORTER Mr Porter Classic Oxford Shirt — jeans tracked across 5 stores. We compare live prices, stock and coupons so you always land on the cheapest active listing.",,,mens-clothing; jeans,4.8,192,6707,false,,mr-porter-store,1220,1525,IN STOCK,https://www.mrporter.com/p/mr-porter-6-classic-oxford-shirt
PI-1079,mr-porter-mr-porter-classic-oxford-shirt,Mr Porter Classic Oxford Shirt,mr-porter,mens-clothing,Jeans,men,"MR PORTER Mr Porter Classic Oxford Shirt — jeans tracked across 5 stores. We compare live prices, stock and coupons so you always land on the cheapest active listing.",,,mens-clothing; jeans,4.8,192,6707,false,,mr-porter-store,1240,2066.66,IN STOCK,https://www.mrporter.com/p/mr-porter-10-classic-oxford-shirt
PI-1079,mr-porter-mr-porter-classic-oxford-shirt,Mr Porter Classic Oxford Shirt,mr-porter,mens-clothing,Jeans,men,"MR PORTER Mr Porter Classic Oxford Shirt — jeans tracked across 5 stores. We compare live prices, stock and coupons so you always land on the cheapest active listing.",,,mens-clothing; jeans,4.8,192,6707,false,,mr-porter-store,1700,2615.39,LOW STOCK,https://www.mrporter.com/p/mr-porter-14-classic-oxford-shirt
PI-1079,mr-porter-mr-porter-classic-oxford-shirt,Mr Porter Classic Oxford Shirt,mr-porter,mens-clothing,Jeans,men,"MR PORTER Mr Porter Classic Oxford Shirt — jeans tracked across 5 stores. We compare live prices, stock and coupons so you always land on the cheapest active listing.",,,mens-clothing; jeans,4.8,192,6707,false,,mr-porter-store,800,1230.77,IN STOCK,https://www.mrporter.com/p/mr-porter-18-classic-oxford-shirt
PI-1080,mr-porter-mr-porter-relaxed-chino-trousers,Mr Porter Relaxed Chino Trousers,mr-porter,mens-clothing,Jackets,men,"MR PORTER Mr Porter Relaxed Chino Trousers — jackets tracked across 5 stores. We compare live prices, stock and coupons so you always land on the cheapest active listing.",,,mens-clothing; jackets,4.4,44,271,false,,mr-porter-store,1500,2500,IN STOCK,https://www.mrporter.com/p/mr-porter-3-relaxed-chino-trousers
PI-1080,mr-porter-mr-porter-relaxed-chino-trousers,Mr Porter Relaxed Chino Trousers,mr-porter,mens-clothing,Jackets,men,"MR PORTER Mr Porter Relaxed Chino Trousers — jackets tracked across 5 stores. We compare live prices, stock and coupons so you always land on the cheapest active listing.",,,mens-clothing; jackets,4.4,44,271,false,,mr-porter-store,2000,2666.66,IN STOCK,https://www.mrporter.com/p/mr-porter-7-relaxed-chino-trousers
PI-1080,mr-porter-mr-porter-relaxed-chino-trousers,Mr Porter Relaxed Chino Trousers,mr-porter,mens-clothing,Jackets,men,"MR PORTER Mr Porter Relaxed Chino Trousers — jackets tracked across 5 stores. We compare live prices, stock and coupons so you always land on the cheapest active listing.",,,mens-clothing; jackets,4.4,44,271,false,,mr-porter-store,1260,2290.9,IN STOCK,https://www.mrporter.com/p/mr-porter-11-relaxed-chino-trousers
PI-1080,mr-porter-mr-porter-relaxed-chino-trousers,Mr Porter Relaxed Chino Trousers,mr-porter,mens-clothing,Jackets,men,"MR PORTER Mr Porter Relaxed Chino Trousers — jackets tracked across 5 stores. We compare live prices, stock and coupons so you always land on the cheapest active listing.",,,mens-clothing; jackets,4.4,44,271,false,,mr-porter-store,1440,2057.14,IN STOCK,https://www.mrporter.com/p/mr-porter-15-relaxed-chino-trousers
PI-1080,mr-porter-mr-porter-relaxed-chino-trousers,Mr Porter Relaxed Chino Trousers,mr-porter,mens-clothing,Jackets,men,"MR PORTER Mr Porter Relaxed Chino Trousers — jackets tracked across 5 stores. We compare live prices, stock and coupons so you always land on the cheapest active listing.",,,mens-clothing; jackets,4.4,44,271,false,,mr-porter-store,1060,1247.06,IN STOCK,https://www.mrporter.com/p/mr-porter-19-relaxed-chino-trousers
PI-1081,mr-porter-mr-porter-tailored-bomber-jacket,Mr Porter Tailored Bomber Jacket,mr-porter,mens-clothing,Chinos,men,"MR PORTER Mr Porter Tailored Bomber Jacket — chinos tracked across 5 stores. We compare live prices, stock and coupons so you always land on the cheapest active listing.",Red,,mens-clothing; chinos,4.9,63,844,false,,mr-porter-store,1480,2276.93,IN STOCK,https://www.mrporter.com/p/mr-porter-4-tailored-bomber-jacket
PI-1081,mr-porter-mr-porter-tailored-bomber-jacket,Mr Porter Tailored Bomber Jacket,mr-porter,mens-clothing,Chinos,men,"MR PORTER Mr Porter Tailored Bomber Jacket — chinos tracked across 5 stores. We compare live prices, stock and coupons so you always land on the cheapest active listing.",Red,,mens-clothing; chinos,4.9,63,844,false,,mr-porter-store,860,1011.76,IN STOCK,https://www.mrporter.com/p/mr-porter-8-tailored-bomber-jacket
PI-1081,mr-porter-mr-porter-tailored-bomber-jacket,Mr Porter Tailored Bomber Jacket,mr-porter,mens-clothing,Chinos,men,"MR PORTER Mr Porter Tailored Bomber Jacket — chinos tracked across 5 stores. We compare live prices, stock and coupons so you always land on the cheapest active listing.",Red,,mens-clothing; chinos,4.9,63,844,false,,mr-porter-store,940,1342.88,IN STOCK,https://www.mrporter.com/p/mr-porter-12-tailored-bomber-jacket
PI-1081,mr-porter-mr-porter-tailored-bomber-jacket,Mr Porter Tailored Bomber Jacket,mr-porter,mens-clothing,Chinos,men,"MR PORTER Mr Porter Tailored Bomber Jacket — chinos tracked across 5 stores. We compare live prices, stock and coupons so you always land on the cheapest active listing.",Red,,mens-clothing; chinos,4.9,63,844,false,,mr-porter-store,1000,1250,IN STOCK,https://www.mrporter.com/p/mr-porter-16-tailored-bomber-jacket
PI-1081,mr-porter-mr-porter-tailored-bomber-jacket,Mr Porter Tailored Bomber Jacket,mr-porter,mens-clothing,Chinos,men,"MR PORTER Mr Porter Tailored Bomber Jacket — chinos tracked across 5 stores. We compare live prices, stock and coupons so you always land on the cheapest active listing.",Red,,mens-clothing; chinos,4.9,63,844,false,,mr-porter-store,1360,2266.66,IN STOCK,https://www.mrporter.com/p/mr-porter-20-tailored-bomber-jacket
PI-1082,mytheresa-mytheresa-signature-shoulder-bag,Mytheresa Signature Shoulder Bag,mytheresa,mens-bags,Handbags,men,"Mytheresa Mytheresa Signature Shoulder Bag — handbags tracked across 1 store. We compare live prices, stock and coupons so you always land on the cheapest active listing.",,,accessories; handbags,4,82,4967,false,,mytheresa-store,2130,3276.93,OUT OF STOCK,https://www.mytheresa.com/p/mytheresa-1-signature-shoulder-bag
PI-1083,mytheresa-mytheresa-monogram-silk-scarf,Mytheresa Monogram Silk Scarf,mytheresa,accessories,Ready-to-Wear,women,"Mytheresa Mytheresa Monogram Silk Scarf — ready-to-wear tracked across 1 store. We compare live prices, stock and coupons so you always land on the cheapest active listing.",,,accessories; ready-to-wear,4.5,101,5806,false,,mytheresa-store,408,627.69,IN STOCK,https://www.mytheresa.com/p/mytheresa-2-monogram-silk-scarf
PI-1084,mytheresa-mytheresa-limited-edition-leather-loafers,Mytheresa Limited Edition Leather Loafers,mytheresa,shoes,Footwear,unisex,"Mytheresa Mytheresa Limited Edition Leather Loafers — footwear tracked across 1 store. We compare live prices, stock and coupons so you always land on the cheapest active listing.",,,accessories; footwear,3.8,168,2989,false,,mytheresa-store,294,392,LOW STOCK,https://www.mytheresa.com/p/mytheresa-3-limited-edition-leather-loafers
PI-1085,mytheresa-mytheresa-runway-sunglasses,Mytheresa Runway Sunglasses,mytheresa,mens-accessories,Accessories,men,"Mytheresa Mytheresa Runway Sunglasses — accessories tracked across 1 store. We compare live prices, stock and coupons so you always land on the cheapest active listing.",,,accessories; accessories,4.3,187,2976,false,,mytheresa-store,664,1106.66,IN STOCK,https://www.mytheresa.com/p/mytheresa-4-runway-sunglasses
PI-1086,mytheresa-mytheresa-heritage-wool-coat,Mytheresa Heritage Wool Coat,mytheresa,bags,Handbags,women,"Mytheresa Mytheresa Heritage Wool Coat — handbags tracked across 1 store. We compare live prices, stock and coupons so you always land on the cheapest active listing.",,,accessories; handbags,4.8,206,4403,false,,mytheresa-store,2070,3450,LOW STOCK,https://www.mytheresa.com/p/mytheresa-5-heritage-wool-coat
PI-1087,mytheresa-mytheresa-signature-tote,Mytheresa Signature Tote,mytheresa,bags,Ready-to-Wear,unisex,"Mytheresa Mytheresa Signature Tote — ready-to-wear tracked across 1 store. We compare live prices, stock and coupons so you always land on the cheapest active listing.",,,accessories; ready-to-wear,3.9,225,5234,false,,mytheresa-store,1980,3960,IN STOCK,https://www.mytheresa.com/p/mytheresa-6-signature-tote
PI-1088,mytheresa-mytheresa-monogram-shoulder-bag,Mytheresa Monogram Shoulder Bag,mytheresa,mens-bags,Footwear,men,"Mytheresa Mytheresa Monogram Shoulder Bag — footwear tracked across 1 store. We compare live prices, stock and coupons so you always land on the cheapest active listing.",,,accessories; footwear,4.6,92,281,false,,mytheresa-store,1800,3272.72,IN STOCK,https://www.mytheresa.com/p/mytheresa-7-monogram-shoulder-bag
PI-1089,mytheresa-mytheresa-limited-edition-silk-scarf,Mytheresa Limited Edition Silk Scarf,mytheresa,accessories,Accessories,women,"Mytheresa Mytheresa Limited Edition Silk Scarf — accessories tracked across 1 store. We compare live prices, stock and coupons so you always land on the cheapest active listing.",,,accessories; accessories,3.7,111,6364,false,,mytheresa-store,456,536.47,IN STOCK,https://www.mytheresa.com/p/mytheresa-8-limited-edition-silk-scarf
PI-1090,mytheresa-mytheresa-runway-leather-loafers,Mytheresa Runway Leather Loafers,mytheresa,bags,Handbags,unisex,"Mytheresa Mytheresa Runway Leather Loafers — handbags tracked across 1 store. We compare live prices, stock and coupons so you always land on the cheapest active listing.",,,accessories; handbags,4.3,53,1746,false,,mytheresa-store,2160,4320,LOW STOCK,https://www.mytheresa.com/p/mytheresa-9-runway-leather-loafers
PI-1091,mytheresa-mytheresa-heritage-sunglasses,Mytheresa Heritage Sunglasses,mytheresa,mens-accessories,Ready-to-Wear,men,"Mytheresa Mytheresa Heritage Sunglasses — ready-to-wear tracked across 1 store. We compare live prices, stock and coupons so you always land on the cheapest active listing.",,,accessories; ready-to-wear,3.8,234,1591,true,,mytheresa-store,672,1221.82,IN STOCK,https://www.mytheresa.com/p/mytheresa-10-heritage-sunglasses
PI-1092,mytheresa-mytheresa-signature-wool-coat,Mytheresa Signature Wool Coat,mytheresa,shoes,Footwear,women,"Mytheresa Mytheresa Signature Wool Coat — footwear tracked across 1 store. We compare live prices, stock and coupons so you always land on the cheapest active listing.",,,accessories; footwear,4.7,215,1076,false,,mytheresa-store,450,600,LOW STOCK,https://www.mytheresa.com/p/mytheresa-11-signature-wool-coat
PI-1093,mytheresa-mytheresa-monogram-tote,Mytheresa Monogram Tote,mytheresa,bags,Accessories,unisex,"Mytheresa Mytheresa Monogram Tote — accessories tracked across 1 store. We compare live prices, stock and coupons so you always land on the cheapest active listing.",,,accessories; accessories,4.2,196,5951,false,,mytheresa-store,2700,4909.1,IN STOCK,https://www.mytheresa.com/p/mytheresa-12-monogram-tote
PI-1094,mytheresa-mytheresa-limited-edition-shoulder-bag,Mytheresa Limited Edition Shoulder Bag,mytheresa,mens-bags,Handbags,men,"Mytheresa Mytheresa Limited Edition Shoulder Bag — handbags tracked across 1 store. We compare live prices, stock and coupons so you always land on the cheapest active listing.",,,accessories; handbags,3.7,177,8078,false,,mytheresa-store,2160,2541.18,IN STOCK,https://www.mytheresa.com/p/mytheresa-13-limited-edition-shoulder-bag
PI-1095,mytheresa-mytheresa-runway-silk-scarf,Mytheresa Runway Silk Scarf,mytheresa,accessories,Ready-to-Wear,women,"Mytheresa Mytheresa Runway Silk Scarf — ready-to-wear tracked across 1 store. We compare live prices, stock and coupons so you always land on the cheapest active listing.",,,accessories; ready-to-wear,4.6,158,4973,false,,mytheresa-store,656,937.14,IN STOCK,https://www.mytheresa.com/p/mytheresa-14-runway-silk-scarf
PI-1096,mytheresa-mytheresa-heritage-leather-loafers,Mytheresa Heritage Leather Loafers,mytheresa,shoes,Footwear,unisex,"Mytheresa Mytheresa Heritage Leather Loafers — footwear tracked across 1 store. We compare live prices, stock and coupons so you always land on the cheapest active listing.",,,accessories; footwear,4.1,139,6016,false,,mytheresa-store,528,812.31,IN STOCK,https://www.mytheresa.com/p/mytheresa-15-heritage-leather-loafers
PI-1097,mytheresa-mytheresa-signature-sunglasses,Mytheresa Signature Sunglasses,mytheresa,mens-accessories,Accessories,men,"Mytheresa Mytheresa Signature Sunglasses — accessories tracked across 1 store. We compare live prices, stock and coupons so you always land on the cheapest active listing.",,,accessories; accessories,3.6,120,6259,false,,mytheresa-store,480,872.72,IN STOCK,https://www.mytheresa.com/p/mytheresa-16-signature-sunglasses
PI-1098,mytheresa-mytheresa-monogram-wool-coat,Mytheresa Monogram Wool Coat,mytheresa,bags,Handbags,women,"Mytheresa Mytheresa Monogram Wool Coat — handbags tracked across 1 store. We compare live prices, stock and coupons so you always land on the cheapest active listing.",,,accessories; handbags,4.5,101,5610,false,,mytheresa-store,2010,2512.51,IN STOCK,https://www.mytheresa.com/p/mytheresa-17-monogram-wool-coat
PI-1099,mytheresa-mytheresa-limited-edition-tote,Mytheresa Limited Edition Tote,mytheresa,bags,Ready-to-Wear,unisex,"Mytheresa Mytheresa Limited Edition Tote — ready-to-wear tracked across 1 store. We compare live prices, stock and coupons so you always land on the cheapest active listing.",,,accessories; ready-to-wear,4,82,2703,true,,mytheresa-store,1590,1870.59,IN STOCK,https://www.mytheresa.com/p/mytheresa-18-limited-edition-tote
PI-1100,mytheresa-mytheresa-runway-shoulder-bag,Mytheresa Runway Shoulder Bag,mytheresa,mens-bags,Footwear,men,"Mytheresa Mytheresa Runway Shoulder Bag — footwear tracked across 1 store. We compare live prices, stock and coupons so you always land on the cheapest active listing.",,,accessories; footwear,3.9,201,5804,false,,mytheresa-store,1980,2828.57,IN STOCK,https://www.mytheresa.com/p/mytheresa-19-runway-shoulder-bag
PI-1101,mytheresa-mytheresa-heritage-silk-scarf,Mytheresa Heritage Silk Scarf,mytheresa,accessories,Accessories,women,"Mytheresa Mytheresa Heritage Silk Scarf — accessories tracked across 1 store. We compare live prices, stock and coupons so you always land on the cheapest active listing.",,,accessories; accessories,4.4,220,3439,false,,mytheresa-store,416,594.29,IN STOCK,https://www.mytheresa.com/p/mytheresa-20-heritage-silk-scarf
PI-1102,luisaviaroma-luisaviaroma-signature-shoulder-bag,Luisaviaroma Signature Shoulder Bag,luisaviaroma,mens-bags,Handbags,men,"Luisaviaroma Luisaviaroma Signature Shoulder Bag — handbags tracked across 1 store. We compare live prices, stock and coupons so you always land on the cheapest active listing.",,,accessories; handbags,4.3,163,4302,false,,luisaviaroma-store,1830,2152.94,IN STOCK,https://www.luisaviaroma.com/p/luisaviaroma-1-signature-shoulder-bag
PI-1103,luisaviaroma-luisaviaroma-monogram-silk-scarf,Luisaviaroma Monogram Silk Scarf,luisaviaroma,accessories,Ready-to-Wear,women,"Luisaviaroma Luisaviaroma Monogram Silk Scarf — ready-to-wear tracked across 1 store. We compare live prices, stock and coupons so you always land on the cheapest active listing.",,,accessories; ready-to-wear,4.8,182,6855,true,,luisaviaroma-store,352,640,LOW STOCK,https://www.luisaviaroma.com/p/luisaviaroma-2-monogram-silk-scarf
PI-1104,luisaviaroma-luisaviaroma-limited-edition-leather-loafers,Luisaviaroma Limited Edition Leather Loafers,luisaviaroma,shoes,Footwear,unisex,"Luisaviaroma Luisaviaroma Limited Edition Leather Loafers — footwear tracked across 1 store. We compare live prices, stock and coupons so you always land on the cheapest active listing.",,,accessories; footwear,4.5,77,6896,false,,luisaviaroma-store,384,698.18,LOW STOCK,https://www.luisaviaroma.com/p/luisaviaroma-3-limited-edition-leather-loafers
PI-1105,luisaviaroma-luisaviaroma-runway-sunglasses,Luisaviaroma Runway Sunglasses,luisaviaroma,mens-accessories,Accessories,men,"Luisaviaroma Luisaviaroma Runway Sunglasses — accessories tracked across 1 store. We compare live prices, stock and coupons so you always land on the cheapest active listing.",,,accessories; accessories,3.6,96,2573,false,,luisaviaroma-store,336,448,IN STOCK,https://www.luisaviaroma.com/p/luisaviaroma-4-runway-sunglasses
PI-1106,luisaviaroma-luisaviaroma-heritage-wool-coat,Luisaviaroma Heritage Wool Coat,luisaviaroma,bags,Handbags,women,"Luisaviaroma Luisaviaroma Heritage Wool Coat — handbags tracked across 1 store. We compare live prices, stock and coupons so you always land on the cheapest active listing.",,,accessories; handbags,4.9,239,4178,false,,luisaviaroma-store,1980,2329.41,IN STOCK,https://www.luisaviaroma.com/p/luisaviaroma-5-heritage-wool-coat
PI-1107,luisaviaroma-luisaviaroma-signature-tote,Luisaviaroma Signature Tote,luisaviaroma,bags,Ready-to-Wear,unisex,"Luisaviaroma Luisaviaroma Signature Tote — ready-to-wear tracked across 1 store. We compare live prices, stock and coupons so you always land on the cheapest active listing.",,,accessories; ready-to-wear,4,58,5469,false,,luisaviaroma-store,2670,4107.69,IN STOCK,https://www.luisaviaroma.com/p/luisaviaroma-6-signature-tote
PI-1108,luisaviaroma-luisaviaroma-monogram-shoulder-bag,Luisaviaroma Monogram Shoulder Bag,luisaviaroma,mens-bags,Footwear,men,"Luisaviaroma Luisaviaroma Monogram Shoulder Bag — footwear tracked across 1 store. We compare live prices, stock and coupons so you always land on the cheapest active listing.",,,accessories; footwear,3.7,153,4916,false,,luisaviaroma-store,2430,4050,IN STOCK,https://www.luisaviaroma.com/p/luisaviaroma-7-monogram-shoulder-bag
PI-1109,luisaviaroma-luisaviaroma-limited-edition-silk-scarf,Luisaviaroma Limited Edition Silk Scarf,luisaviaroma,accessories,Accessories,women,"Luisaviaroma Luisaviaroma Limited Edition Silk Scarf — accessories tracked across 1 store. We compare live prices, stock and coupons so you always land on the cheapest active listing.",,,accessories; accessories,4.2,172,5241,false,,luisaviaroma-store,408,627.69,IN STOCK,https://www.luisaviaroma.com/p/luisaviaroma-8-limited-edition-silk-scarf
PI-1110,luisaviaroma-luisaviaroma-runway-leather-loafers,Luisaviaroma Runway Leather Loafers,luisaviaroma,bags,Handbags,unisex,"Luisaviaroma Luisaviaroma Runway Leather Loafers — handbags tracked across 1 store. We compare live prices, stock and coupons so you always land on the cheapest active listing.",,,accessories; handbags,3.8,210,8067,false,,luisaviaroma-store,1800,3272.72,IN STOCK,https://www.luisaviaroma.com/p/luisaviaroma-9-runway-leather-loafers
PI-1111,luisaviaroma-luisaviaroma-heritage-sunglasses,Luisaviaroma Heritage Sunglasses,luisaviaroma,mens-accessories,Ready-to-Wear,men,"Luisaviaroma Luisaviaroma Heritage Sunglasses — ready-to-wear tracked across 1 store. We compare live prices, stock and coupons so you always land on the cheapest active listing.",,,accessories; ready-to-wear,4.7,191,2658,false,,luisaviaroma-store,560,861.54,IN STOCK,https://www.luisaviaroma.com/p/luisaviaroma-10-heritage-sunglasses
PI-1112,luisaviaroma-luisaviaroma-signature-wool-coat,Luisaviaroma Signature Wool Coat,luisaviaroma,shoes,Footwear,women,"Luisaviaroma Luisaviaroma Signature Wool Coat — footwear tracked across 1 store. We compare live prices, stock and coupons so you always land on the cheapest active listing.",,,accessories; footwear,4.8,48,6781,false,,luisaviaroma-store,492,894.54,LOW STOCK,https://www.luisaviaroma.com/p/luisaviaroma-11-signature-wool-coat
PI-1113,luisaviaroma-luisaviaroma-monogram-tote,Luisaviaroma Monogram Tote,luisaviaroma,bags,Accessories,unisex,"Luisaviaroma Luisaviaroma Monogram Tote — accessories tracked across 1 store. We compare live prices, stock and coupons so you always land on the cheapest active listing.",,,accessories; accessories,4.3,229,1216,false,,luisaviaroma-store,1620,2492.31,IN STOCK,https://www.luisaviaroma.com/p/luisaviaroma-12-monogram-tote
PI-1114,luisaviaroma-luisaviaroma-limited-edition-shoulder-bag,Luisaviaroma Limited Edition Shoulder Bag,luisaviaroma,mens-bags,Handbags,men,"Luisaviaroma Luisaviaroma Limited Edition Shoulder Bag — handbags tracked across 1 store. We compare live prices, stock and coupons so you always land on the cheapest active listing.",,,accessories; handbags,4.6,134,1145,false,,luisaviaroma-store,1740,2485.71,IN STOCK,https://www.luisaviaroma.com/p/luisaviaroma-13-limited-edition-shoulder-bag
PI-1115,luisaviaroma-luisaviaroma-runway-silk-scarf,Luisaviaroma Runway Silk Scarf,luisaviaroma,accessories,Ready-to-Wear,women,"Luisaviaroma Luisaviaroma Runway Silk Scarf — ready-to-wear tracked across 1 store. We compare live prices, stock and coupons so you always land on the cheapest active listing.",,,accessories; ready-to-wear,4.1,115,990,false,,luisaviaroma-store,560,1120,IN STOCK,https://www.luisaviaroma.com/p/luisaviaroma-14-runway-silk-scarf
PI-1116,luisaviaroma-luisaviaroma-heritage-leather-loafers,Luisaviaroma Heritage Leather Loafers,luisaviaroma,shoes,Footwear,unisex,"Luisaviaroma Luisaviaroma Heritage Leather Loafers — footwear tracked across 1 store. We compare live prices, stock and coupons so you always land on the cheapest active listing.",,,accessories; footwear,4.2,172,1151,false,,luisaviaroma-store,312,416,IN STOCK,https://www.luisaviaroma.com/p/luisaviaroma-15-heritage-leather-loafers
PI-1117,luisaviaroma-luisaviaroma-signature-sunglasses,Luisaviaroma Signature Sunglasses,luisaviaroma,mens-accessories,Accessories,men,"Luisaviaroma Luisaviaroma Signature Sunglasses — accessories tracked across 1 store. We compare live prices, stock and coupons so you always land on the cheapest active listing.",,,accessories; accessories,3.7,153,1660,false,,luisaviaroma-store,536,893.34,IN STOCK,https://www.luisaviaroma.com/p/luisaviaroma-16-signature-sunglasses
PI-1118,luisaviaroma-luisaviaroma-monogram-wool-coat,Luisaviaroma Monogram Wool Coat,luisaviaroma,bags,Handbags,women,"Luisaviaroma Luisaviaroma Monogram Wool Coat — handbags tracked across 1 store. We compare live prices, stock and coupons so you always land on the cheapest active listing.",,,accessories; handbags,3.6,162,6171,false,,luisaviaroma-store,1740,2047.06,IN STOCK,https://www.luisaviaroma.com/p/luisaviaroma-17-monogram-wool-coat
PI-1119,luisaviaroma-luisaviaroma-limited-edition-tote,Luisaviaroma Limited Edition Tote,luisaviaroma,bags,Ready-to-Wear,unisex,"Luisaviaroma Luisaviaroma Limited Edition Tote — ready-to-wear tracked across 1 store. We compare live prices, stock and coupons so you always land on the cheapest active listing.",,,accessories; ready-to-wear,4.5,143,4618,false,,luisaviaroma-store,2910,3637.51,IN STOCK,https://www.luisaviaroma.com/p/luisaviaroma-18-limited-edition-tote
PI-1120,luisaviaroma-luisaviaroma-runway-shoulder-bag,Luisaviaroma Runway Shoulder Bag,luisaviaroma,mens-bags,Footwear,men,"Luisaviaroma Luisaviaroma Runway Shoulder Bag — footwear tracked across 1 store. We compare live prices, stock and coupons so you always land on the cheapest active listing.",,,accessories; footwear,3.7,219,5722,false,,luisaviaroma-store,2820,4700,IN STOCK,https://www.luisaviaroma.com/p/luisaviaroma-19-runway-shoulder-bag
PI-1121,luisaviaroma-luisaviaroma-heritage-silk-scarf,Luisaviaroma Heritage Silk Scarf,luisaviaroma,accessories,Accessories,women,"Luisaviaroma Luisaviaroma Heritage Silk Scarf — accessories tracked across 1 store. We compare live prices, stock and coupons so you always land on the cheapest active listing.",,,accessories; accessories,4.2,238,1457,false,,luisaviaroma-store,512,1024,IN STOCK,https://www.luisaviaroma.com/p/luisaviaroma-20-heritage-silk-scarf
PI-1122,selfridges-selfridges-signature-shoulder-bag,Selfridges Signature Shoulder Bag,selfridges,mens-bags,Handbags,men,"Selfridges Selfridges Signature Shoulder Bag — handbags tracked across 1 store. We compare live prices, stock and coupons so you always land on the cheapest active listing.",,,accessories; handbags,4.7,57,3164,false,,selfridges-store,2550,3642.86,LOW STOCK,https://www.selfridges.com/p/selfridges-1-signature-shoulder-bag
PI-1123,selfridges-selfridges-monogram-silk-scarf,Selfridges Monogram Silk Scarf,selfridges,accessories,Ready-to-Wear,women,"Selfridges Selfridges Monogram Silk Scarf — ready-to-wear tracked across 1 store. We compare live prices, stock and coupons so you always land on the cheapest active listing.",,,accessories; ready-to-wear,3.8,76,2455,false,,selfridges-store,656,1312,IN STOCK,https://www.selfridges.com/p/selfridges-2-monogram-silk-scarf
PI-1124,selfridges-selfridges-limited-edition-leather-loafers,Selfridges Limited Edition Leather Loafers,selfridges,shoes,Footwear,unisex,"Selfridges Selfridges Limited Edition Leather Loafers — footwear tracked across 1 store. We compare live prices, stock and coupons so you always land on the cheapest active listing.",,,accessories; footwear,4.3,95,7578,false,,selfridges-store,288,576,IN STOCK,https://www.selfridges.com/p/selfridges-3-limited-edition-leather-loafers
PI-1125,selfridges-selfridges-runway-sunglasses,Selfridges Runway Sunglasses,selfridges,mens-accessories,Accessories,men,"Selfridges Selfridges Runway Sunglasses — accessories tracked across 1 store. We compare live prices, stock and coupons so you always land on the cheapest active listing.",,,accessories; accessories,4.8,114,2379,false,,selfridges-store,672,790.59,IN STOCK,https://www.selfridges.com/p/selfridges-4-runway-sunglasses
PI-1126,selfridges-selfridges-heritage-wool-coat,Selfridges Heritage Wool Coat,selfridges,bags,Handbags,women,"Selfridges Selfridges Heritage Wool Coat — handbags tracked across 1 store. We compare live prices, stock and coupons so you always land on the cheapest active listing.",,,accessories; handbags,3.9,133,6584,false,,selfridges-store,2580,3225,IN STOCK,https://www.selfridges.com/p/selfridges-5-heritage-wool-coat
PI-1127,selfridges-selfridges-signature-tote,Selfridges Signature Tote,selfridges,bags,Ready-to-Wear,unisex,"Selfridges Selfridges Signature Tote — ready-to-wear tracked across 1 store. We compare live prices, stock and coupons so you always land on the cheapest active listing.",,,accessories; ready-to-wear,4.4,152,4773,false,,selfridges-store,2040,2550,LOW STOCK,https://www.selfridges.com/p/selfridges-6-signature-tote
PI-1128,selfridges-selfridges-monogram-shoulder-bag,Selfridges Monogram Shoulder Bag,selfridges,mens-bags,Footwear,men,"Selfridges Selfridges Monogram Shoulder Bag — footwear tracked across 1 store. We compare live prices, stock and coupons so you always land on the cheapest active listing.",,,accessories; footwear,3.9,67,7234,false,,selfridges-store,2730,3640,IN STOCK,https://www.selfridges.com/p/selfridges-7-monogram-shoulder-bag
PI-1129,selfridges-selfridges-limited-edition-silk-scarf,Selfridges Limited Edition Silk Scarf,selfridges,accessories,Accessories,women,"Selfridges Selfridges Limited Edition Silk Scarf — accessories tracked across 1 store. We compare live prices, stock and coupons so you always land on the cheapest active listing.",,,accessories; accessories,4.4,86,1767,false,,selfridges-store,568,757.34,IN STOCK,https://www.selfridges.com/p/selfridges-8-limited-edition-silk-scarf
PI-1130,selfridges-selfridges-runway-leather-loafers,Selfridges Runway Leather Loafers,selfridges,bags,Handbags,unisex,"Selfridges Selfridges Runway Leather Loafers — handbags tracked across 1 store. We compare live prices, stock and coupons so you always land on the cheapest active listing.",,,accessories; handbags,3.6,228,3657,true,,selfridges-store,2370,3646.16,LOW STOCK,https://www.selfridges.com/p/selfridges-9-runway-leather-loafers
PI-1131,selfridges-selfridges-heritage-sunglasses,Selfridges Heritage Sunglasses,selfridges,mens-accessories,Ready-to-Wear,men,"Selfridges Selfridges Heritage Sunglasses — ready-to-wear tracked across 1 store. We compare live prices, stock and coupons so you always land on the cheapest active listing.",,,accessories; ready-to-wear,4.5,209,1164,false,,selfridges-store,408,544,IN STOCK,https://www.selfridges.com/p/selfridges-10-heritage-sunglasses
PI-1132,selfridges-selfridges-signature-wool-coat,Selfridges Signature Wool Coat,selfridges,shoes,Footwear,women,"Selfridges Selfridges Signature Wool Coat — footwear tracked across 1 store. We compare live prices, stock and coupons so you always land on the cheapest active listing.",,,accessories; footwear,4,190,5313,false,,selfridges-store,462,660,IN STOCK,https://www.selfridges.com/p/selfridges-11-signature-wool-coat
PI-1133,selfridges-selfridges-monogram-tote,Selfridges Monogram Tote,selfridges,bags,Accessories,unisex,"Selfridges Selfridges Monogram Tote — accessories tracked across 1 store. We compare live prices, stock and coupons so you always land on the cheapest active listing.",,,accessories; accessories,4.9,171,4134,false,,selfridges-store,3000,3750,IN STOCK,https://www.selfridges.com/p/selfridges-12-monogram-tote
PI-1134,selfridges-selfridges-limited-edition-shoulder-bag,Selfridges Limited Edition Shoulder Bag,selfridges,mens-bags,Handbags,men,"Selfridges Selfridges Limited Edition Shoulder Bag — handbags tracked across 1 store. We compare live prices, stock and coupons so you always land on the cheapest active listing.",,,accessories; handbags,4.2,104,4315,false,,selfridges-store,2640,3105.88,IN STOCK,https://www.selfridges.com/p/selfridges-13-limited-edition-shoulder-bag
PI-1135,selfridges-selfridges-runway-silk-scarf,Selfridges Runway Silk Scarf,selfridges,accessories,Ready-to-Wear,women,"Selfridges Selfridges Runway Silk Scarf — ready-to-wear tracked across 1 store. We compare live prices, stock and coupons so you always land on the cheapest active listing.",,,accessories; ready-to-wear,3.7,85,6184,false,,selfridges-store,368,566.16,IN STOCK,https://www.selfridges.com/p/selfridges-14-runway-silk-scarf
PI-1136,selfridges-selfridges-heritage-leather-loafers,Selfridges Heritage Leather Loafers,selfridges,shoes,Footwear,unisex,"Selfridges Selfridges Heritage Leather Loafers — footwear tracked across 1 store. We compare live prices, stock and coupons so you always land on the cheapest active listing.",,,accessories; footwear,4.6,66,1915,true,,selfridges-store,462,840,IN STOCK,https://www.selfridges.com/p/selfridges-15-heritage-leather-loafers
PI-1137,selfridges-selfridges-signature-sunglasses,Selfridges Signature Sunglasses,selfridges,mens-accessories,Accessories,men,"Selfridges Selfridges Signature Sunglasses — accessories tracked across 1 store. We compare live prices, stock and coupons so you always land on the cheapest active listing.",,,accessories; accessories,4.1,47,8106,false,,selfridges-store,536,714.66,IN STOCK,https://www.selfridges.com/p/selfridges-16-signature-sunglasses
PI-1138,selfridges-selfridges-monogram-wool-coat,Selfridges Monogram Wool Coat,selfridges,bags,Handbags,women,"Selfridges Selfridges Monogram Wool Coat — handbags tracked across 1 store. We compare live prices, stock and coupons so you always land on the cheapest active listing.",,,accessories; handbags,3.8,76,4305,false,,selfridges-store,2370,4740,IN STOCK,https://www.selfridges.com/p/selfridges-17-monogram-wool-coat
PI-1139,selfridges-selfridges-limited-edition-tote,Selfridges Limited Edition Tote,selfridges,bags,Ready-to-Wear,unisex,"Selfridges Selfridges Limited Edition Tote — ready-to-wear tracked across 1 store. We compare live prices, stock and coupons so you always land on the cheapest active listing.",,,accessories; ready-to-wear,4.7,57,2524,false,,selfridges-store,2070,3450,IN STOCK,https://www.selfridges.com/p/selfridges-18-limited-edition-tote
PI-1140,selfridges-selfridges-runway-shoulder-bag,Selfridges Runway Shoulder Bag,selfridges,mens-bags,Footwear,men,"Selfridges Selfridges Runway Shoulder Bag — footwear tracked across 1 store. We compare live prices, stock and coupons so you always land on the cheapest active listing.",,,accessories; footwear,4.5,107,2520,false,,selfridges-store,2760,3680,IN STOCK,https://www.selfridges.com/p/selfridges-19-runway-shoulder-bag
PI-1141,selfridges-selfridges-heritage-silk-scarf,Selfridges Heritage Silk Scarf,selfridges,accessories,Accessories,women,"Selfridges Selfridges Heritage Silk Scarf — accessories tracked across 1 store. We compare live prices, stock and coupons so you always land on the cheapest active listing.",,,accessories; accessories,4,88,4331,false,,selfridges-store,760,1266.66,IN STOCK,https://www.selfridges.com/p/selfridges-20-heritage-silk-scarf
PI-1142,harrods-harrods-signature-shoulder-bag,Harrods Signature Shoulder Bag,harrods,mens-bags,Handbags,men,"Harrods Harrods Signature Shoulder Bag — handbags tracked across 1 store. We compare live prices, stock and coupons so you always land on the cheapest active listing.",,,accessories; handbags,4.1,145,7670,false,,harrods-store,2100,2800,LOW STOCK,https://www.harrods.com/p/harrods-1-signature-shoulder-bag
PI-1143,harrods-harrods-monogram-silk-scarf,Harrods Monogram Silk Scarf,harrods,accessories,Ready-to-Wear,women,"Harrods Harrods Monogram Silk Scarf — ready-to-wear tracked across 1 store. We compare live prices, stock and coupons so you always land on the cheapest active listing.",,,accessories; ready-to-wear,3.6,126,1477,false,,harrods-store,736,1051.43,IN STOCK,https://www.harrods.com/p/harrods-2-monogram-silk-scarf
PI-1144,harrods-harrods-limited-edition-leather-loafers,Harrods Limited Edition Leather Loafers,harrods,shoes,Footwear,unisex,"Harrods Harrods Limited Edition Leather Loafers — footwear tracked across 1 store. We compare live prices, stock and coupons so you always land on the cheapest active listing.",,,accessories; footwear,3.7,183,6772,false,,harrods-store,456,760,IN STOCK,https://www.harrods.com/p/harrods-3-limited-edition-leather-loafers
PI-1145,harrods-harrods-runway-sunglasses,Harrods Runway Sunglasses,harrods,mens-accessories,Accessories,men,"Harrods Harrods Runway Sunglasses — accessories tracked across 1 store. We compare live prices, stock and coupons so you always land on the cheapest active listing.",,,accessories; accessories,4.6,164,1271,false,,harrods-store,360,553.84,IN STOCK,https://www.harrods.com/p/harrods-4-runway-sunglasses
PI-1146,harrods-harrods-heritage-wool-coat,Harrods Heritage Wool Coat,harrods,bags,Handbags,women,"Harrods Harrods Heritage Wool Coat — handbags tracked across 1 store. We compare live prices, stock and coupons so you always land on the cheapest active listing.",,,accessories; handbags,4.7,221,4214,false,,harrods-store,2880,3600,IN STOCK,https://www.harrods.com/p/harrods-5-heritage-wool-coat
PI-1147,harrods-harrods-signature-tote,Harrods Signature Tote,harrods,bags,Ready-to-Wear,unisex,"Harrods Harrods Signature Tote — ready-to-wear tracked across 1 store. We compare live prices, stock and coupons so you always land on the cheapest active listing.",,,accessories; ready-to-wear,4.2,202,5087,false,,harrods-store,1770,2360,IN STOCK,https://www.harrods.com/p/harrods-6-signature-tote
PI-1148,harrods-harrods-monogram-shoulder-bag,Harrods Monogram Shoulder Bag,harrods,mens-bags,Footwear,men,"Harrods Harrods Monogram Shoulder Bag — footwear tracked across 1 store. We compare live prices, stock and coupons so you always land on the cheapest active listing.",,,accessories; footwear,4.3,59,3392,false,,harrods-store,2070,3763.64,IN STOCK,https://www.harrods.com/p/harrods-7-monogram-shoulder-bag
PI-1149,harrods-harrods-limited-edition-silk-scarf,Harrods Limited Edition Silk Scarf,harrods,accessories,Accessories,women,"Harrods Harrods Limited Edition Silk Scarf — accessories tracked across 1 store. We compare live prices, stock and coupons so you always land on the cheapest active listing.",,,accessories; accessories,3.8,40,2083,false,,harrods-store,464,773.34,IN STOCK,https://www.harrods.com/p/harrods-8-limited-edition-silk-scarf
PI-1150,harrods-harrods-runway-leather-loafers,Harrods Runway Leather Loafers,harrods,bags,Handbags,unisex,"Harrods Harrods Runway Leather Loafers — handbags tracked across 1 store. We compare live prices, stock and coupons so you always land on the cheapest active listing.",,,accessories; handbags,3.8,106,7433,false,,harrods-store,2250,3214.29,OUT OF STOCK,https://www.harrods.com/p/harrods-9-runway-leather-loafers
PI-1151,harrods-harrods-heritage-sunglasses,Harrods Heritage Sunglasses,harrods,mens-accessories,Ready-to-Wear,men,"Harrods Harrods Heritage Sunglasses — ready-to-wear tracked across 1 store. We compare live prices, stock and coupons so you always land on the cheapest active listing.",,,accessories; ready-to-wear,4.3,125,3266,false,,harrods-store,712,890,IN STOCK,https://www.harrods.com/p/harrods-10-heritage-sunglasses
PI-1152,harrods-harrods-signature-wool-coat,Harrods Signature Wool Coat,harrods,shoes,Footwear,women,"Harrods Harrods Signature Wool Coat — footwear tracked across 1 store. We compare live prices, stock and coupons so you always land on the cheapest active listing.",,,accessories; footwear,4.2,68,3425,false,,harrods-store,384,451.76,IN STOCK,https://www.harrods.com/p/harrods-11-signature-wool-coat
PI-1153,harrods-harrods-monogram-tote,Harrods Monogram Tote,harrods,bags,Accessories,unisex,"Harrods Harrods Monogram Tote — accessories tracked across 1 store. We compare live prices, stock and coupons so you always land on the cheapest active listing.",,,accessories; accessories,4.7,87,4428,false,,harrods-store,2640,3300,IN STOCK,https://www.harrods.com/p/harrods-12-monogram-tote
PI-1154,harrods-harrods-limited-edition-shoulder-bag,Harrods Limited Edition Shoulder Bag,harrods,mens-bags,Handbags,men,"Harrods Harrods Limited Edition Shoulder Bag — handbags tracked across 1 store. We compare live prices, stock and coupons so you always land on the cheapest active listing.",,,accessories; handbags,4.6,230,6845,false,,harrods-store,2820,4338.46,IN STOCK,https://www.harrods.com/p/harrods-13-limited-edition-shoulder-bag
PI-1155,harrods-harrods-runway-silk-scarf,Harrods Runway Silk Scarf,harrods,accessories,Ready-to-Wear,women,"Harrods Harrods Runway Silk Scarf — ready-to-wear tracked across 1 store. We compare live prices, stock and coupons so you always land on the cheapest active listing.",,,accessories; ready-to-wear,3.7,49,178,false,,harrods-store,528,660,IN STOCK,https://www.harrods.com/p/harrods-14-runway-silk-scarf
PI-1156,harrods-harrods-heritage-leather-loafers,Harrods Heritage Leather Loafers,harrods,shoes,Footwear,unisex,"Harrods Harrods Heritage Leather Loafers — footwear tracked across 1 store. We compare live prices, stock and coupons so you always land on the cheapest active listing.",,,accessories; footwear,3.6,192,7555,false,,harrods-store,600,923.07,IN STOCK,https://www.harrods.com/p/harrods-15-heritage-leather-loafers
PI-1157,harrods-harrods-signature-sunglasses,Harrods Signature Sunglasses,harrods,mens-accessories,Accessories,men,"Harrods Harrods Signature Sunglasses — accessories tracked across 1 store. We compare live prices, stock and coupons so you always land on the cheapest active listing.",,,accessories; accessories,4.1,211,7568,false,,harrods-store,616,880,IN STOCK,https://www.harrods.com/p/harrods-16-signature-sunglasses
PI-1158,harrods-harrods-monogram-wool-coat,Harrods Monogram Wool Coat,harrods,bags,Handbags,women,"Harrods Harrods Monogram Wool Coat — handbags tracked across 1 store. We compare live prices, stock and coupons so you always land on the cheapest active listing.",,,accessories; handbags,4,154,2801,false,,harrods-store,2460,2894.12,IN STOCK,https://www.harrods.com/p/harrods-17-monogram-wool-coat
PI-1159,harrods-harrods-limited-edition-tote,Harrods Limited Edition Tote,harrods,bags,Ready-to-Wear,unisex,"Harrods Harrods Limited Edition Tote — ready-to-wear tracked across 1 store. We compare live prices, stock and coupons so you always land on the cheapest active listing.",,,accessories; ready-to-wear,4.5,173,1754,false,,harrods-store,2550,3000,IN STOCK,https://www.harrods.com/p/harrods-18-limited-edition-tote
PI-1160,harrods-harrods-runway-shoulder-bag,Harrods Runway Shoulder Bag,harrods,mens-bags,Footwear,men,"Harrods Harrods Runway Shoulder Bag — footwear tracked across 1 store. We compare live prices, stock and coupons so you always land on the cheapest active listing.",,,accessories; footwear,3.9,97,3330,false,,harrods-store,1380,1840,IN STOCK,https://www.harrods.com/p/harrods-19-runway-shoulder-bag
PI-1161,harrods-harrods-heritage-silk-scarf,Harrods Heritage Silk Scarf,harrods,accessories,Accessories,women,"Harrods Harrods Heritage Silk Scarf — accessories tracked across 1 store. We compare live prices, stock and coupons so you always land on the cheapest active listing.",,,accessories; accessories,4.8,78,8013,false,,harrods-store,512,682.66,IN STOCK,https://www.harrods.com/p/harrods-20-heritage-silk-scarf
PI-1162,samsonite-samsonite-hardshell-suitcase,Samsonite Hardshell Suitcase,samsonite,lifestyle-accessories,Check-In Luggage,unisex,"Samsonite Samsonite Hardshell Suitcase — check-in luggage tracked across 4 stores. We compare live prices, stock and coupons so you always land on the cheapest active listing.",,,travel; check-in-luggage,4.3,59,656,false,,samsonite-store,560,1120,IN STOCK,https://www.samsonite.com/p/samsonite-1-hardshell-suitcase
PI-1162,samsonite-samsonite-hardshell-suitcase,Samsonite Hardshell Suitcase,samsonite,lifestyle-accessories,Check-In Luggage,unisex,"Samsonite Samsonite Hardshell Suitcase — check-in luggage tracked across 4 stores. We compare live prices, stock and coupons so you always land on the cheapest active listing.",,,travel; check-in-luggage,4.3,59,656,false,,samsonite-store,640,752.94,IN STOCK,https://www.samsonite.com/p/samsonite-6-hardshell-suitcase
PI-1162,samsonite-samsonite-hardshell-suitcase,Samsonite Hardshell Suitcase,samsonite,lifestyle-accessories,Check-In Luggage,unisex,"Samsonite Samsonite Hardshell Suitcase — check-in luggage tracked across 4 stores. We compare live prices, stock and coupons so you always land on the cheapest active listing.",,,travel; check-in-luggage,4.3,59,656,false,,samsonite-store,608,1013.34,IN STOCK,https://www.samsonite.com/p/samsonite-11-hardshell-suitcase
PI-1162,samsonite-samsonite-hardshell-suitcase,Samsonite Hardshell Suitcase,samsonite,lifestyle-accessories,Check-In Luggage,unisex,"Samsonite Samsonite Hardshell Suitcase — check-in luggage tracked across 4 stores. We compare live prices, stock and coupons so you always land on the cheapest active listing.",,,travel; check-in-luggage,4.3,59,656,false,,samsonite-store,352,469.34,IN STOCK,https://www.samsonite.com/p/samsonite-16-hardshell-suitcase
PI-1163,samsonite-samsonite-lightweight-spinner-case,Samsonite Lightweight Spinner Case,samsonite,lifestyle-accessories,Cabin Luggage,unisex,"Samsonite Samsonite Lightweight Spinner Case — cabin luggage tracked across 4 stores. We compare live prices, stock and coupons so you always land on the cheapest active listing.",,,travel; cabin-luggage,3.8,40,2707,false,,samsonite-store,440,586.66,IN STOCK,https://www.samsonite.com/p/samsonite-2-lightweight-spinner-case
PI-1163,samsonite-samsonite-lightweight-spinner-case,Samsonite Lightweight Spinner Case,samsonite,lifestyle-accessories,Cabin Luggage,unisex,"Samsonite Samsonite Lightweight Spinner Case — cabin luggage tracked across 4 stores. We compare live prices, stock and coupons so you always land on the cheapest active listing.",,,travel; cabin-luggage,3.8,40,2707,false,,samsonite-store,616,770,IN STOCK,https://www.samsonite.com/p/samsonite-7-lightweight-spinner-case
PI-1163,samsonite-samsonite-lightweight-spinner-case,Samsonite Lightweight Spinner Case,samsonite,lifestyle-accessories,Cabin Luggage,unisex,"Samsonite Samsonite Lightweight Spinner Case — cabin luggage tracked across 4 stores. We compare live prices, stock and coupons so you always land on the cheapest active listing.",,,travel; cabin-luggage,3.8,40,2707,false,,samsonite-store,760,1169.23,IN STOCK,https://www.samsonite.com/p/samsonite-12-lightweight-spinner-case
PI-1163,samsonite-samsonite-lightweight-spinner-case,Samsonite Lightweight Spinner Case,samsonite,lifestyle-accessories,Cabin Luggage,unisex,"Samsonite Samsonite Lightweight Spinner Case — cabin luggage tracked across 4 stores. We compare live prices, stock and coupons so you always land on the cheapest active listing.",,,travel; cabin-luggage,3.8,40,2707,false,,samsonite-store,440,676.93,IN STOCK,https://www.samsonite.com/p/samsonite-17-lightweight-spinner-case
PI-1164,samsonite-samsonite-expandable-duffel-bag,Samsonite Expandable Duffel Bag,samsonite,lifestyle-accessories,Travel Packages,unisex,"Samsonite Samsonite Expandable Duffel Bag — travel packages tracked across 4 stores. We compare live prices, stock and coupons so you always land on the cheapest active listing.",,,travel; travel-packages,4.5,173,4286,false,,samsonite-store,552,690,IN STOCK,https://www.samsonite.com/p/samsonite-3-expandable-duffel-bag
PI-1164,samsonite-samsonite-expandable-duffel-bag,Samsonite Expandable Duffel Bag,samsonite,lifestyle-accessories,Travel Packages,unisex,"Samsonite Samsonite Expandable Duffel Bag — travel packages tracked across 4 stores. We compare live prices, stock and coupons so you always land on the cheapest active listing.",,,travel; travel-packages,4.5,173,4286,false,,samsonite-store,528,960,IN STOCK,https://www.samsonite.com/p/samsonite-8-expandable-duffel-bag
PI-1164,samsonite-samsonite-expandable-duffel-bag,Samsonite Expandable Duffel Bag,samsonite,lifestyle-accessories,Travel Packages,unisex,"Samsonite Samsonite Expandable Duffel Bag — travel packages tracked across 4 stores. We compare live prices, stock and coupons so you always land on the cheapest active listing.",,,travel; travel-packages,4.5,173,4286,false,,samsonite-store,496,620,LOW STOCK,https://www.samsonite.com/p/samsonite-13-expandable-duffel-bag
PI-1164,samsonite-samsonite-expandable-duffel-bag,Samsonite Expandable Duffel Bag,samsonite,lifestyle-accessories,Travel Packages,unisex,"Samsonite Samsonite Expandable Duffel Bag — travel packages tracked across 4 stores. We compare live prices, stock and coupons so you always land on the cheapest active listing.",,,travel; travel-packages,4.5,173,4286,false,,samsonite-store,584,898.46,IN STOCK,https://www.samsonite.com/p/samsonite-18-expandable-duffel-bag
PI-1165,samsonite-samsonite-all-inclusive-getaway-package,Samsonite All-Inclusive Getaway Package,samsonite,lifestyle-accessories,Backpacks,unisex,"Samsonite Samsonite All-Inclusive Getaway Package — backpacks tracked across 4 stores. We compare live prices, stock and coupons so you always land on the cheapest active listing.",,,travel; backpacks,4,154,1689,false,,samsonite-store,480,600,IN STOCK,https://www.samsonite.com/p/samsonite-4-all-inclusive-getaway-package
PI-1165,samsonite-samsonite-all-inclusive-getaway-package,Samsonite All-Inclusive Getaway Package,samsonite,lifestyle-accessories,Backpacks,unisex,"Samsonite Samsonite All-Inclusive Getaway Package — backpacks tracked across 4 stores. We compare live prices, stock and coupons so you always land on the cheapest active listing.",,,travel; backpacks,4,154,1689,false,,samsonite-store,680,850,IN STOCK,https://www.samsonite.com/p/samsonite-9-all-inclusive-getaway-package
PI-1165,samsonite-samsonite-all-inclusive-getaway-package,Samsonite All-Inclusive Getaway Package,samsonite,lifestyle-accessories,Backpacks,unisex,"Samsonite Samsonite All-Inclusive Getaway Package — backpacks tracked across 4 stores. We compare live prices, stock and coupons so you always land on the cheapest active listing.",,,travel; backpacks,4,154,1689,false,,samsonite-store,768,1024,IN STOCK,https://www.samsonite.com/p/samsonite-14-all-inclusive-getaway-package
PI-1165,samsonite-samsonite-all-inclusive-getaway-package,Samsonite All-Inclusive Getaway Package,samsonite,lifestyle-accessories,Backpacks,unisex,"Samsonite Samsonite All-Inclusive Getaway Package — backpacks tracked across 4 stores. We compare live prices, stock and coupons so you always land on the cheapest active listing.",,,travel; backpacks,4,154,1689,false,,samsonite-store,704,938.66,LOW STOCK,https://www.samsonite.com/p/samsonite-19-all-inclusive-getaway-package
PI-1166,samsonite-samsonite-3-night-hotel-booking,Samsonite 3-Night Hotel Booking,samsonite,lifestyle-accessories,Check-In Luggage,unisex,"Samsonite Samsonite 3-Night Hotel Booking — check-in luggage tracked across 4 stores. We compare live prices, stock and coupons so you always land on the cheapest active listing.",,,travel; check-in-luggage,4.9,135,7580,false,,samsonite-store,632,842.66,IN STOCK,https://www.samsonite.com/p/samsonite-5-3-night-hotel-booking
PI-1166,samsonite-samsonite-3-night-hotel-booking,Samsonite 3-Night Hotel Booking,samsonite,lifestyle-accessories,Check-In Luggage,unisex,"Samsonite Samsonite 3-Night Hotel Booking — check-in luggage tracked across 4 stores. We compare live prices, stock and coupons so you always land on the cheapest active listing.",,,travel; check-in-luggage,4.9,135,7580,false,,samsonite-store,432,720,IN STOCK,https://www.samsonite.com/p/samsonite-10-3-night-hotel-booking
PI-1166,samsonite-samsonite-3-night-hotel-booking,Samsonite 3-Night Hotel Booking,samsonite,lifestyle-accessories,Check-In Luggage,unisex,"Samsonite Samsonite 3-Night Hotel Booking — check-in luggage tracked across 4 stores. We compare live prices, stock and coupons so you always land on the cheapest active listing.",,,travel; check-in-luggage,4.9,135,7580,false,,samsonite-store,792,990,IN STOCK,https://www.samsonite.com/p/samsonite-15-3-night-hotel-booking
PI-1166,samsonite-samsonite-3-night-hotel-booking,Samsonite 3-Night Hotel Booking,samsonite,lifestyle-accessories,Check-In Luggage,unisex,"Samsonite Samsonite 3-Night Hotel Booking — check-in luggage tracked across 4 stores. We compare live prices, stock and coupons so you always land on the cheapest active listing.",,,travel; check-in-luggage,4.9,135,7580,false,,samsonite-store,488,697.19,LOW STOCK,https://www.samsonite.com/p/samsonite-20-3-night-hotel-booking
PI-1167,tumi-tumi-hardshell-suitcase,Tumi Hardshell Suitcase,tumi,lifestyle-accessories,Check-In Luggage,unisex,"TUMI Tumi Hardshell Suitcase — check-in luggage tracked across 4 stores. We compare live prices, stock and coupons so you always land on the cheapest active listing.",,,travel; check-in-luggage,4.4,116,7889,false,,tumi-store,664,830,LOW STOCK,https://www.tumi.com/p/tumi-1-hardshell-suitcase
PI-1167,tumi-tumi-hardshell-suitcase,Tumi Hardshell Suitcase,tumi,lifestyle-accessories,Check-In Luggage,unisex,"TUMI Tumi Hardshell Suitcase — check-in luggage tracked across 4 stores. We compare live prices, stock and coupons so you always land on the cheapest active listing.",,,travel; check-in-luggage,4.4,116,7889,false,,tumi-store,752,1156.93,IN STOCK,https://www.tumi.com/p/tumi-6-hardshell-suitcase
PI-1167,tumi-tumi-hardshell-suitcase,Tumi Hardshell Suitcase,tumi,lifestyle-accessories,Check-In Luggage,unisex,"TUMI Tumi Hardshell Suitcase — check-in luggage tracked across 4 stores. We compare live prices, stock and coupons so you always land on the cheapest active listing.",,,travel; check-in-luggage,4.4,116,7889,false,,tumi-store,752,1074.29,IN STOCK,https://www.tumi.com/p/tumi-11-hardshell-suitcase
PI-1167,tumi-tumi-hardshell-suitcase,Tumi Hardshell Suitcase,tumi,lifestyle-accessories,Check-In Luggage,unisex,"TUMI Tumi Hardshell Suitcase — check-in luggage tracked across 4 stores. We compare live prices, stock and coupons so you always land on the cheapest active listing.",,,travel; check-in-luggage,4.4,116,7889,false,,tumi-store,776,970,IN STOCK,https://www.tumi.com/p/tumi-16-hardshell-suitcase
PI-1168,tumi-tumi-lightweight-spinner-case,Tumi Lightweight Spinner Case,tumi,lifestyle-accessories,Cabin Luggage,unisex,"TUMI Tumi Lightweight Spinner Case — cabin luggage tracked across 4 stores. We compare live prices, stock and coupons so you always land on the cheapest active listing.",,,travel; cabin-luggage,4.1,145,2538,false,,tumi-store,640,914.3,IN STOCK,https://www.tumi.com/p/tumi-2-lightweight-spinner-case
PI-1168,tumi-tumi-lightweight-spinner-case,Tumi Lightweight Spinner Case,tumi,lifestyle-accessories,Cabin Luggage,unisex,"TUMI Tumi Lightweight Spinner Case — cabin luggage tracked across 4 stores. We compare live prices, stock and coupons so you always land on the cheapest active listing.",,,travel; cabin-luggage,4.1,145,2538,false,,tumi-store,352,440,IN STOCK,https://www.tumi.com/p/tumi-7-lightweight-spinner-case
PI-1168,tumi-tumi-lightweight-spinner-case,Tumi Lightweight Spinner Case,tumi,lifestyle-accessories,Cabin Luggage,unisex,"TUMI Tumi Lightweight Spinner Case — cabin luggage tracked across 4 stores. We compare live prices, stock and coupons so you always land on the cheapest active listing.",,,travel; cabin-luggage,4.1,145,2538,false,,tumi-store,480,640,LOW STOCK,https://www.tumi.com/p/tumi-12-lightweight-spinner-case
PI-1168,tumi-tumi-lightweight-spinner-case,Tumi Lightweight Spinner Case,tumi,lifestyle-accessories,Cabin Luggage,unisex,"TUMI Tumi Lightweight Spinner Case — cabin luggage tracked across 4 stores. We compare live prices, stock and coupons so you always land on the cheapest active listing.",,,travel; cabin-luggage,4.1,145,2538,false,,tumi-store,424,565.34,IN STOCK,https://www.tumi.com/p/tumi-17-lightweight-spinner-case
PI-1169,tumi-tumi-expandable-duffel-bag,Tumi Expandable Duffel Bag,tumi,lifestyle-accessories,Travel Packages,unisex,"TUMI Tumi Expandable Duffel Bag — travel packages tracked across 4 stores. We compare live prices, stock and coupons so you always land on the cheapest active listing.",,,travel; travel-packages,3.6,126,3003,false,,tumi-store,568,710,IN STOCK,https://www.tumi.com/p/tumi-3-expandable-duffel-bag
PI-1169,tumi-tumi-expandable-duffel-bag,Tumi Expandable Duffel Bag,tumi,lifestyle-accessories,Travel Packages,unisex,"TUMI Tumi Expandable Duffel Bag — travel packages tracked across 4 stores. We compare live prices, stock and coupons so you always land on the cheapest active listing.",,,travel; travel-packages,3.6,126,3003,false,,tumi-store,576,822.86,IN STOCK,https://www.tumi.com/p/tumi-8-expandable-duffel-bag
PI-1169,tumi-tumi-expandable-duffel-bag,Tumi Expandable Duffel Bag,tumi,lifestyle-accessories,Travel Packages,unisex,"TUMI Tumi Expandable Duffel Bag — travel packages tracked across 4 stores. We compare live prices, stock and coupons so you always land on the cheapest active listing.",,,travel; travel-packages,3.6,126,3003,false,,tumi-store,544,680,LOW STOCK,https://www.tumi.com/p/tumi-13-expandable-duffel-bag
PI-1169,tumi-tumi-expandable-duffel-bag,Tumi Expandable Duffel Bag,tumi,lifestyle-accessories,Travel Packages,unisex,"TUMI Tumi Expandable Duffel Bag — travel packages tracked across 4 stores. We compare live prices, stock and coupons so you always land on the cheapest active listing.",,,travel; travel-packages,3.6,126,3003,false,,tumi-store,464,618.66,IN STOCK,https://www.tumi.com/p/tumi-18-expandable-duffel-bag
PI-1170,tumi-tumi-all-inclusive-getaway-package,Tumi All-Inclusive Getaway Package,tumi,lifestyle-accessories,Backpacks,unisex,"TUMI Tumi All-Inclusive Getaway Package — backpacks tracked across 4 stores. We compare live prices, stock and coupons so you always land on the cheapest active listing.",,,travel; backpacks,4.2,224,7203,false,,tumi-store,512,787.69,OUT OF STOCK,https://www.tumi.com/p/tumi-4-all-inclusive-getaway-package
PI-1170,tumi-tumi-all-inclusive-getaway-package,Tumi All-Inclusive Getaway Package,tumi,lifestyle-accessories,Backpacks,unisex,"TUMI Tumi All-Inclusive Getaway Package — backpacks tracked across 4 stores. We compare live prices, stock and coupons so you always land on the cheapest active listing.",,,travel; backpacks,4.2,224,7203,false,,tumi-store,536,630.59,LOW STOCK,https://www.tumi.com/p/tumi-9-all-inclusive-getaway-package
PI-1170,tumi-tumi-all-inclusive-getaway-package,Tumi All-Inclusive Getaway Package,tumi,lifestyle-accessories,Backpacks,unisex,"TUMI Tumi All-Inclusive Getaway Package — backpacks tracked across 4 stores. We compare live prices, stock and coupons so you always land on the cheapest active listing.",,,travel; backpacks,4.2,224,7203,false,,tumi-store,544,725.34,IN STOCK,https://www.tumi.com/p/tumi-14-all-inclusive-getaway-package
PI-1170,tumi-tumi-all-inclusive-getaway-package,Tumi All-Inclusive Getaway Package,tumi,lifestyle-accessories,Backpacks,unisex,"TUMI Tumi All-Inclusive Getaway Package — backpacks tracked across 4 stores. We compare live prices, stock and coupons so you always land on the cheapest active listing.",,,travel; backpacks,4.2,224,7203,false,,tumi-store,440,628.57,IN STOCK,https://www.tumi.com/p/tumi-19-all-inclusive-getaway-package
PI-1171,tumi-tumi-3-night-hotel-booking,Tumi 3-Night Hotel Booking,tumi,lifestyle-accessories,Check-In Luggage,unisex,"TUMI Tumi 3-Night Hotel Booking — check-in luggage tracked across 4 stores. We compare live prices, stock and coupons so you always land on the cheapest active listing.",,,travel; check-in-luggage,3.7,205,7104,false,,tumi-store,336,610.9,IN STOCK,https://www.tumi.com/p/tumi-5-3-night-hotel-booking
PI-1171,tumi-tumi-3-night-hotel-booking,Tumi 3-Night Hotel Booking,tumi,lifestyle-accessories,Check-In Luggage,unisex,"TUMI Tumi 3-Night Hotel Booking — check-in luggage tracked across 4 stores. We compare live prices, stock and coupons so you always land on the cheapest active listing.",,,travel; check-in-luggage,3.7,205,7104,false,,tumi-store,744,1240,OUT OF STOCK,https://www.tumi.com/p/tumi-10-3-night-hotel-booking
PI-1171,tumi-tumi-3-night-hotel-booking,Tumi 3-Night Hotel Booking,tumi,lifestyle-accessories,Check-In Luggage,unisex,"TUMI Tumi 3-Night Hotel Booking — check-in luggage tracked across 4 stores. We compare live prices, stock and coupons so you always land on the cheapest active listing.",,,travel; check-in-luggage,3.7,205,7104,false,,tumi-store,376,683.64,IN STOCK,https://www.tumi.com/p/tumi-15-3-night-hotel-booking
PI-1171,tumi-tumi-3-night-hotel-booking,Tumi 3-Night Hotel Booking,tumi,lifestyle-accessories,Check-In Luggage,unisex,"TUMI Tumi 3-Night Hotel Booking — check-in luggage tracked across 4 stores. We compare live prices, stock and coupons so you always land on the cheapest active listing.",,,travel; check-in-luggage,3.7,205,7104,false,,tumi-store,488,610,OUT OF STOCK,https://www.tumi.com/p/tumi-20-3-night-hotel-booking
PI-1172,carters-carters-soft-cotton-onesie-set,Carters Soft Cotton Onesie Set,carters,baby-clothing,Baby Clothing,unisex,"Carter's Carters Soft Cotton Onesie Set — baby clothing tracked across 4 stores. We compare live prices, stock and coupons so you always land on the cheapest active listing.",,,clothing; baby-clothing,4.6,186,531,false,,carters-store,54,63.53,IN STOCK,https://www.carters.com/p/carters-1-soft-cotton-onesie-set
PI-1172,carters-carters-soft-cotton-onesie-set,Carters Soft Cotton Onesie Set,carters,baby-clothing,Baby Clothing,unisex,"Carter's Carters Soft Cotton Onesie Set — baby clothing tracked across 4 stores. We compare live prices, stock and coupons so you always land on the cheapest active listing.",,,clothing; baby-clothing,4.6,186,531,false,,carters-store,76,101.34,LOW STOCK,https://www.carters.com/p/carters-6-soft-cotton-onesie-set
PI-1172,carters-carters-soft-cotton-onesie-set,Carters Soft Cotton Onesie Set,carters,baby-clothing,Baby Clothing,unisex,"Carter's Carters Soft Cotton Onesie Set — baby clothing tracked across 4 stores. We compare live prices, stock and coupons so you always land on the cheapest active listing.",,,clothing; baby-clothing,4.6,186,531,false,,carters-store,54,83.07,IN STOCK,https://www.carters.com/p/carters-11-soft-cotton-onesie-set
PI-1172,carters-carters-soft-cotton-onesie-set,Carters Soft Cotton Onesie Set,carters,baby-clothing,Baby Clothing,unisex,"Carter's Carters Soft Cotton Onesie Set — baby clothing tracked across 4 stores. We compare live prices, stock and coupons so you always land on the cheapest active listing.",,,clothing; baby-clothing,4.6,186,531,false,,carters-store,94,156.66,LOW STOCK,https://www.carters.com/p/carters-16-soft-cotton-onesie-set
PI-1173,carters-carters-organic-graphic-tee,Carters Organic Graphic Tee,carters,kids-clothing,Toddler Clothing,unisex,"Carter's Carters Organic Graphic Tee — toddler clothing tracked across 4 stores. We compare live prices, stock and coupons so you always land on the cheapest active listing.",,,clothing; toddler-clothing,4.1,167,1822,false,,carters-store,60,75,IN STOCK,https://www.carters.com/p/carters-2-organic-graphic-tee
PI-1173,carters-carters-organic-graphic-tee,Carters Organic Graphic Tee,carters,kids-clothing,Toddler Clothing,unisex,"Carter's Carters Organic Graphic Tee — toddler clothing tracked across 4 stores. We compare live prices, stock and coupons so you always land on the cheapest active listing.",,,clothing; toddler-clothing,4.1,167,1822,false,,carters-store,134,268,IN STOCK,https://www.carters.com/p/carters-7-organic-graphic-tee
PI-1173,carters-carters-organic-graphic-tee,Carters Organic Graphic Tee,carters,kids-clothing,Toddler Clothing,unisex,"Carter's Carters Organic Graphic Tee — toddler clothing tracked across 4 stores. We compare live prices, stock and coupons so you always land on the cheapest active listing.",,,clothing; toddler-clothing,4.1,167,1822,false,,carters-store,137,171.25,IN STOCK,https://www.carters.com/p/carters-12-organic-graphic-tee
PI-1173,carters-carters-organic-graphic-tee,Carters Organic Graphic Tee,carters,kids-clothing,Toddler Clothing,unisex,"Carter's Carters Organic Graphic Tee — toddler clothing tracked across 4 stores. We compare live prices, stock and coupons so you always land on the cheapest active listing.",,,clothing; toddler-clothing,4.1,167,1822,false,,carters-store,141,176.25,IN STOCK,https://www.carters.com/p/carters-17-organic-graphic-tee
PI-1174,carters-carters-printed-sneakers,Carters Printed Sneakers,carters,kids-shoes,Kids Shoes,unisex,"Carter's Carters Printed Sneakers — kids shoes tracked across 4 stores. We compare live prices, stock and coupons so you always land on the cheapest active listing.",,,clothing; kids-shoes,3.6,148,2561,false,,carters-store,89,111.25,IN STOCK,https://www.carters.com/p/carters-3-printed-sneakers
PI-1174,carters-carters-printed-sneakers,Carters Printed Sneakers,carters,kids-shoes,Kids Shoes,unisex,"Carter's Carters Printed Sneakers — kids shoes tracked across 4 stores. We compare live prices, stock and coupons so you always land on the cheapest active listing.",,,clothing; kids-shoes,3.6,148,2561,false,,carters-store,149,229.23,LOW STOCK,https://www.carters.com/p/carters-8-printed-sneakers
PI-1174,carters-carters-printed-sneakers,Carters Printed Sneakers,carters,kids-shoes,Kids Shoes,unisex,"Carter's Carters Printed Sneakers — kids shoes tracked across 4 stores. We compare live prices, stock and coupons so you always land on the cheapest active listing.",,,clothing; kids-shoes,3.6,148,2561,false,,carters-store,138,197.35,IN STOCK,https://www.carters.com/p/carters-13-printed-sneakers
PI-1174,carters-carters-printed-sneakers,Carters Printed Sneakers,carters,kids-shoes,Kids Shoes,unisex,"Carter's Carters Printed Sneakers — kids shoes tracked across 4 stores. We compare live prices, stock and coupons so you always land on the cheapest active listing.",,,clothing; kids-shoes,3.6,148,2561,false,,carters-store,107,178.34,IN STOCK,https://www.carters.com/p/carters-18-printed-sneakers
PI-1175,carters-carters-everyday-pajama-set,Carters Everyday Pajama Set,carters,kids-clothing,Sleepwear,unisex,"Carter's Carters Everyday Pajama Set — sleepwear tracked across 4 stores. We compare live prices, stock and coupons so you always land on the cheapest active listing.",,,clothing; sleepwear,4.5,129,196,false,,carters-store,138,162.35,LOW STOCK,https://www.carters.com/p/carters-4-everyday-pajama-set
PI-1175,carters-carters-everyday-pajama-set,Carters Everyday Pajama Set,carters,kids-clothing,Sleepwear,unisex,"Carter's Carters Everyday Pajama Set — sleepwear tracked across 4 stores. We compare live prices, stock and coupons so you always land on the cheapest active listing.",,,clothing; sleepwear,4.5,129,196,false,,carters-store,123,246,LOW STOCK,https://www.carters.com/p/carters-9-everyday-pajama-set
PI-1175,carters-carters-everyday-pajama-set,Carters Everyday Pajama Set,carters,kids-clothing,Sleepwear,unisex,"Carter's Carters Everyday Pajama Set — sleepwear tracked across 4 stores. We compare live prices, stock and coupons so you always land on the cheapest active listing.",,,clothing; sleepwear,4.5,129,196,false,,carters-store,129,258,IN STOCK,https://www.carters.com/p/carters-14-everyday-pajama-set
PI-1175,carters-carters-everyday-pajama-set,Carters Everyday Pajama Set,carters,kids-clothing,Sleepwear,unisex,"Carter's Carters Everyday Pajama Set — sleepwear tracked across 4 stores. We compare live prices, stock and coupons so you always land on the cheapest active listing.",,,clothing; sleepwear,4.5,129,196,false,,carters-store,110,169.23,IN STOCK,https://www.carters.com/p/carters-19-everyday-pajama-set
PI-1176,carters-carters-cozy-denim-overalls,Carters Cozy Denim Overalls,carters,baby-clothing,Baby Clothing,unisex,"Carter's Carters Cozy Denim Overalls — baby clothing tracked across 4 stores. We compare live prices, stock and coupons so you always land on the cheapest active listing.",Denim,,clothing; baby-clothing,4,110,2921,false,,carters-store,70,87.51,IN STOCK,https://www.carters.com/p/carters-5-cozy-denim-overalls
PI-1176,carters-carters-cozy-denim-overalls,Carters Cozy Denim Overalls,carters,baby-clothing,Baby Clothing,unisex,"Carter's Carters Cozy Denim Overalls — baby clothing tracked across 4 stores. We compare live prices, stock and coupons so you always land on the cheapest active listing.",Denim,,clothing; baby-clothing,4,110,2921,false,,carters-store,99,132,IN STOCK,https://www.carters.com/p/carters-10-cozy-denim-overalls
PI-1176,carters-carters-cozy-denim-overalls,Carters Cozy Denim Overalls,carters,baby-clothing,Baby Clothing,unisex,"Carter's Carters Cozy Denim Overalls — baby clothing tracked across 4 stores. We compare live prices, stock and coupons so you always land on the cheapest active listing.",Denim,,clothing; baby-clothing,4,110,2921,false,,carters-store,56,65.88,IN STOCK,https://www.carters.com/p/carters-15-cozy-denim-overalls
PI-1176,carters-carters-cozy-denim-overalls,Carters Cozy Denim Overalls,carters,baby-clothing,Baby Clothing,unisex,"Carter's Carters Cozy Denim Overalls — baby clothing tracked across 4 stores. We compare live prices, stock and coupons so you always land on the cheapest active listing.",Denim,,clothing; baby-clothing,4,110,2921,false,,carters-store,44,51.76,OUT OF STOCK,https://www.carters.com/p/carters-20-cozy-denim-overalls
PI-1177,oshkosh-bgosh-oshkosh-bgosh-soft-cotton-onesie-set,Oshkosh Bgosh Soft Cotton Onesie Set,oshkosh-bgosh,baby-clothing,Baby Clothing,unisex,"OshKosh B'gosh Oshkosh Bgosh Soft Cotton Onesie Set — baby clothing tracked across 4 stores. We compare live prices, stock and coupons so you always land on the cheapest active listing.",,,clothing; baby-clothing,4.9,91,1698,false,,oshkosh-bgosh-store,45,81.82,IN STOCK,https://www.oshkosh.com/p/oshkosh-bgosh-1-soft-cotton-onesie-set
PI-1177,oshkosh-bgosh-oshkosh-bgosh-soft-cotton-onesie-set,Oshkosh Bgosh Soft Cotton Onesie Set,oshkosh-bgosh,baby-clothing,Baby Clothing,unisex,"OshKosh B'gosh Oshkosh Bgosh Soft Cotton Onesie Set — baby clothing tracked across 4 stores. We compare live prices, stock and coupons so you always land on the cheapest active listing.",,,clothing; baby-clothing,4.9,91,1698,false,,oshkosh-bgosh-store,44,58.66,IN STOCK,https://www.oshkosh.com/p/oshkosh-bgosh-6-soft-cotton-onesie-set
PI-1177,oshkosh-bgosh-oshkosh-bgosh-soft-cotton-onesie-set,Oshkosh Bgosh Soft Cotton Onesie Set,oshkosh-bgosh,baby-clothing,Baby Clothing,unisex,"OshKosh B'gosh Oshkosh Bgosh Soft Cotton Onesie Set — baby clothing tracked across 4 stores. We compare live prices, stock and coupons so you always land on the cheapest active listing.",,,clothing; baby-clothing,4.9,91,1698,false,,oshkosh-bgosh-store,72,120,IN STOCK,https://www.oshkosh.com/p/oshkosh-bgosh-11-soft-cotton-onesie-set
PI-1177,oshkosh-bgosh-oshkosh-bgosh-soft-cotton-onesie-set,Oshkosh Bgosh Soft Cotton Onesie Set,oshkosh-bgosh,baby-clothing,Baby Clothing,unisex,"OshKosh B'gosh Oshkosh Bgosh Soft Cotton Onesie Set — baby clothing tracked across 4 stores. We compare live prices, stock and coupons so you always land on the cheapest active listing.",,,clothing; baby-clothing,4.9,91,1698,false,,oshkosh-bgosh-store,95,190,IN STOCK,https://www.oshkosh.com/p/oshkosh-bgosh-16-soft-cotton-onesie-set
PI-1178,oshkosh-bgosh-oshkosh-bgosh-organic-graphic-tee,Oshkosh Bgosh Organic Graphic Tee,oshkosh-bgosh,kids-clothing,Toddler Clothing,unisex,"OshKosh B'gosh Oshkosh Bgosh Organic Graphic Tee — toddler clothing tracked across 4 stores. We compare live prices, stock and coupons so you always land on the cheapest active listing.",,,clothing; toddler-clothing,4,176,5317,true,,oshkosh-bgosh-store,80,160,IN STOCK,https://www.oshkosh.com/p/oshkosh-bgosh-2-organic-graphic-tee
PI-1178,oshkosh-bgosh-oshkosh-bgosh-organic-graphic-tee,Oshkosh Bgosh Organic Graphic Tee,oshkosh-bgosh,kids-clothing,Toddler Clothing,unisex,"OshKosh B'gosh Oshkosh Bgosh Organic Graphic Tee — toddler clothing tracked across 4 stores. We compare live prices, stock and coupons so you always land on the cheapest active listing.",,,clothing; toddler-clothing,4,176,5317,true,,oshkosh-bgosh-store,62,112.72,IN STOCK,https://www.oshkosh.com/p/oshkosh-bgosh-7-organic-graphic-tee
PI-1178,oshkosh-bgosh-oshkosh-bgosh-organic-graphic-tee,Oshkosh Bgosh Organic Graphic Tee,oshkosh-bgosh,kids-clothing,Toddler Clothing,unisex,"OshKosh B'gosh Oshkosh Bgosh Organic Graphic Tee — toddler clothing tracked across 4 stores. We compare live prices, stock and coupons so you always land on the cheapest active listing.",,,clothing; toddler-clothing,4,176,5317,true,,oshkosh-bgosh-store,108,196.36,IN STOCK,https://www.oshkosh.com/p/oshkosh-bgosh-12-organic-graphic-tee
PI-1178,oshkosh-bgosh-oshkosh-bgosh-organic-graphic-tee,Oshkosh Bgosh Organic Graphic Tee,oshkosh-bgosh,kids-clothing,Toddler Clothing,unisex,"OshKosh B'gosh Oshkosh Bgosh Organic Graphic Tee — toddler clothing tracked across 4 stores. We compare live prices, stock and coupons so you always land on the cheapest active listing.",,,clothing; toddler-clothing,4,176,5317,true,,oshkosh-bgosh-store,96,147.69,IN STOCK,https://www.oshkosh.com/p/oshkosh-bgosh-17-organic-graphic-tee
PI-1179,oshkosh-bgosh-oshkosh-bgosh-printed-sneakers,Oshkosh Bgosh Printed Sneakers,oshkosh-bgosh,kids-shoes,Kids Shoes,unisex,"OshKosh B'gosh Oshkosh Bgosh Printed Sneakers — kids shoes tracked across 4 stores. We compare live prices, stock and coupons so you always land on the cheapest active listing.",,,clothing; kids-shoes,4.9,157,3480,false,,oshkosh-bgosh-store,102,145.8,IN STOCK,https://www.oshkosh.com/p/oshkosh-bgosh-3-printed-sneakers
PI-1179,oshkosh-bgosh-oshkosh-bgosh-printed-sneakers,Oshkosh Bgosh Printed Sneakers,oshkosh-bgosh,kids-shoes,Kids Shoes,unisex,"OshKosh B'gosh Oshkosh Bgosh Printed Sneakers — kids shoes tracked across 4 stores. We compare live prices, stock and coupons so you always land on the cheapest active listing.",,,clothing; kids-shoes,4.9,157,3480,false,,oshkosh-bgosh-store,138,172.51,IN STOCK,https://www.oshkosh.com/p/oshkosh-bgosh-8-printed-sneakers
PI-1179,oshkosh-bgosh-oshkosh-bgosh-printed-sneakers,Oshkosh Bgosh Printed Sneakers,oshkosh-bgosh,kids-shoes,Kids Shoes,unisex,"OshKosh B'gosh Oshkosh Bgosh Printed Sneakers — kids shoes tracked across 4 stores. We compare live prices, stock and coupons so you always land on the cheapest active listing.",,,clothing; kids-shoes,4.9,157,3480,false,,oshkosh-bgosh-store,77,110,LOW STOCK,https://www.oshkosh.com/p/oshkosh-bgosh-13-printed-sneakers
PI-1179,oshkosh-bgosh-oshkosh-bgosh-printed-sneakers,Oshkosh Bgosh Printed Sneakers,oshkosh-bgosh,kids-shoes,Kids Shoes,unisex,"OshKosh B'gosh Oshkosh Bgosh Printed Sneakers — kids shoes tracked across 4 stores. We compare live prices, stock and coupons so you always land on the cheapest active listing.",,,clothing; kids-shoes,4.9,157,3480,false,,oshkosh-bgosh-store,83,103.75,OUT OF STOCK,https://www.oshkosh.com/p/oshkosh-bgosh-18-printed-sneakers
PI-1180,oshkosh-bgosh-oshkosh-bgosh-everyday-pajama-set,Oshkosh Bgosh Everyday Pajama Set,oshkosh-bgosh,kids-clothing,Sleepwear,unisex,"OshKosh B'gosh Oshkosh Bgosh Everyday Pajama Set — sleepwear tracked across 4 stores. We compare live prices, stock and coupons so you always land on the cheapest active listing.",,,clothing; sleepwear,4.1,233,580,false,,oshkosh-bgosh-store,111,222,IN STOCK,https://www.oshkosh.com/p/oshkosh-bgosh-4-everyday-pajama-set
PI-1180,oshkosh-bgosh-oshkosh-bgosh-everyday-pajama-set,Oshkosh Bgosh Everyday Pajama Set,oshkosh-bgosh,kids-clothing,Sleepwear,unisex,"OshKosh B'gosh Oshkosh Bgosh Everyday Pajama Set — sleepwear tracked across 4 stores. We compare live prices, stock and coupons so you always land on the cheapest active listing.",,,clothing; sleepwear,4.1,233,580,false,,oshkosh-bgosh-store,68,80,IN STOCK,https://www.oshkosh.com/p/oshkosh-bgosh-9-everyday-pajama-set
PI-1180,oshkosh-bgosh-oshkosh-bgosh-everyday-pajama-set,Oshkosh Bgosh Everyday Pajama Set,oshkosh-bgosh,kids-clothing,Sleepwear,unisex,"OshKosh B'gosh Oshkosh Bgosh Everyday Pajama Set — sleepwear tracked across 4 stores. We compare live prices, stock and coupons so you always land on the cheapest active listing.",,,clothing; sleepwear,4.1,233,580,false,,oshkosh-bgosh-store,66,120,IN STOCK,https://www.oshkosh.com/p/oshkosh-bgosh-14-everyday-pajama-set
PI-1180,oshkosh-bgosh-oshkosh-bgosh-everyday-pajama-set,Oshkosh Bgosh Everyday Pajama Set,oshkosh-bgosh,kids-clothing,Sleepwear,unisex,"OshKosh B'gosh Oshkosh Bgosh Everyday Pajama Set — sleepwear tracked across 4 stores. We compare live prices, stock and coupons so you always land on the cheapest active listing.",,,clothing; sleepwear,4.1,233,580,false,,oshkosh-bgosh-store,137,249.1,IN STOCK,https://www.oshkosh.com/p/oshkosh-bgosh-19-everyday-pajama-set
PI-1181,oshkosh-bgosh-oshkosh-bgosh-cozy-denim-overalls,Oshkosh Bgosh Cozy Denim Overalls,oshkosh-bgosh,baby-clothing,Baby Clothing,unisex,"OshKosh B'gosh Oshkosh Bgosh Cozy Denim Overalls — baby clothing tracked across 4 stores. We compare live prices, stock and coupons so you always land on the cheapest active listing.",Denim,,clothing; baby-clothing,4.6,52,7401,false,,oshkosh-bgosh-store,95,158.34,IN STOCK,https://www.oshkosh.com/p/oshkosh-bgosh-5-cozy-denim-overalls
PI-1181,oshkosh-bgosh-oshkosh-bgosh-cozy-denim-overalls,Oshkosh Bgosh Cozy Denim Overalls,oshkosh-bgosh,baby-clothing,Baby Clothing,unisex,"OshKosh B'gosh Oshkosh Bgosh Cozy Denim Overalls — baby clothing tracked across 4 stores. We compare live prices, stock and coupons so you always land on the cheapest active listing.",Denim,,clothing; baby-clothing,4.6,52,7401,false,,oshkosh-bgosh-store,53,96.36,IN STOCK,https://www.oshkosh.com/p/oshkosh-bgosh-10-cozy-denim-overalls
PI-1181,oshkosh-bgosh-oshkosh-bgosh-cozy-denim-overalls,Oshkosh Bgosh Cozy Denim Overalls,oshkosh-bgosh,baby-clothing,Baby Clothing,unisex,"OshKosh B'gosh Oshkosh Bgosh Cozy Denim Overalls — baby clothing tracked across 4 stores. We compare live prices, stock and coupons so you always land on the cheapest active listing.",Denim,,clothing; baby-clothing,4.6,52,7401,false,,oshkosh-bgosh-store,68,90.66,IN STOCK,https://www.oshkosh.com/p/oshkosh-bgosh-15-cozy-denim-overalls
PI-1181,oshkosh-bgosh-oshkosh-bgosh-cozy-denim-overalls,Oshkosh Bgosh Cozy Denim Overalls,oshkosh-bgosh,baby-clothing,Baby Clothing,unisex,"OshKosh B'gosh Oshkosh Bgosh Cozy Denim Overalls — baby clothing tracked across 4 stores. We compare live prices, stock and coupons so you always land on the cheapest active listing.",Denim,,clothing; baby-clothing,4.6,52,7401,false,,oshkosh-bgosh-store,75,115.39,IN STOCK,https://www.oshkosh.com/p/oshkosh-bgosh-20-cozy-denim-overalls
PI-1182,the-childrens-place-the-childrens-place-soft-cotton-onesie-set,The Childrens Place Soft Cotton Onesie Set,the-childrens-place,baby-clothing,Baby Clothing,unisex,"The Children's Place The Childrens Place Soft Cotton Onesie Set — baby clothing tracked across 4 stores. We compare live prices, stock and coupons so you always land on the cheapest active listing.",,,clothing; baby-clothing,4.5,195,874,false,,the-childrens-place-store,43,71.66,IN STOCK,https://www.childrensplace.com/p/the-childrens-place-1-soft-cotton-onesie-set
PI-1182,the-childrens-place-the-childrens-place-soft-cotton-onesie-set,The Childrens Place Soft Cotton Onesie Set,the-childrens-place,baby-clothing,Baby Clothing,unisex,"The Children's Place The Childrens Place Soft Cotton Onesie Set — baby clothing tracked across 4 stores. We compare live prices, stock and coupons so you always land on the cheapest active listing.",,,clothing; baby-clothing,4.5,195,874,false,,the-childrens-place-store,52,61.18,LOW STOCK,https://www.childrensplace.com/p/the-childrens-place-6-soft-cotton-onesie-set
PI-1182,the-childrens-place-the-childrens-place-soft-cotton-onesie-set,The Childrens Place Soft Cotton Onesie Set,the-childrens-place,baby-clothing,Baby Clothing,unisex,"The Children's Place The Childrens Place Soft Cotton Onesie Set — baby clothing tracked across 4 stores. We compare live prices, stock and coupons so you always land on the cheapest active listing.",,,clothing; baby-clothing,4.5,195,874,false,,the-childrens-place-store,63,84,IN STOCK,https://www.childrensplace.com/p/the-childrens-place-11-soft-cotton-onesie-set
PI-1182,the-childrens-place-the-childrens-place-soft-cotton-onesie-set,The Childrens Place Soft Cotton Onesie Set,the-childrens-place,baby-clothing,Baby Clothing,unisex,"The Children's Place The Childrens Place Soft Cotton Onesie Set — baby clothing tracked across 4 stores. We compare live prices, stock and coupons so you always land on the cheapest active listing.",,,clothing; baby-clothing,4.5,195,874,false,,the-childrens-place-store,88,110,LOW STOCK,https://www.childrensplace.com/p/the-childrens-place-16-soft-cotton-onesie-set
PI-1183,the-childrens-place-the-childrens-place-organic-graphic-tee,The Childrens Place Organic Graphic Tee,the-childrens-place,kids-clothing,Toddler Clothing,unisex,"The Children's Place The Childrens Place Organic Graphic Tee — toddler clothing tracked across 4 stores. We compare live prices, stock and coupons so you always land on the cheapest active listing.",,,clothing; toddler-clothing,3.6,214,5967,false,,the-childrens-place-store,125,208.34,IN STOCK,https://www.childrensplace.com/p/the-childrens-place-2-organic-graphic-tee
PI-1183,the-childrens-place-the-childrens-place-organic-graphic-tee,The Childrens Place Organic Graphic Tee,the-childrens-place,kids-clothing,Toddler Clothing,unisex,"The Children's Place The Childrens Place Organic Graphic Tee — toddler clothing tracked across 4 stores. We compare live prices, stock and coupons so you always land on the cheapest active listing.",,,clothing; toddler-clothing,3.6,214,5967,false,,the-childrens-place-store,101,126.25,IN STOCK,https://www.childrensplace.com/p/the-childrens-place-7-organic-graphic-tee
PI-1183,the-childrens-place-the-childrens-place-organic-graphic-tee,The Childrens Place Organic Graphic Tee,the-childrens-place,kids-clothing,Toddler Clothing,unisex,"The Children's Place The Childrens Place Organic Graphic Tee — toddler clothing tracked across 4 stores. We compare live prices, stock and coupons so you always land on the cheapest active listing.",,,clothing; toddler-clothing,3.6,214,5967,false,,the-childrens-place-store,141,165.88,OUT OF STOCK,https://www.childrensplace.com/p/the-childrens-place-12-organic-graphic-tee
PI-1183,the-childrens-place-the-childrens-place-organic-graphic-tee,The Childrens Place Organic Graphic Tee,the-childrens-place,kids-clothing,Toddler Clothing,unisex,"The Children's Place The Childrens Place Organic Graphic Tee — toddler clothing tracked across 4 stores. We compare live prices, stock and coupons so you always land on the cheapest active listing.",,,clothing; toddler-clothing,3.6,214,5967,false,,the-childrens-place-store,98,178.18,IN STOCK,https://www.childrensplace.com/p/the-childrens-place-17-organic-graphic-tee
PI-1184,the-childrens-place-the-childrens-place-printed-sneakers,The Childrens Place Printed Sneakers,the-childrens-place,kids-shoes,Kids Shoes,unisex,"The Children's Place The Childrens Place Printed Sneakers — kids shoes tracked across 4 stores. We compare live prices, stock and coupons so you always land on the cheapest active listing.",,,clothing; kids-shoes,4.7,109,7336,false,,the-childrens-place-store,132,240,LOW STOCK,https://www.childrensplace.com/p/the-childrens-place-3-printed-sneakers
PI-1184,the-childrens-place-the-childrens-place-printed-sneakers,The Childrens Place Printed Sneakers,the-childrens-place,kids-shoes,Kids Shoes,unisex,"The Children's Place The Childrens Place Printed Sneakers — kids shoes tracked across 4 stores. We compare live prices, stock and coupons so you always land on the cheapest active listing.",,,clothing; kids-shoes,4.7,109,7336,false,,the-childrens-place-store,69,106.16,IN STOCK,https://www.childrensplace.com/p/the-childrens-place-8-printed-sneakers
PI-1184,the-childrens-place-the-childrens-place-printed-sneakers,The Childrens Place Printed Sneakers,the-childrens-place,kids-shoes,Kids Shoes,unisex,"The Children's Place The Childrens Place Printed Sneakers — kids shoes tracked across 4 stores. We compare live prices, stock and coupons so you always land on the cheapest active listing.",,,clothing; kids-shoes,4.7,109,7336,false,,the-childrens-place-store,60,92.31,IN STOCK,https://www.childrensplace.com/p/the-childrens-place-13-printed-sneakers
PI-1184,the-childrens-place-the-childrens-place-printed-sneakers,The Childrens Place Printed Sneakers,the-childrens-place,kids-shoes,Kids Shoes,unisex,"The Children's Place The Childrens Place Printed Sneakers — kids shoes tracked across 4 stores. We compare live prices, stock and coupons so you always land on the cheapest active listing.",,,clothing; kids-shoes,4.7,109,7336,false,,the-childrens-place-store,90,150,IN STOCK,https://www.childrensplace.com/p/the-childrens-place-18-printed-sneakers
PI-1185,the-childrens-place-the-childrens-place-everyday-pajama-set,The Childrens Place Everyday Pajama Set,the-childrens-place,kids-clothing,Sleepwear,unisex,"The Children's Place The Childrens Place Everyday Pajama Set — sleepwear tracked across 4 stores. We compare live prices, stock and coupons so you always land on the cheapest active listing.",,,clothing; sleepwear,3.8,128,1147,false,,the-childrens-place-store,80,94.12,LOW STOCK,https://www.childrensplace.com/p/the-childrens-place-4-everyday-pajama-set
PI-1185,the-childrens-place-the-childrens-place-everyday-pajama-set,The Childrens Place Everyday Pajama Set,the-childrens-place,kids-clothing,Sleepwear,unisex,"The Children's Place The Childrens Place Everyday Pajama Set — sleepwear tracked across 4 stores. We compare live prices, stock and coupons so you always land on the cheapest active listing.",,,clothing; sleepwear,3.8,128,1147,false,,the-childrens-place-store,87,174,IN STOCK,https://www.childrensplace.com/p/the-childrens-place-9-everyday-pajama-set
PI-1185,the-childrens-place-the-childrens-place-everyday-pajama-set,The Childrens Place Everyday Pajama Set,the-childrens-place,kids-clothing,Sleepwear,unisex,"The Children's Place The Childrens Place Everyday Pajama Set — sleepwear tracked across 4 stores. We compare live prices, stock and coupons so you always land on the cheapest active listing.",,,clothing; sleepwear,3.8,128,1147,false,,the-childrens-place-store,83,127.69,IN STOCK,https://www.childrensplace.com/p/the-childrens-place-14-everyday-pajama-set
PI-1185,the-childrens-place-the-childrens-place-everyday-pajama-set,The Childrens Place Everyday Pajama Set,the-childrens-place,kids-clothing,Sleepwear,unisex,"The Children's Place The Childrens Place Everyday Pajama Set — sleepwear tracked across 4 stores. We compare live prices, stock and coupons so you always land on the cheapest active listing.",,,clothing; sleepwear,3.8,128,1147,false,,the-childrens-place-store,80,133.34,IN STOCK,https://www.childrensplace.com/p/the-childrens-place-19-everyday-pajama-set
PI-1186,the-childrens-place-the-childrens-place-cozy-denim-overalls,The Childrens Place Cozy Denim Overalls,the-childrens-place,baby-clothing,Baby Clothing,unisex,"The Children's Place The Childrens Place Cozy Denim Overalls — baby clothing tracked across 4 stores. We compare live prices, stock and coupons so you always land on the cheapest active listing.",Denim,,clothing; baby-clothing,3.7,71,1382,true,,the-childrens-place-store,71,142,IN STOCK,https://www.childrensplace.com/p/the-childrens-place-5-cozy-denim-overalls
PI-1186,the-childrens-place-the-childrens-place-cozy-denim-overalls,The Childrens Place Cozy Denim Overalls,the-childrens-place,baby-clothing,Baby Clothing,unisex,"The Children's Place The Childrens Place Cozy Denim Overalls — baby clothing tracked across 4 stores. We compare live prices, stock and coupons so you always land on the cheapest active listing.",Denim,,clothing; baby-clothing,3.7,71,1382,true,,the-childrens-place-store,69,138,IN STOCK,https://www.childrensplace.com/p/the-childrens-place-10-cozy-denim-overalls
PI-1186,the-childrens-place-the-childrens-place-cozy-denim-overalls,The Childrens Place Cozy Denim Overalls,the-childrens-place,baby-clothing,Baby Clothing,unisex,"The Children's Place The Childrens Place Cozy Denim Overalls — baby clothing tracked across 4 stores. We compare live prices, stock and coupons so you always land on the cheapest active listing.",Denim,,clothing; baby-clothing,3.7,71,1382,true,,the-childrens-place-store,44,80,IN STOCK,https://www.childrensplace.com/p/the-childrens-place-15-cozy-denim-overalls
PI-1186,the-childrens-place-the-childrens-place-cozy-denim-overalls,The Childrens Place Cozy Denim Overalls,the-childrens-place,baby-clothing,Baby Clothing,unisex,"The Children's Place The Childrens Place Cozy Denim Overalls — baby clothing tracked across 4 stores. We compare live prices, stock and coupons so you always land on the cheapest active listing.",Denim,,clothing; baby-clothing,3.7,71,1382,true,,the-childrens-place-store,75,150,LOW STOCK,https://www.childrensplace.com/p/the-childrens-place-20-cozy-denim-overalls
PI-1187,gap-kids-gap-kids-soft-cotton-onesie-set,Gap Kids Soft Cotton Onesie Set,gap-kids,baby-clothing,Baby Clothing,unisex,"GAP Kids Gap Kids Soft Cotton Onesie Set — baby clothing tracked across 4 stores. We compare live prices, stock and coupons so you always land on the cheapest active listing.",,,clothing; baby-clothing,4.2,90,3605,false,,gap-kids-store,48,80,LOW STOCK,https://www.gap.com/p/gap-kids-1-soft-cotton-onesie-set
PI-1187,gap-kids-gap-kids-soft-cotton-onesie-set,Gap Kids Soft Cotton Onesie Set,gap-kids,baby-clothing,Baby Clothing,unisex,"GAP Kids Gap Kids Soft Cotton Onesie Set — baby clothing tracked across 4 stores. We compare live prices, stock and coupons so you always land on the cheapest active listing.",,,clothing; baby-clothing,4.2,90,3605,false,,gap-kids-store,100,142.86,IN STOCK,https://www.gap.com/p/gap-kids-6-soft-cotton-onesie-set
PI-1187,gap-kids-gap-kids-soft-cotton-onesie-set,Gap Kids Soft Cotton Onesie Set,gap-kids,baby-clothing,Baby Clothing,unisex,"GAP Kids Gap Kids Soft Cotton Onesie Set — baby clothing tracked across 4 stores. We compare live prices, stock and coupons so you always land on the cheapest active listing.",,,clothing; baby-clothing,4.2,90,3605,false,,gap-kids-store,72,96,IN STOCK,https://www.gap.com/p/gap-kids-11-soft-cotton-onesie-set
PI-1187,gap-kids-gap-kids-soft-cotton-onesie-set,Gap Kids Soft Cotton Onesie Set,gap-kids,baby-clothing,Baby Clothing,unisex,"GAP Kids Gap Kids Soft Cotton Onesie Set — baby clothing tracked across 4 stores. We compare live prices, stock and coupons so you always land on the cheapest active listing.",,,clothing; baby-clothing,4.2,90,3605,false,,gap-kids-store,67,103.07,LOW STOCK,https://www.gap.com/p/gap-kids-16-soft-cotton-onesie-set
PI-1188,gap-kids-gap-kids-organic-graphic-tee,Gap Kids Organic Graphic Tee,gap-kids,kids-clothing,Toddler Clothing,unisex,"GAP Kids Gap Kids Organic Graphic Tee — toddler clothing tracked across 4 stores. We compare live prices, stock and coupons so you always land on the cheapest active listing.",,,clothing; toddler-clothing,4.3,81,4340,false,,gap-kids-store,66,77.65,IN STOCK,https://www.gap.com/p/gap-kids-2-organic-graphic-tee
PI-1188,gap-kids-gap-kids-organic-graphic-tee,Gap Kids Organic Graphic Tee,gap-kids,kids-clothing,Toddler Clothing,unisex,"GAP Kids Gap Kids Organic Graphic Tee — toddler clothing tracked across 4 stores. We compare live prices, stock and coupons so you always land on the cheapest active listing.",,,clothing; toddler-clothing,4.3,81,4340,false,,gap-kids-store,98,178.18,IN STOCK,https://www.gap.com/p/gap-kids-7-organic-graphic-tee
PI-1188,gap-kids-gap-kids-organic-graphic-tee,Gap Kids Organic Graphic Tee,gap-kids,kids-clothing,Toddler Clothing,unisex,"GAP Kids Gap Kids Organic Graphic Tee — toddler clothing tracked across 4 stores. We compare live prices, stock and coupons so you always land on the cheapest active listing.",,,clothing; toddler-clothing,4.3,81,4340,false,,gap-kids-store,96,112.94,IN STOCK,https://www.gap.com/p/gap-kids-12-organic-graphic-tee
PI-1188,gap-kids-gap-kids-organic-graphic-tee,Gap Kids Organic Graphic Tee,gap-kids,kids-clothing,Toddler Clothing,unisex,"GAP Kids Gap Kids Organic Graphic Tee — toddler clothing tracked across 4 stores. We compare live prices, stock and coupons so you always land on the cheapest active listing.",,,clothing; toddler-clothing,4.3,81,4340,false,,gap-kids-store,77,118.46,IN STOCK,https://www.gap.com/p/gap-kids-17-organic-graphic-tee
PI-1189,gap-kids-gap-kids-printed-sneakers,Gap Kids Printed Sneakers,gap-kids,kids-shoes,Kids Shoes,unisex,"GAP Kids Gap Kids Printed Sneakers — kids shoes tracked across 4 stores. We compare live prices, stock and coupons so you always land on the cheapest active listing.",,,clothing; kids-shoes,4.8,100,2687,false,,gap-kids-store,89,118.66,IN STOCK,https://www.gap.com/p/gap-kids-3-printed-sneakers
PI-1189,gap-kids-gap-kids-printed-sneakers,Gap Kids Printed Sneakers,gap-kids,kids-shoes,Kids Shoes,unisex,"GAP Kids Gap Kids Printed Sneakers — kids shoes tracked across 4 stores. We compare live prices, stock and coupons so you always land on the cheapest active listing.",,,clothing; kids-shoes,4.8,100,2687,false,,gap-kids-store,86,143.34,IN STOCK,https://www.gap.com/p/gap-kids-8-printed-sneakers
PI-1189,gap-kids-gap-kids-printed-sneakers,Gap Kids Printed Sneakers,gap-kids,kids-shoes,Kids Shoes,unisex,"GAP Kids Gap Kids Printed Sneakers — kids shoes tracked across 4 stores. We compare live prices, stock and coupons so you always land on the cheapest active listing.",,,clothing; kids-shoes,4.8,100,2687,false,,gap-kids-store,86,172,IN STOCK,https://www.gap.com/p/gap-kids-13-printed-sneakers
PI-1189,gap-kids-gap-kids-printed-sneakers,Gap Kids Printed Sneakers,gap-kids,kids-shoes,Kids Shoes,unisex,"GAP Kids Gap Kids Printed Sneakers — kids shoes tracked across 4 stores. We compare live prices, stock and coupons so you always land on the cheapest active listing.",,,clothing; kids-shoes,4.8,100,2687,false,,gap-kids-store,140,164.71,IN STOCK,https://www.gap.com/p/gap-kids-18-printed-sneakers
PI-1190,gap-kids-gap-kids-everyday-pajama-set,Gap Kids Everyday Pajama Set,gap-kids,kids-clothing,Sleepwear,unisex,"GAP Kids Gap Kids Everyday Pajama Set — sleepwear tracked across 4 stores. We compare live prices, stock and coupons so you always land on the cheapest active listing.",,,clothing; sleepwear,4,42,7397,false,,gap-kids-store,132,203.07,OUT OF STOCK,https://www.gap.com/p/gap-kids-4-everyday-pajama-set
PI-1190,gap-kids-gap-kids-everyday-pajama-set,Gap Kids Everyday Pajama Set,gap-kids,kids-clothing,Sleepwear,unisex,"GAP Kids Gap Kids Everyday Pajama Set — sleepwear tracked across 4 stores. We compare live prices, stock and coupons so you always land on the cheapest active listing.",,,clothing; sleepwear,4,42,7397,false,,gap-kids-store,86,172,IN STOCK,https://www.gap.com/p/gap-kids-9-everyday-pajama-set
PI-1190,gap-kids-gap-kids-everyday-pajama-set,Gap Kids Everyday Pajama Set,gap-kids,kids-clothing,Sleepwear,unisex,"GAP Kids Gap Kids Everyday Pajama Set — sleepwear tracked across 4 stores. We compare live prices, stock and coupons so you always land on the cheapest active listing.",,,clothing; sleepwear,4,42,7397,false,,gap-kids-store,78,141.82,IN STOCK,https://www.gap.com/p/gap-kids-14-everyday-pajama-set
PI-1190,gap-kids-gap-kids-everyday-pajama-set,Gap Kids Everyday Pajama Set,gap-kids,kids-clothing,Sleepwear,unisex,"GAP Kids Gap Kids Everyday Pajama Set — sleepwear tracked across 4 stores. We compare live prices, stock and coupons so you always land on the cheapest active listing.",,,clothing; sleepwear,4,42,7397,false,,gap-kids-store,77,118.46,IN STOCK,https://www.gap.com/p/gap-kids-19-everyday-pajama-set
PI-1191,gap-kids-gap-kids-cozy-denim-overalls,Gap Kids Cozy Denim Overalls,gap-kids,baby-clothing,Baby Clothing,unisex,"GAP Kids Gap Kids Cozy Denim Overalls — baby clothing tracked across 4 stores. We compare live prices, stock and coupons so you always land on the cheapest active listing.",Denim,,clothing; baby-clothing,4.9,223,6422,false,,gap-kids-store,58,77.34,IN STOCK,https://www.gap.com/p/gap-kids-5-cozy-denim-overalls
PI-1191,gap-kids-gap-kids-cozy-denim-overalls,Gap Kids Cozy Denim Overalls,gap-kids,baby-clothing,Baby Clothing,unisex,"GAP Kids Gap Kids Cozy Denim Overalls — baby clothing tracked across 4 stores. We compare live prices, stock and coupons so you always land on the cheapest active listing.",Denim,,clothing; baby-clothing,4.9,223,6422,false,,gap-kids-store,81,162,IN STOCK,https://www.gap.com/p/gap-kids-10-cozy-denim-overalls
PI-1191,gap-kids-gap-kids-cozy-denim-overalls,Gap Kids Cozy Denim Overalls,gap-kids,baby-clothing,Baby Clothing,unisex,"GAP Kids Gap Kids Cozy Denim Overalls — baby clothing tracked across 4 stores. We compare live prices, stock and coupons so you always land on the cheapest active listing.",Denim,,clothing; baby-clothing,4.9,223,6422,false,,gap-kids-store,59,107.28,IN STOCK,https://www.gap.com/p/gap-kids-15-cozy-denim-overalls
PI-1191,gap-kids-gap-kids-cozy-denim-overalls,Gap Kids Cozy Denim Overalls,gap-kids,baby-clothing,Baby Clothing,unisex,"GAP Kids Gap Kids Cozy Denim Overalls — baby clothing tracked across 4 stores. We compare live prices, stock and coupons so you always land on the cheapest active listing.",Denim,,clothing; baby-clothing,4.9,223,6422,false,,gap-kids-store,74,113.84,OUT OF STOCK,https://www.gap.com/p/gap-kids-20-cozy-denim-overalls
PI-1192,hm-kids-hm-kids-soft-cotton-onesie-set,Hm Kids Soft Cotton Onesie Set,hm-kids,clothing,Baby Clothing,unisex,"H&M Kids Hm Kids Soft Cotton Onesie Set — baby clothing tracked across 4 stores. We compare live prices, stock and coupons so you always land on the cheapest active listing.",,,clothing; baby-clothing,3.6,80,5003,false,,hm-kids-store,560,700,IN STOCK,https://www.hm.com/p/hm-kids-1-soft-cotton-onesie-set
PI-1192,hm-kids-hm-kids-soft-cotton-onesie-set,Hm Kids Soft Cotton Onesie Set,hm-kids,clothing,Baby Clothing,unisex,"H&M Kids Hm Kids Soft Cotton Onesie Set — baby clothing tracked across 4 stores. We compare live prices, stock and coupons so you always land on the cheapest active listing.",,,clothing; baby-clothing,3.6,80,5003,false,,hm-kids-store,1200,2000,IN STOCK,https://www.hm.com/p/hm-kids-6-soft-cotton-onesie-set
PI-1192,hm-kids-hm-kids-soft-cotton-onesie-set,Hm Kids Soft Cotton Onesie Set,hm-kids,clothing,Baby Clothing,unisex,"H&M Kids Hm Kids Soft Cotton Onesie Set — baby clothing tracked across 4 stores. We compare live prices, stock and coupons so you always land on the cheapest active listing.",,,clothing; baby-clothing,3.6,80,5003,false,,hm-kids-store,1880,2350,LOW STOCK,https://www.hm.com/p/hm-kids-11-soft-cotton-onesie-set
PI-1192,hm-kids-hm-kids-soft-cotton-onesie-set,Hm Kids Soft Cotton Onesie Set,hm-kids,clothing,Baby Clothing,unisex,"H&M Kids Hm Kids Soft Cotton Onesie Set — baby clothing tracked across 4 stores. We compare live prices, stock and coupons so you always land on the cheapest active listing.",,,clothing; baby-clothing,3.6,80,5003,false,,hm-kids-store,1920,2742.86,IN STOCK,https://www.hm.com/p/hm-kids-16-soft-cotton-onesie-set
PI-1193,hm-kids-hm-kids-organic-graphic-tee,Hm Kids Organic Graphic Tee,hm-kids,clothing,Toddler Clothing,unisex,"H&M Kids Hm Kids Organic Graphic Tee — toddler clothing tracked across 4 stores. We compare live prices, stock and coupons so you always land on the cheapest active listing.",,,clothing; toddler-clothing,4.5,61,3192,false,,hm-kids-store,1760,3200,LOW STOCK,https://www.hm.com/p/hm-kids-2-organic-graphic-tee
PI-1193,hm-kids-hm-kids-organic-graphic-tee,Hm Kids Organic Graphic Tee,hm-kids,clothing,Toddler Clothing,unisex,"H&M Kids Hm Kids Organic Graphic Tee — toddler clothing tracked across 4 stores. We compare live prices, stock and coupons so you always land on the cheapest active listing.",,,clothing; toddler-clothing,4.5,61,3192,false,,hm-kids-store,1440,2400,IN STOCK,https://www.hm.com/p/hm-kids-7-organic-graphic-tee
PI-1193,hm-kids-hm-kids-organic-graphic-tee,Hm Kids Organic Graphic Tee,hm-kids,clothing,Toddler Clothing,unisex,"H&M Kids Hm Kids Organic Graphic Tee — toddler clothing tracked across 4 stores. We compare live prices, stock and coupons so you always land on the cheapest active listing.",,,clothing; toddler-clothing,4.5,61,3192,false,,hm-kids-store,595,700,LOW STOCK,https://www.hm.com/p/hm-kids-12-organic-graphic-tee
PI-1193,hm-kids-hm-kids-organic-graphic-tee,Hm Kids Organic Graphic Tee,hm-kids,clothing,Toddler Clothing,unisex,"H&M Kids Hm Kids Organic Graphic Tee — toddler clothing tracked across 4 stores. We compare live prices, stock and coupons so you always land on the cheapest active listing.",,,clothing; toddler-clothing,4.5,61,3192,false,,hm-kids-store,1360,1600,IN STOCK,https://www.hm.com/p/hm-kids-17-organic-graphic-tee
PI-1194,hm-kids-hm-kids-printed-sneakers,Hm Kids Printed Sneakers,hm-kids,shoes,Kids Shoes,unisex,"H&M Kids Hm Kids Printed Sneakers — kids shoes tracked across 4 stores. We compare live prices, stock and coupons so you always land on the cheapest active listing.",,,clothing; kids-shoes,4.8,166,4543,false,,hm-kids-store,252,315,LOW STOCK,https://www.hm.com/p/hm-kids-3-printed-sneakers
PI-1194,hm-kids-hm-kids-printed-sneakers,Hm Kids Printed Sneakers,hm-kids,shoes,Kids Shoes,unisex,"H&M Kids Hm Kids Printed Sneakers — kids shoes tracked across 4 stores. We compare live prices, stock and coupons so you always land on the cheapest active listing.",,,clothing; kids-shoes,4.8,166,4543,false,,hm-kids-store,312,416,IN STOCK,https://www.hm.com/p/hm-kids-8-printed-sneakers
PI-1194,hm-kids-hm-kids-printed-sneakers,Hm Kids Printed Sneakers,hm-kids,shoes,Kids Shoes,unisex,"H&M Kids Hm Kids Printed Sneakers — kids shoes tracked across 4 stores. We compare live prices, stock and coupons so you always land on the cheapest active listing.",,,clothing; kids-shoes,4.8,166,4543,false,,hm-kids-store,564,805.71,IN STOCK,https://www.hm.com/p/hm-kids-13-printed-sneakers
PI-1194,hm-kids-hm-kids-printed-sneakers,Hm Kids Printed Sneakers,hm-kids,shoes,Kids Shoes,unisex,"H&M Kids Hm Kids Printed Sneakers — kids shoes tracked across 4 stores. We compare live prices, stock and coupons so you always land on the cheapest active listing.",,,clothing; kids-shoes,4.8,166,4543,false,,hm-kids-store,240,436.36,LOW STOCK,https://www.hm.com/p/hm-kids-18-printed-sneakers
PI-1195,hm-kids-hm-kids-everyday-pajama-set,Hm Kids Everyday Pajama Set,hm-kids,clothing,Sleepwear,unisex,"H&M Kids Hm Kids Everyday Pajama Set — sleepwear tracked across 4 stores. We compare live prices, stock and coupons so you always land on the cheapest active listing.",,,clothing; sleepwear,4.3,147,4054,false,,hm-kids-store,825,1100,OUT OF STOCK,https://www.hm.com/p/hm-kids-4-everyday-pajama-set
PI-1195,hm-kids-hm-kids-everyday-pajama-set,Hm Kids Everyday Pajama Set,hm-kids,clothing,Sleepwear,unisex,"H&M Kids Hm Kids Everyday Pajama Set — sleepwear tracked across 4 stores. We compare live prices, stock and coupons so you always land on the cheapest active listing.",,,clothing; sleepwear,4.3,147,4054,false,,hm-kids-store,1375,2500,IN STOCK,https://www.hm.com/p/hm-kids-9-everyday-pajama-set
PI-1195,hm-kids-hm-kids-everyday-pajama-set,Hm Kids Everyday Pajama Set,hm-kids,clothing,Sleepwear,unisex,"H&M Kids Hm Kids Everyday Pajama Set — sleepwear tracked across 4 stores. We compare live prices, stock and coupons so you always land on the cheapest active listing.",,,clothing; sleepwear,4.3,147,4054,false,,hm-kids-store,1470,2100,IN STOCK,https://www.hm.com/p/hm-kids-14-everyday-pajama-set
PI-1195,hm-kids-hm-kids-everyday-pajama-set,Hm Kids Everyday Pajama Set,hm-kids,clothing,Sleepwear,unisex,"H&M Kids Hm Kids Everyday Pajama Set — sleepwear tracked across 4 stores. We compare live prices, stock and coupons so you always land on the cheapest active listing.",,,clothing; sleepwear,4.3,147,4054,false,,hm-kids-store,495,900,IN STOCK,https://www.hm.com/p/hm-kids-19-everyday-pajama-set
PI-1196,hm-kids-hm-kids-cozy-denim-overalls,Hm Kids Cozy Denim Overalls,hm-kids,clothing,Baby Clothing,unisex,"H&M Kids Hm Kids Cozy Denim Overalls — baby clothing tracked across 4 stores. We compare live prices, stock and coupons so you always land on the cheapest active listing.",Denim,,clothing; baby-clothing,4.4,204,3545,false,,hm-kids-store,1800,2250,IN STOCK,https://www.hm.com/p/hm-kids-5-cozy-denim-overalls
PI-1196,hm-kids-hm-kids-cozy-denim-overalls,Hm Kids Cozy Denim Overalls,hm-kids,clothing,Baby Clothing,unisex,"H&M Kids Hm Kids Cozy Denim Overalls — baby clothing tracked across 4 stores. We compare live prices, stock and coupons so you always land on the cheapest active listing.",Denim,,clothing; baby-clothing,4.4,204,3545,false,,hm-kids-store,1200,1600,IN STOCK,https://www.hm.com/p/hm-kids-10-cozy-denim-overalls
PI-1196,hm-kids-hm-kids-cozy-denim-overalls,Hm Kids Cozy Denim Overalls,hm-kids,clothing,Baby Clothing,unisex,"H&M Kids Hm Kids Cozy Denim Overalls — baby clothing tracked across 4 stores. We compare live prices, stock and coupons so you always land on the cheapest active listing.",Denim,,clothing; baby-clothing,4.4,204,3545,false,,hm-kids-store,1125,1500,IN STOCK,https://www.hm.com/p/hm-kids-15-cozy-denim-overalls
PI-1196,hm-kids-hm-kids-cozy-denim-overalls,Hm Kids Cozy Denim Overalls,hm-kids,clothing,Baby Clothing,unisex,"H&M Kids Hm Kids Cozy Denim Overalls — baby clothing tracked across 4 stores. We compare live prices, stock and coupons so you always land on the cheapest active listing.",Denim,,clothing; baby-clothing,4.4,204,3545,false,,hm-kids-store,1200,1500,IN STOCK,https://www.hm.com/p/hm-kids-20-cozy-denim-overalls
PI-0001,adidas-pw-adistar-jellyfish-shoes,PW Adistar Jellyfish Shoes,adidas,shoes,Originals,unisex,"Adidas PW Adistar Jellyfish Shoes — originals tracked across 1 store. We compare live prices, stock and coupons so you always land on the cheapest active listing.",,,shoes; originals,4.6,106,6983,false,"https://assets.adidas.com/images/w_280,h_280,f_auto,q_auto:sensitive/c4df1fb7186e4db28f5d9365718a279a_9366/pw-adistar-jellyfish-shoes.jpg",adidas-store,300,300,IN STOCK,https://www.adidas.com/us/pw-adistar-jellyfish-shoes/KH6729.html
PI-0002,adidas-billie-jean-king-shoes,Billie Jean King Shoes,adidas,shoes,Women's Originals,women,"Adidas Billie Jean King Shoes — women's originals tracked across 2 stores. We compare live prices, stock and coupons so you always land on the cheapest active listing.",,,shoes; women-s-originals,4.1,87,300,false,"https://assets.adidas.com/images/w_280,h_280,f_auto,q_auto:sensitive/1c1f8a4028f0466f87649043315f6d77_9366/billie-jean-king-shoes.jpg",adidas-store,110,110,IN STOCK,https://www.adidas.com/us/billie-jean-king-shoes/KH9856.html
PI-0002,adidas-billie-jean-king-shoes,Billie Jean King Shoes,adidas,shoes,Women's Originals,women,"Adidas Billie Jean King Shoes — women's originals tracked across 2 stores. We compare live prices, stock and coupons so you always land on the cheapest active listing.",,,shoes; women-s-originals,4.1,87,300,false,"https://assets.adidas.com/images/w_280,h_280,f_auto,q_auto:sensitive/1c1f8a4028f0466f87649043315f6d77_9366/billie-jean-king-shoes.jpg",adidas-store,110,110,IN STOCK,https://www.adidas.com/us/billie-jean-king-shoes/KH9857.html
PI-0003,adidas-samba-og-shoes,Samba Og Shoes,adidas,shoes,Women's Originals,women,"Adidas Samba Og Shoes — women's originals tracked across 2 stores. We compare live prices, stock and coupons so you always land on the cheapest active listing.",,,shoes; women-s-originals,3.6,68,1025,false,"https://assets.adidas.com/images/w_280,h_280,f_auto,q_auto:sensitive/f88fdc6701a845be8fa1b2d0656b4ab0_9366/samba-og-shoes.jpg",adidas-store,120,120,IN STOCK,https://www.adidas.com/us/samba-og-shoes/KJ7435.html
PI-0003,adidas-samba-og-shoes,Samba Og Shoes,adidas,shoes,Women's Originals,women,"Adidas Samba Og Shoes — women's originals tracked across 2 stores. We compare live prices, stock and coupons so you always land on the cheapest active listing.",,,shoes; women-s-originals,3.6,68,1025,false,"https://assets.adidas.com/images/w_280,h_280,f_auto,q_auto:sensitive/f88fdc6701a845be8fa1b2d0656b4ab0_9366/samba-og-shoes.jpg",adidas-store,110,110,IN STOCK,https://www.adidas.com/us/samba-og-shoes/KJ7479.html
PI-0004,adidas-samba-jane-shoes,Samba Jane Shoes,adidas,shoes,Women's Originals,women,"Adidas Samba Jane Shoes — women's originals tracked across 4 stores. We compare live prices, stock and coupons so you always land on the cheapest active listing.",,,shoes; women-s-originals,4.5,49,466,false,"https://assets.adidas.com/images/w_280,h_280,f_auto,q_auto:sensitive/c793cdb6d1ea4273a49a738732e9eb29_9366/samba-jane-shoes.jpg",adidas-store,110,110,IN STOCK,https://www.adidas.com/us/samba-jane-shoes/HQ7708.html
PI-0004,adidas-samba-jane-shoes,Samba Jane Shoes,adidas,shoes,Women's Originals,women,"Adidas Samba Jane Shoes — women's originals tracked across 4 stores. We compare live prices, stock and coupons so you always land on the cheapest active listing.",,,shoes; women-s-originals,4.5,49,466,false,"https://assets.adidas.com/images/w_280,h_280,f_auto,q_auto:sensitive/c793cdb6d1ea4273a49a738732e9eb29_9366/samba-jane-shoes.jpg",adidas-store,110,110,IN STOCK,https://www.adidas.com/us/samba-jane-shoes/KK2502.html
PI-0004,adidas-samba-jane-shoes,Samba Jane Shoes,adidas,shoes,Women's Originals,women,"Adidas Samba Jane Shoes — women's originals tracked across 4 stores. We compare live prices, stock and coupons so you always land on the cheapest active listing.",,,shoes; women-s-originals,4.5,49,466,false,"https://assets.adidas.com/images/w_280,h_280,f_auto,q_auto:sensitive/c793cdb6d1ea4273a49a738732e9eb29_9366/samba-jane-shoes.jpg",adidas-store,110,110,IN STOCK,https://www.adidas.com/us/samba-jane-shoes/LA7836.html
PI-0004,adidas-samba-jane-shoes,Samba Jane Shoes,adidas,shoes,Women's Originals,women,"Adidas Samba Jane Shoes — women's originals tracked across 4 stores. We compare live prices, stock and coupons so you always land on the cheapest active listing.",,,shoes; women-s-originals,4.5,49,466,false,"https://assets.adidas.com/images/w_280,h_280,f_auto,q_auto:sensitive/c793cdb6d1ea4273a49a738732e9eb29_9366/samba-jane-shoes.jpg",adidas-store,100,100,IN STOCK,https://www.adidas.com/us/samba-jane-shoes/JQ6445.html
PI-0005,adidas-handball-spezial-shoes,Handball Spezial Shoes,adidas,shoes,Originals,unisex,"Adidas Handball Spezial Shoes — originals tracked across 2 stores. We compare live prices, stock and coupons so you always land on the cheapest active listing.",,,shoes; originals,4,230,5341,false,"https://assets.adidas.com/images/w_280,h_280,f_auto,q_auto:sensitive/349ec8b3dbb84fc382bdd9bea4c316a3_9366/handball-spezial-shoes.jpg",adidas-store,110,110,IN STOCK,https://www.adidas.com/us/handball-spezial-shoes/KK1153.html
PI-0005,adidas-handball-spezial-shoes,Handball Spezial Shoes,adidas,shoes,Originals,unisex,"Adidas Handball Spezial Shoes — originals tracked across 2 stores. We compare live prices, stock and coupons so you always land on the cheapest active listing.",,,shoes; originals,4,230,5341,false,"https://assets.adidas.com/images/w_280,h_280,f_auto,q_auto:sensitive/349ec8b3dbb84fc382bdd9bea4c316a3_9366/handball-spezial-shoes.jpg",adidas-store,110,110,IN STOCK,https://www.adidas.com/us/handball-spezial-shoes/IF7087.html
PI-0006,adidas-campus-00s-shoes,Campus 00s Shoes,adidas,shoes,Women's Originals,women,"Adidas Campus 00s Shoes — women's originals tracked across 2 stores. We compare live prices, stock and coupons so you always land on the cheapest active listing.",,,shoes; women-s-originals,4.9,211,6064,true,"https://assets.adidas.com/images/w_280,h_280,f_auto,q_auto:sensitive/b3eb4e526c3b4f268c53af7b0092b158_9366/campus-00s-shoes.jpg",adidas-store,77,110,IN STOCK,https://www.adidas.com/us/campus-00s-shoes/GY0042.html
PI-0006,adidas-campus-00s-shoes,Campus 00s Shoes,adidas,shoes,Women's Originals,women,"Adidas Campus 00s Shoes — women's originals tracked across 2 stores. We compare live prices, stock and coupons so you always land on the cheapest active listing.",,,shoes; women-s-originals,4.9,211,6064,true,"https://assets.adidas.com/images/w_280,h_280,f_auto,q_auto:sensitive/b3eb4e526c3b4f268c53af7b0092b158_9366/campus-00s-shoes.jpg",adidas-store,77,110,IN STOCK,https://www.adidas.com/us/campus-00s-shoes/JP9163.html
PI-0007,adidas-climacool-shoes,Climacool Shoes,adidas,shoes,Sportswear,unisex,"Adidas Climacool Shoes — sportswear tracked across 1 store. We compare live prices, stock and coupons so you always land on the cheapest active listing.",,,shoes; sportswear,4.4,192,3299,false,"https://assets.adidas.com/images/w_280,h_280,f_auto,q_auto:sensitive/e72ff7f8350b46c184db325a2f8ec7a6_9366/climacool-shoes.jpg",adidas-store,150,150,IN STOCK,https://www.adidas.com/us/climacool-shoes/KJ2597.html
PI-0008,adidas-climacool-laced-shoes,Climacool Laced Shoes,adidas,shoes,Sportswear,unisex,"Adidas Climacool Laced Shoes — sportswear tracked across 1 store. We compare live prices, stock and coupons so you always land on the cheapest active listing.",,,shoes; sportswear,3.9,173,2106,false,"https://assets.adidas.com/images/w_280,h_280,f_auto,q_auto:sensitive/8d638c67bd9f42dc8ae70bf6bedad1b7_9366/climacool-laced-shoes.jpg",adidas-store,170,170,IN STOCK,https://www.adidas.com/us/climacool-laced-shoes/KJ2595.html
PI-0009,adidas-samba-og-shoes,Samba OG Shoes,adidas,shoes,Originals,unisex,"Adidas Samba OG Shoes — originals tracked across 1 store. We compare live prices, stock and coupons so you always land on the cheapest active listing.",,,shoes; originals,4.8,154,4369,false,"https://assets.adidas.com/images/w_280,h_280,f_auto,q_auto:sensitive/9b983d5bc09a4d4aba39a8bf011869ba_9366/samba-og-shoes.jpg",adidas-store,100,100,IN STOCK,https://www.adidas.com/us/samba-og-shoes/B75806.html
PI-0010,adidas-samba-og-shoes-kids,Samba OG Shoes Kids,adidas,shoes,Youth Originals,unisex,"Adidas Samba OG Shoes Kids — youth originals tracked across 1 store. We compare live prices, stock and coupons so you always land on the cheapest active listing.",,,shoes; youth-originals,3.8,116,6897,false,"https://assets.adidas.com/images/w_280,h_280,f_auto,q_auto:sensitive/9fb258a11a25407ab06b52eed1cca37b_9366/samba-og-shoes-kids.jpg",adidas-store,80,80,IN STOCK,https://www.adidas.com/us/samba-og-shoes-kids/IE3675.html
PI-0011,adidas-hyperboost-ephr-shoes,Hyperboost Ephr Shoes,adidas,shoes,Originals,unisex,"Adidas Hyperboost Ephr Shoes — originals tracked across 2 stores. We compare live prices, stock and coupons so you always land on the cheapest active listing.",,,shoes; originals,4.3,135,1460,false,"https://assets.adidas.com/images/w_280,h_280,f_auto,q_auto:sensitive/a27dcb4f37c7430288b48a84cd5d99a8_9366/hyperboost-ephr-shoes.jpg",adidas-store,170,170,IN STOCK,https://www.adidas.com/us/hyperboost-ephr-shoes/LA6206.html
PI-0011,adidas-hyperboost-ephr-shoes,Hyperboost Ephr Shoes,adidas,shoes,Originals,unisex,"Adidas Hyperboost Ephr Shoes — originals tracked across 2 stores. We compare live prices, stock and coupons so you always land on the cheapest active listing.",,,shoes; originals,4.3,135,1460,false,"https://assets.adidas.com/images/w_280,h_280,f_auto,q_auto:sensitive/a27dcb4f37c7430288b48a84cd5d99a8_9366/hyperboost-ephr-shoes.jpg",adidas-store,170,170,IN STOCK,https://www.adidas.com/us/hyperboost-ephr-shoes/LA6211.html
PI-0012,adidas-hyperboost-ephr-lt-shoes,Hyperboost Ephr Lt Shoes,adidas,shoes,Originals,unisex,"Adidas Hyperboost Ephr Lt Shoes — originals tracked across 1 store. We compare live prices, stock and coupons so you always land on the cheapest active listing.",,,shoes; originals,4.8,154,6265,false,"https://assets.adidas.com/images/w_280,h_280,f_auto,q_auto:sensitive/ab37c6e90db747f6b3f5947002e8b109_9366/hyperboost-ephr-lt-shoes.jpg",adidas-store,150,150,IN STOCK,https://www.adidas.com/us/hyperboost-ephr-lt-shoes/KZ8509.html
PI-0001,nike-nike-air-force-1-07,Nike Air Force 1 '07,nike,mens-shoes,Men's Shoes,men,"Nike Nike Air Force 1 '07 — men's shoes tracked across 5 stores. We compare live prices, stock and coupons so you always land on the cheapest active listing.",,,shoes; men-s-shoes,4.6,106,6983,false,"https://static.nike.com/a/images/t_default/u_9ddf04c7-2a9a-4d76-add1-d15af8f0263d,c_scale,fl_relative,w_1.0,h_1.0,fl_layer_apply/a42a5d53-2f99-4e78-a081-9d07a2d0774a/AIR+FORCE+1+%2707.png",nike-store,115,115,IN STOCK,https://www.nike.com/t/air-force-1-07-mens-shoes-jBrhbr/CT2302-100
PI-0001,nike-nike-air-force-1-07,Nike Air Force 1 '07,nike,mens-shoes,Men's Shoes,men,"Nike Nike Air Force 1 '07 — men's shoes tracked across 5 stores. We compare live prices, stock and coupons so you always land on the cheapest active listing.",,,shoes; men-s-shoes,4.6,106,6983,false,"https://static.nike.com/a/images/t_default/u_9ddf04c7-2a9a-4d76-add1-d15af8f0263d,c_scale,fl_relative,w_1.0,h_1.0,fl_layer_apply/a42a5d53-2f99-4e78-a081-9d07a2d0774a/AIR+FORCE+1+%2707.png",nike-store,115,115,IN STOCK,https://www.nike.com/t/air-force-1-07-mens-shoes-jBrhbr/CW2288-111
PI-0001,nike-nike-air-force-1-07,Nike Air Force 1 '07,nike,mens-shoes,Men's Shoes,men,"Nike Nike Air Force 1 '07 — men's shoes tracked across 5 stores. We compare live prices, stock and coupons so you always land on the cheapest active listing.",,,shoes; men-s-shoes,4.6,106,6983,false,"https://static.nike.com/a/images/t_default/u_9ddf04c7-2a9a-4d76-add1-d15af8f0263d,c_scale,fl_relative,w_1.0,h_1.0,fl_layer_apply/a42a5d53-2f99-4e78-a081-9d07a2d0774a/AIR+FORCE+1+%2707.png",nike-store,115,115,IN STOCK,https://www.nike.com/t/air-force-1-07-mens-shoes-jBrhbr/CW2288-001
PI-0001,nike-nike-air-force-1-07,Nike Air Force 1 '07,nike,mens-shoes,Men's Shoes,men,"Nike Nike Air Force 1 '07 — men's shoes tracked across 5 stores. We compare live prices, stock and coupons so you always land on the cheapest active listing.",,,shoes; men-s-shoes,4.6,106,6983,false,"https://static.nike.com/a/images/t_default/u_9ddf04c7-2a9a-4d76-add1-d15af8f0263d,c_scale,fl_relative,w_1.0,h_1.0,fl_layer_apply/a42a5d53-2f99-4e78-a081-9d07a2d0774a/AIR+FORCE+1+%2707.png",nike-store,115,115,IN STOCK,https://www.nike.com/t/air-force-1-07-womens-shoes-b19lqD/DD8959-100
PI-0001,nike-nike-air-force-1-07,Nike Air Force 1 '07,nike,mens-shoes,Men's Shoes,men,"Nike Nike Air Force 1 '07 — men's shoes tracked across 5 stores. We compare live prices, stock and coupons so you always land on the cheapest active listing.",,,shoes; men-s-shoes,4.6,106,6983,false,"https://static.nike.com/a/images/t_default/u_9ddf04c7-2a9a-4d76-add1-d15af8f0263d,c_scale,fl_relative,w_1.0,h_1.0,fl_layer_apply/a42a5d53-2f99-4e78-a081-9d07a2d0774a/AIR+FORCE+1+%2707.png",nike-store,115,115,IN STOCK,https://www.nike.com/t/air-force-1-07-womens-shoes-b19lqD/DD8959-001
PI-0002,nike-nike-zoom-vomero-5,Nike Zoom Vomero 5,nike,shoes,Women's Shoes,unisex,"Nike Nike Zoom Vomero 5 — women's shoes tracked across 1 store. We compare live prices, stock and coupons so you always land on the cheapest active listing.",,,shoes; women-s-shoes,4.1,87,300,false,"https://static.nike.com/a/images/t_default/u_9ddf04c7-2a9a-4d76-add1-d15af8f0263d,c_scale,fl_relative,w_1.0,h_1.0,fl_layer_apply/525c15c8-ff31-4a90-b77f-259e4fecbc96/W+NIKE+ZOOM+VOMERO+5.png",nike-store,170,170,IN STOCK,https://www.nike.com/t/zoom-vomero-5-womens-shoes-KludgkH7/FD0884-025
PI-0003,jordan-air-jordan-3-retro-true-blue,"Air Jordan 3 Retro ""True Blue""",jordan,shoes,Men's Shoes,unisex,"Jordan Air Jordan 3 Retro ""True Blue"" — men's shoes tracked across 1 store. We compare live prices, stock and coupons so you always land on the cheapest active listing.",Blue,,shoes; men-s-shoes,3.6,68,1025,false,"https://static.nike.com/a/images/t_default/u_126ab356-44d8-4a06-89b4-fcdcc8df0245,c_scale,fl_relative,w_1.0,h_1.0,fl_layer_apply/88e1020e-4f52-4000-b44c-b421c73b9db1/AIR+JORDAN+3+RETRO+OG.png",nike-store,230,230,IN STOCK,https://www.nike.com/t/air-jordan-3-retro-true-blue-mens-shoes-1ViayvSi/IF4396-104
PI-0004,jordan-air-jordan-3-world-s-best,"Air Jordan 3 ""World's Best""",jordan,shoes,Men's Shoes,unisex,"Jordan Air Jordan 3 ""World's Best"" — men's shoes tracked across 1 store. We compare live prices, stock and coupons so you always land on the cheapest active listing.",,,shoes; men-s-shoes,4.5,49,466,false,"https://static.nike.com/a/images/t_default/u_126ab356-44d8-4a06-89b4-fcdcc8df0245,c_scale,fl_relative,w_1.0,h_1.0,fl_layer_apply/31313d8b-c313-4270-91d8-f03d8078f960/AIR+JORDAN+3+RETRO+OG.png",nike-store,215,215,IN STOCK,https://www.nike.com/t/air-jordan-3-worlds-best-mens-shoes-1ViayvSi/IF4396-103
PI-0005,nike-nike-p-6000,Nike P-6000,nike,mens-shoes,Shoes,men,"Nike Nike P-6000 — shoes tracked across 9 stores. We compare live prices, stock and coupons so you always land on the cheapest active listing.",,,shoes; shoes,4,230,5341,false,"https://static.nike.com/a/images/t_default/u_9ddf04c7-2a9a-4d76-add1-d15af8f0263d,c_scale,fl_relative,w_1.0,h_1.0,fl_layer_apply/mcdrf7uxgwnem8l0sv0q/NIKE+P-6000.png",nike-store,125,125,IN STOCK,https://www.nike.com/t/p-6000-shoes-XkgpKW/CN0149-001
PI-0005,nike-nike-p-6000,Nike P-6000,nike,mens-shoes,Shoes,men,"Nike Nike P-6000 — shoes tracked across 9 stores. We compare live prices, stock and coupons so you always land on the cheapest active listing.",,,shoes; shoes,4,230,5341,false,"https://static.nike.com/a/images/t_default/u_9ddf04c7-2a9a-4d76-add1-d15af8f0263d,c_scale,fl_relative,w_1.0,h_1.0,fl_layer_apply/mcdrf7uxgwnem8l0sv0q/NIKE+P-6000.png",nike-store,115,115,IN STOCK,https://www.nike.com/t/p-6000-shoes-XkgpKW/CD6404-002
PI-0005,nike-nike-p-6000,Nike P-6000,nike,mens-shoes,Shoes,men,"Nike Nike P-6000 — shoes tracked across 9 stores. We compare live prices, stock and coupons so you always land on the cheapest active listing.",,,shoes; shoes,4,230,5341,false,"https://static.nike.com/a/images/t_default/u_9ddf04c7-2a9a-4d76-add1-d15af8f0263d,c_scale,fl_relative,w_1.0,h_1.0,fl_layer_apply/mcdrf7uxgwnem8l0sv0q/NIKE+P-6000.png",nike-store,68.98,115,IN STOCK,https://www.nike.com/t/p-6000-mens-shoes-XkgpKW/IR1477-010
PI-0005,nike-nike-p-6000,Nike P-6000,nike,mens-shoes,Shoes,men,"Nike Nike P-6000 — shoes tracked across 9 stores. We compare live prices, stock and coupons so you always land on the cheapest active listing.",,,shoes; shoes,4,230,5341,false,"https://static.nike.com/a/images/t_default/u_9ddf04c7-2a9a-4d76-add1-d15af8f0263d,c_scale,fl_relative,w_1.0,h_1.0,fl_layer_apply/mcdrf7uxgwnem8l0sv0q/NIKE+P-6000.png",nike-store,90.98,115,IN STOCK,https://www.nike.com/t/p-6000-mens-shoes-XkgpKW/IR5279-002
PI-0005,nike-nike-p-6000,Nike P-6000,nike,mens-shoes,Shoes,men,"Nike Nike P-6000 — shoes tracked across 9 stores. We compare live prices, stock and coupons so you always land on the cheapest active listing.",,,shoes; shoes,4,230,5341,false,"https://static.nike.com/a/images/t_default/u_9ddf04c7-2a9a-4d76-add1-d15af8f0263d,c_scale,fl_relative,w_1.0,h_1.0,fl_layer_apply/mcdrf7uxgwnem8l0sv0q/NIKE+P-6000.png",nike-store,115,115,IN STOCK,https://www.nike.com/t/p-6000-mens-shoes-XkgpKW/IV6029-030
PI-0005,nike-nike-p-6000,Nike P-6000,nike,mens-shoes,Shoes,men,"Nike Nike P-6000 — shoes tracked across 9 stores. We compare live prices, stock and coupons so you always land on the cheapest active listing.",,,shoes; shoes,4,230,5341,false,"https://static.nike.com/a/images/t_default/u_9ddf04c7-2a9a-4d76-add1-d15af8f0263d,c_scale,fl_relative,w_1.0,h_1.0,fl_layer_apply/mcdrf7uxgwnem8l0sv0q/NIKE+P-6000.png",nike-store,125,125,IN STOCK,https://www.nike.com/t/p-6000-mens-shoes-XkgpKW/IH8042-002
PI-0005,nike-nike-p-6000,Nike P-6000,nike,mens-shoes,Shoes,men,"Nike Nike P-6000 — shoes tracked across 9 stores. We compare live prices, stock and coupons so you always land on the cheapest active listing.",,,shoes; shoes,4,230,5341,false,"https://static.nike.com/a/images/t_default/u_9ddf04c7-2a9a-4d76-add1-d15af8f0263d,c_scale,fl_relative,w_1.0,h_1.0,fl_layer_apply/mcdrf7uxgwnem8l0sv0q/NIKE+P-6000.png",nike-store,115,115,IN STOCK,https://www.nike.com/t/p-6000-mens-shoes-XkgpKW/IR5279-001
PI-0005,nike-nike-p-6000,Nike P-6000,nike,mens-shoes,Shoes,men,"Nike Nike P-6000 — shoes tracked across 9 stores. We compare live prices, stock and coupons so you always land on the cheapest active listing.",,,shoes; shoes,4,230,5341,false,"https://static.nike.com/a/images/t_default/u_9ddf04c7-2a9a-4d76-add1-d15af8f0263d,c_scale,fl_relative,w_1.0,h_1.0,fl_layer_apply/mcdrf7uxgwnem8l0sv0q/NIKE+P-6000.png",nike-store,115,115,IN STOCK,https://www.nike.com/t/p-6000-mens-shoes-XkgpKW/IR5279-003
PI-0005,nike-nike-p-6000,Nike P-6000,nike,mens-shoes,Shoes,men,"Nike Nike P-6000 — shoes tracked across 9 stores. We compare live prices, stock and coupons so you always land on the cheapest active listing.",,,shoes; shoes,4,230,5341,false,"https://static.nike.com/a/images/t_default/u_9ddf04c7-2a9a-4d76-add1-d15af8f0263d,c_scale,fl_relative,w_1.0,h_1.0,fl_layer_apply/mcdrf7uxgwnem8l0sv0q/NIKE+P-6000.png",nike-store,115,115,IN STOCK,https://www.nike.com/t/p-6000-shoes-XkgpKW/CD6404-108
PI-0006,nike-nike-p-6000-fade,Nike P-6000 Fade,nike,shoes,Men's Shoes,unisex,"Nike Nike P-6000 Fade — men's shoes tracked across 1 store. We compare live prices, stock and coupons so you always land on the cheapest active listing.",,,shoes; men-s-shoes,4.9,211,6064,true,"https://static.nike.com/a/images/t_default/u_9ddf04c7-2a9a-4d76-add1-d15af8f0263d,c_scale,fl_relative,w_1.0,h_1.0,fl_layer_apply/8710354e-ed8a-4a8e-bddb-6bff5caca2cc/NIKE+P-6000.png",nike-store,125,125,IN STOCK,https://www.nike.com/t/p-6000-fade-mens-shoes-XkgpKW/IH4465-095
PI-0007,nike-nike-p-6000-se,Nike P-6000 SE,nike,mens-shoes,Shoes,men,"Nike Nike P-6000 SE — shoes tracked across 2 stores. We compare live prices, stock and coupons so you always land on the cheapest active listing.",,,shoes; shoes,4.4,192,3299,false,"https://static.nike.com/a/images/t_default/u_9ddf04c7-2a9a-4d76-add1-d15af8f0263d,c_scale,fl_relative,w_1.0,h_1.0,fl_layer_apply/47690382-3d0c-4aa4-b968-a4876e5bcf4c/NIKE+P-6000+SE+LOS.png",nike-store,125,125,IN STOCK,https://www.nike.com/t/p-6000-se-shoes-XkgpKW/IO3370-300
PI-0007,nike-nike-p-6000-se,Nike P-6000 SE,nike,mens-shoes,Shoes,men,"Nike Nike P-6000 SE — shoes tracked across 2 stores. We compare live prices, stock and coupons so you always land on the cheapest active listing.",,,shoes; shoes,4.4,192,3299,false,"https://static.nike.com/a/images/t_default/u_9ddf04c7-2a9a-4d76-add1-d15af8f0263d,c_scale,fl_relative,w_1.0,h_1.0,fl_layer_apply/47690382-3d0c-4aa4-b968-a4876e5bcf4c/NIKE+P-6000+SE+LOS.png",nike-store,125,125,IN STOCK,https://www.nike.com/t/p-6000-se-mens-shoes-XkgpKW/IR0923-001
PI-0001,asos-design-asos-design-boat-neck-waist-detail-midi-dress-in-chocolate,ASOS DESIGN boat neck waist detail midi dress in chocolate,asos-design,clothing,Dress,women,"ASOS DESIGN ASOS DESIGN boat neck waist detail midi dress in chocolate — dress tracked across 1 store. We compare live prices, stock and coupons so you always land on the cheapest active listing.",Chocolate,,dresses; dress,4.6,106,6983,false,https://images.asos-media.com/products/asos-design-boat-neck-waist-detail-midi-dress-in-chocolate/210896598-1-chocolate/?$n_480w$&wid=476&fit=constrain,asos-store,59.99,59.99,IN STOCK,https://www.asos.com/us/asos-design/asos-design-boat-neck-waist-detail-midi-dress-in-chocolate/prd/210896598#colourWayId-210896601
PI-0002,asos-design-asos-design-polka-dot-high-neck-drop-waist-midi-dress-in-lemon-and-brown,ASOS DESIGN polka dot high neck drop waist midi dress in lemon and brown,asos-design,clothing,Dress,women,"ASOS DESIGN ASOS DESIGN polka dot high neck drop waist midi dress in lemon and brown — dress tracked across 1 store. We compare live prices, stock and coupons so you always land on the cheapest active listing.",Brown,,dresses; dress,4.1,87,300,false,https://images.asos-media.com/products/asos-design-polka-dot-high-neck-drop-waist-midi-dress-in-lemon-and-brown/211076435-1-lemonandbrown/?$n_480w$&wid=476&fit=constrain,asos-store,59.99,59.99,IN STOCK,https://www.asos.com/us/asos-design/asos-design-polka-dot-high-neck-drop-waist-midi-dress-in-lemon-and-brown/prd/211076435#colourWayId-211076438
PI-0003,asos-design-asos-design-maxi-dress-with-draped-skirt-into-scarf-detailing-in-mono-black-and-white,ASOS DESIGN maxi dress with draped skirt into scarf detailing in mono black and white,asos-design,clothing,Dress,women,"ASOS DESIGN ASOS DESIGN maxi dress with draped skirt into scarf detailing in mono black and white — dress tracked across 1 store. We compare live prices, stock and coupons so you always land on the cheapest active listing.",Black,,dresses; dress,3.6,68,1025,false,https://images.asos-media.com/products/asos-design-maxi-dress-with-draped-skirt-into-scarf-detailing-in-mono-black-and-white/210672092-1-mono/?$n_480w$&wid=476&fit=constrain,asos-store,74.99,74.99,IN STOCK,https://www.asos.com/us/asos-design/asos-design-maxi-dress-with-draped-skirt-into-scarf-detailing-in-mono-black-and-white/prd/210672092#colourWayId-210672100
PI-0004,asos-design-asos-design-off-the-shoulder-wrap-bodice-detailing-maxi-dress-with-train-in-green,ASOS DESIGN off the shoulder wrap bodice detailing maxi dress with train in green,asos-design,clothing,Dress,women,"ASOS DESIGN ASOS DESIGN off the shoulder wrap bodice detailing maxi dress with train in green — dress tracked across 1 store. We compare live prices, stock and coupons so you always land on the cheapest active listing.",Green,,dresses; dress,4.5,49,466,false,https://images.asos-media.com/products/asos-design-off-the-shoulder-wrap-bodice-detailing-maxi-dress-with-train-in-green/210569883-1-olive/?$n_480w$&wid=476&fit=constrain,asos-store,94.99,94.99,IN STOCK,https://www.asos.com/us/asos-design/asos-design-off-the-shoulder-wrap-bodice-detailing-maxi-dress-with-train-in-green/prd/210569883#colourWayId-210569907
PI-0005,asos-design-asos-design-mesh-maxi-dress-with-ruching-and-frill-details-in-pink,ASOS DESIGN mesh maxi dress with ruching and frill details in pink,asos-design,clothing,Dress,women,"ASOS DESIGN ASOS DESIGN mesh maxi dress with ruching and frill details in pink — dress tracked across 1 store. We compare live prices, stock and coupons so you always land on the cheapest active listing.",Pink,,dresses; dress,4,230,5341,false,https://images.asos-media.com/products/asos-design-mesh-maxi-dress-with-ruching-and-frill-details-in-pink/210746998-1-pink/?$n_480w$&wid=476&fit=constrain,asos-store,79.99,79.99,IN STOCK,https://www.asos.com/us/asos-design/asos-design-mesh-maxi-dress-with-ruching-and-frill-details-in-pink/prd/210746998#colourWayId-210747004
PI-0006,asos-design-asos-design-twist-shoulder-with-lace-up-back-maxi-dress-in-black,ASOS DESIGN twist shoulder with lace up back maxi dress in black,asos-design,clothing,Dress,women,"ASOS DESIGN ASOS DESIGN twist shoulder with lace up back maxi dress in black — dress tracked across 1 store. We compare live prices, stock and coupons so you always land on the cheapest active listing.",Black,,dresses; dress,4.9,211,6064,true,https://images.asos-media.com/products/asos-design-twist-shoulder-with-lace-up-back-maxi-dress-in-black/207789200-1-black/?$n_480w$&wid=476&fit=constrain,asos-store,64.99,64.99,IN STOCK,https://www.asos.com/us/asos-design/asos-design-twist-shoulder-with-lace-up-back-maxi-dress-in-black/prd/207789200#colourWayId-207789203
PI-0007,asos-design-asos-design-lace-appliqu-grown-on-sleeve-bias-cut-satin-midi-dress-in-plum,ASOS DESIGN lace appliqué grown on sleeve bias cut satin midi dress in plum,asos-design,clothing,Dress,women,"ASOS DESIGN ASOS DESIGN lace appliqué grown on sleeve bias cut satin midi dress in plum — dress tracked across 1 store. We compare live prices, stock and coupons so you always land on the cheapest active listing.",,,dresses; dress,4.4,192,3299,false,https://images.asos-media.com/products/asos-design-lace-applique-grown-on-sleeve-bias-cut-satin-midi-dress-in-plum/209827204-1-plum/?$n_480w$&wid=476&fit=constrain,asos-store,69.99,69.99,IN STOCK,https://www.asos.com/us/asos-design/asos-design-lace-applique-grown-on-sleeve-bias-cut-satin-midi-dress-in-plum/prd/209827204#colourWayId-209827212
PI-0008,asos-design-asos-design-cut-out-detail-midaxi-dress-in-mono-polka-dot,ASOS DESIGN cut-out detail midaxi dress in mono polka dot,asos-design,clothing,Dress,women,"ASOS DESIGN ASOS DESIGN cut-out detail midaxi dress in mono polka dot — dress tracked across 1 store. We compare live prices, stock and coupons so you always land on the cheapest active listing.",,,dresses; dress,3.9,173,2106,false,https://images.asos-media.com/products/asos-design-cut-out-detail-midaxi-dress-in-mono-polka-dot/210987260-1-monospot/?$n_480w$&wid=476&fit=constrain,asos-store,59.99,59.99,IN STOCK,https://www.asos.com/us/asos-design/asos-design-cut-out-detail-midaxi-dress-in-mono-polka-dot/prd/210987260#colourWayId-210987262
PI-0009,asos-design-asos-design-mesh-long-sleeve-maxi-dress-in-lemon,ASOS DESIGN mesh long sleeve maxi dress in lemon,asos-design,clothing,Dress,women,"ASOS DESIGN ASOS DESIGN mesh long sleeve maxi dress in lemon — dress tracked across 1 store. We compare live prices, stock and coupons so you always land on the cheapest active listing.",,,dresses; dress,4.8,154,4369,false,https://images.asos-media.com/products/asos-design-mesh-long-sleeve-maxi-dress-in-lemon/210520286-1-lemon/?$n_480w$&wid=476&fit=constrain,asos-store,79.99,79.99,IN STOCK,https://www.asos.com/us/asos-design/asos-design-mesh-long-sleeve-maxi-dress-in-lemon/prd/210520286#colourWayId-210520287
PI-0010,asos-design-asos-design-draped-halter-neck-maxi-dress-with-knot-back-detail-in-floral-print,ASOS DESIGN draped halter neck maxi dress with knot back detail in floral print,asos-design,clothing,Dress,women,"ASOS DESIGN ASOS DESIGN draped halter neck maxi dress with knot back detail in floral print — dress tracked across 1 store. We compare live prices, stock and coupons so you always land on the cheapest active listing.",Floral,,dresses; dress,3.8,116,6897,false,,asos-store,99.99,99.99,IN STOCK,https://www.asos.com/us/asos-design/asos-design-draped-halter-neck-maxi-dress-with-knot-back-detail-in-floral-print/prd/210638152#colourWayId-210638154
PI-0011,new-balance-new-balance-740-in-beige-and-brown-exclusive-to-asos,New Balance 740 in beige and brown - Exclusive to ASOS,new-balance,shoes,Sneakers,unisex,"New Balance New Balance 740 in beige and brown - Exclusive to ASOS — sneakers tracked across 1 store. We compare live prices, stock and coupons so you always land on the cheapest active listing.",Beige,,shoes; sneakers,4.3,135,1460,false,https://images.asos-media.com/products/new-balance-740-in-beige-and-brown-exclusive-to-asos/207470989-1-beige/?$n_480w$&wid=476&fit=constrain,asos-store,109.99,109.99,IN STOCK,https://www.asos.com/us/new-balance/new-balance-740-in-beige-and-brown-exclusive-to-asos/prd/207470989#colourWayId-207470990
PI-0012,new-balance-new-balance-9060-sneakers-with-ribbon-laces-in-beige-exclusive-to-asos,New Balance 9060 sneakers with ribbon laces in beige - Exclusive to ASOS,new-balance,shoes,Sneakers,unisex,"New Balance New Balance 9060 sneakers with ribbon laces in beige - Exclusive to ASOS — sneakers tracked across 1 store. We compare live prices, stock and coupons so you always land on the cheapest active listing.",Beige,,shoes; sneakers,4.8,154,6265,false,https://images.asos-media.com/products/new-balance-9060-sneakers-with-ribbon-laces-in-beige-exclusive-to-asos/206991987-1-beige/?$n_480w$&wid=476&fit=constrain,asos-store,159.99,159.99,IN STOCK,https://www.asos.com/us/new-balance/new-balance-9060-sneakers-with-ribbon-laces-in-beige-exclusive-to-asos/prd/206991987#colourWayId-206991988
PI-0013,new-balance-new-balance-740-sneakers-in-beige-exclusive-to-asos,New Balance 740 sneakers in beige - Exclusive to ASOS,new-balance,shoes,Sneakers,unisex,"New Balance New Balance 740 sneakers in beige - Exclusive to ASOS — sneakers tracked across 1 store. We compare live prices, stock and coupons so you always land on the cheapest active listing.",Beige,,shoes; sneakers,3.9,173,4638,false,https://images.asos-media.com/products/new-balance-740-sneakers-in-beige-exclusive-to-asos/207206543-1-beige/?$n_480w$&wid=476&fit=constrain,asos-store,114.99,114.99,IN STOCK,https://www.asos.com/us/new-balance/new-balance-740-sneakers-in-beige-exclusive-to-asos/prd/207206543#colourWayId-207206544
PI-0014,nike-nike-v5-rnr-sneakers-in-beige,Nike V5 RNR sneakers in beige,nike,shoes,Sneakers,unisex,"Nike Nike V5 RNR sneakers in beige — sneakers tracked across 1 store. We compare live prices, stock and coupons so you always land on the cheapest active listing.",Beige,,shoes; sneakers,4.6,40,2995,false,https://images.asos-media.com/products/nike-v5-rnr-sneakers-in-beige/208418155-1-beige/?$n_480w$&wid=476&fit=constrain,asos-store,95,95,IN STOCK,https://www.asos.com/us/nike/nike-v5-rnr-sneakers-in-beige/prd/208418155#colourWayId-208418156
PI-0015,new-balance-new-balance-204l-sneakers-in-brown,New Balance 204L sneakers in brown,new-balance,shoes,Sneakers,unisex,"New Balance New Balance 204L sneakers in brown — sneakers tracked across 1 store. We compare live prices, stock and coupons so you always land on the cheapest active listing.",Brown,,shoes; sneakers,3.7,59,2160,false,https://images.asos-media.com/products/new-balance-204l-sneakers-in-brown/210213006-1-brown/?$n_480w$&wid=476&fit=constrain,asos-store,119.99,119.99,IN STOCK,https://www.asos.com/us/new-balance/new-balance-204l-sneakers-in-brown/prd/210213006#colourWayId-210213019
PI-0016,new-balance-new-balance-530-sneakers-with-ribbon-laces-in-silver-exclusive-to-asos,New Balance 530 sneakers with ribbon laces in silver - Exclusive to ASOS,new-balance,shoes,Sneakers,unisex,"New Balance New Balance 530 sneakers with ribbon laces in silver - Exclusive to ASOS — sneakers tracked across 1 store. We compare live prices, stock and coupons so you always land on the cheapest active listing.",Silver,,shoes; sneakers,4.2,78,3885,true,https://images.asos-media.com/products/new-balance-530-sneakers-with-ribbon-laces-in-silver-exclusive-to-asos/206991973-1-silver/?$n_480w$&wid=476&fit=constrain,asos-store,99.99,99.99,IN STOCK,https://www.asos.com/us/new-balance/new-balance-530-sneakers-with-ribbon-laces-in-silver-exclusive-to-asos/prd/206991973#colourWayId-206991974
PI-0017,adidas-originals-adidas-originals-samba-x-liberty-og-sneakers-in-burgundy-paisley-print,adidas Originals Samba x Liberty OG sneakers in burgundy paisley print,adidas-originals,shoes,Sneakers,unisex,"Adidas Originals adidas Originals Samba x Liberty OG sneakers in burgundy paisley print — sneakers tracked across 1 store. We compare live prices, stock and coupons so you always land on the cheapest active listing.",,,shoes; sneakers,4.7,97,1870,false,https://images.asos-media.com/products/adidas-originals-samba-x-liberty-og-sneakers-in-burgundy-paisley-print/210519633-1-burgundy/?$n_480w$&wid=476&fit=constrain,asos-store,110,110,IN STOCK,https://www.asos.com/us/adidas-originals/adidas-originals-samba-x-liberty-og-sneakers-in-burgundy-paisley-print/prd/210519633#colourWayId-210519640
PI-0018,adidas-originals-adidas-originals-samba-og-sneakers-in-navy-and-gray,adidas Originals Samba OG sneakers in navy and gray,adidas-originals,shoes,Sneakers,unisex,"Adidas Originals adidas Originals Samba OG sneakers in navy and gray — sneakers tracked across 1 store. We compare live prices, stock and coupons so you always land on the cheapest active listing.",Navy,,shoes; sneakers,4,164,1095,false,https://images.asos-media.com/products/adidas-originals-samba-og-sneakers-in-navy-and-gray/209359916-1-navy/?$n_480w$&wid=476&fit=constrain,asos-store,110,110,IN STOCK,https://www.asos.com/us/adidas-originals/adidas-originals-samba-og-sneakers-in-navy-and-gray/prd/209359916#colourWayId-209359918
PI-0019,new-balance-new-balance-530-sneakers-in-cream-and-brown,New Balance 530 sneakers in cream and brown,new-balance,shoes,Sneakers,unisex,"New Balance New Balance 530 sneakers in cream and brown — sneakers tracked across 1 store. We compare live prices, stock and coupons so you always land on the cheapest active listing.",Brown,,shoes; sneakers,4.5,183,3332,true,https://images.asos-media.com/products/new-balance-530-sneakers-in-cream-and-brown/210717751-1-cream/?$n_480w$&wid=476&fit=constrain,asos-store,109.99,109.99,IN STOCK,https://www.asos.com/us/new-balance/new-balance-530-sneakers-in-cream-and-brown/prd/210717751#colourWayId-210717776
PI-0020,nike-nike-air-rift-sneakers-in-beige,Nike Air Rift sneakers in beige,nike,shoes,Sneakers,unisex,"Nike Nike Air Rift sneakers in beige — sneakers tracked across 1 store. We compare live prices, stock and coupons so you always land on the cheapest active listing.",Beige,,shoes; sneakers,3.7,209,5292,false,,asos-store,125,125,IN STOCK,https://www.asos.com/us/nike/nike-air-rift-sneakers-in-beige/prd/207499260#colourWayId-207499262
PI-0001,zara-mini-dress-with-pleated-sleeves,MINI DRESS WITH PLEATED SLEEVES,zara,clothing,Women's Dresses & Jumpsuits,women,"Zara MINI DRESS WITH PLEATED SLEEVES — women's dresses & jumpsuits tracked across 1 store. We compare live prices, stock and coupons so you always land on the cheapest active listing.",,,dresses-jumpsuits; women-s-dresses-jumpsuits,4.6,106,6983,false,https://static.zara.net/assets/public/d210/18da/0fb94bbf9c46/85134b05a696/07827777800-a1/07827777800-a1.jpg,zara-store,69.9,69.9,IN STOCK,https://www.zara.com/us/en/mini-dress-with-pleated-sleeves-p07827777.html
PI-0002,zara-satin-mini-dress,SATIN MINI DRESS,zara,clothing,Women's Dresses & Jumpsuits,women,"Zara SATIN MINI DRESS — women's dresses & jumpsuits tracked across 1 store. We compare live prices, stock and coupons so you always land on the cheapest active listing.",,,dresses-jumpsuits; women-s-dresses-jumpsuits,4.1,87,300,false,https://static.zara.net/assets/public/7851/66ca/d5564e6ab2b8/dc3f17128b49/07100402084-a3/07100402084-a3.jpg,zara-store,59.9,59.9,IN STOCK,https://www.zara.com/us/en/satin-mini-dress-p07100306.html
PI-0003,zara-shoulder-pad-romper,SHOULDER PAD ROMPER,zara,clothing,Women's Dresses & Jumpsuits,women,"Zara SHOULDER PAD ROMPER — women's dresses & jumpsuits tracked across 1 store. We compare live prices, stock and coupons so you always land on the cheapest active listing.",,,dresses-jumpsuits; women-s-dresses-jumpsuits,3.6,68,1025,false,https://static.zara.net/assets/public/99ba/ad5b/ee154f63ba0f/3bba3c45caf9/04772246251-a3/04772246251-a3.jpg,zara-store,79.9,79.9,IN STOCK,https://www.zara.com/us/en/shoulder-pad-short-jumpsuit-p04772246.html
PI-0004,zara-metallic-effect-cut-out-bodysuit,METALLIC EFFECT CUT-OUT BODYSUIT,zara,clothing,Women's Dresses & Jumpsuits,women,"Zara METALLIC EFFECT CUT-OUT BODYSUIT — women's dresses & jumpsuits tracked across 1 store. We compare live prices, stock and coupons so you always land on the cheapest active listing.",,,dresses-jumpsuits; women-s-dresses-jumpsuits,4.5,49,466,false,https://static.zara.net/assets/public/04bb/4813/302041469455/18075d4170ba/01165741808-a1/01165741808-a1.jpg,zara-store,49.9,49.9,IN STOCK,https://www.zara.com/us/en/metallic-effect-open-back-bodysuit-p01165741.html
PI-0005,zara-metallic-effect-halter-midi-dress,METALLIC EFFECT HALTER MIDI DRESS,zara,clothing,Women's Dresses & Jumpsuits,women,"Zara METALLIC EFFECT HALTER MIDI DRESS — women's dresses & jumpsuits tracked across 1 store. We compare live prices, stock and coupons so you always land on the cheapest active listing.",,,dresses-jumpsuits; women-s-dresses-jumpsuits,4,230,5341,false,https://static.zara.net/assets/public/f968/74ec/f2ba47b58f0c/3226fd1c289e/01165742808-p/01165742808-p.jpg,zara-store,59.9,59.9,IN STOCK,https://www.zara.com/us/en/metallic-effect-halter-midi-dress-p01165742.html
PI-0006,zara-shoulder-pad-short-jumpsuit,SHOULDER PAD SHORT JUMPSUIT,zara,clothing,Women's Dresses & Jumpsuits,women,"Zara SHOULDER PAD SHORT JUMPSUIT — women's dresses & jumpsuits tracked across 1 store. We compare live prices, stock and coupons so you always land on the cheapest active listing.",,,dresses-jumpsuits; women-s-dresses-jumpsuits,4.9,211,6064,true,https://static.zara.net/assets/public/abfb/71bc/3ff641a6b6ee/a232c534aa4a/04772246800-a1/04772246800-a1.jpg,zara-store,79.9,79.9,IN STOCK,https://www.zara.com/us/en/shoulder-pad-short-jumpsuit-p04772246.html
PI-0007,zara-shoulder-pad-romper-2,SHOULDER PAD ROMPER (2),zara,clothing,Women's Dresses & Jumpsuits,women,"Zara SHOULDER PAD ROMPER (2) — women's dresses & jumpsuits tracked across 1 store. We compare live prices, stock and coupons so you always land on the cheapest active listing.",,,dresses-jumpsuits; women-s-dresses-jumpsuits,4.4,192,3299,false,https://static.zara.net/assets/public/bf7e/00b8/8d55447099f8/434f45899f5f/04772216251-a1/04772216251-a1.jpg,zara-store,99.9,99.9,IN STOCK,https://www.zara.com/us/en/shoulder-pad-romper-p04772216.html
PI-0008,zara-shoulder-pad-seam-detail-mini-dress,SHOULDER PAD SEAM DETAIL MINI DRESS,zara,clothing,Women's Dresses & Jumpsuits,women,"Zara SHOULDER PAD SEAM DETAIL MINI DRESS — women's dresses & jumpsuits tracked across 1 store. We compare live prices, stock and coupons so you always land on the cheapest active listing.",,,dresses-jumpsuits; women-s-dresses-jumpsuits,3.9,173,2106,false,https://static.zara.net/assets/public/7d50/0259/e39c42b0828e/3315e6726197/07825444800-a1/07825444800-a1.jpg,zara-store,69.9,69.9,IN STOCK,https://www.zara.com/us/en/shoulder-pad-seamed-mini-dress-p07825444.html
PI-0009,zara-animal-print-tulle-dress,ANIMAL PRINT TULLE DRESS,zara,clothing,Women's Dresses & Jumpsuits,women,"Zara ANIMAL PRINT TULLE DRESS — women's dresses & jumpsuits tracked across 1 store. We compare live prices, stock and coupons so you always land on the cheapest active listing.",,,dresses-jumpsuits; women-s-dresses-jumpsuits,4.8,154,4369,false,https://static.zara.net/assets/public/de06/b65e/4ff1452ebd9d/206f0f987642/05039406051-p/05039406051-p.jpg,zara-store,79.9,79.9,IN STOCK,https://www.zara.com/us/en/animal-print-tulle-dress-p05039406.html
PI-0010,zara-satin-effect-midi-halter-dress,SATIN EFFECT MIDI HALTER DRESS,zara,clothing,Women's Dresses & Jumpsuits,women,"Zara SATIN EFFECT MIDI HALTER DRESS — women's dresses & jumpsuits tracked across 1 store. We compare live prices, stock and coupons so you always land on the cheapest active listing.",,,dresses-jumpsuits; women-s-dresses-jumpsuits,3.8,116,6897,false,https://static.zara.net/assets/public/bd3c/9a50/67854d73a39d/99d4023aa31e/04772386800-015-a2/04772386800-015-a2.jpg,zara-store,59.9,59.9,IN STOCK,https://www.zara.com/us/en/satin-midi-halter-dress-p04772386.html
PI-0011,zara-ruched-cutout-midi-dress,RUCHED CUTOUT MIDI DRESS,zara,clothing,Women's Dresses & Jumpsuits,women,"Zara RUCHED CUTOUT MIDI DRESS — women's dresses & jumpsuits tracked across 1 store. We compare live prices, stock and coupons so you always land on the cheapest active listing.",,,dresses-jumpsuits; women-s-dresses-jumpsuits,4.3,135,1460,false,https://static.zara.net/assets/public/f5a6/b425/283f4c648878/f753186cbaa6/04772214800-p/04772214800-p.jpg,zara-store,59.9,59.9,IN STOCK,https://www.zara.com/us/en/ruched-cutout-midi-dress-p04772214.html
PI-0012,zara-pleated-sleeve-mini-dress,PLEATED SLEEVE MINI DRESS,zara,clothing,Women's Dresses & Jumpsuits,women,"Zara PLEATED SLEEVE MINI DRESS — women's dresses & jumpsuits tracked across 1 store. We compare live prices, stock and coupons so you always land on the cheapest active listing.",,,dresses-jumpsuits; women-s-dresses-jumpsuits,4.8,154,6265,false,https://static.zara.net/assets/public/b391/8b0f/09cd4aeca120/ff7439dc6c0d/03067206251-a1/03067206251-a1.jpg,zara-store,69.9,69.9,IN STOCK,https://www.zara.com/us/en/mini-dress-with-pleated-sleeves-p07827777.html
PI-0013,zara-crepe-midi-dress,CREPE MIDI DRESS,zara,clothing,Women's Dresses & Jumpsuits,women,"Zara CREPE MIDI DRESS — women's dresses & jumpsuits tracked across 1 store. We compare live prices, stock and coupons so you always land on the cheapest active listing.",,,dresses-jumpsuits; women-s-dresses-jumpsuits,3.9,173,4638,false,https://static.zara.net/assets/public/eff3/798b/6a2742d298eb/7e6b413d9114/04387235251-p/04387235251-p.jpg,zara-store,69.9,69.9,IN STOCK,https://www.zara.com/us/en/crepe-midi-dress-p04387235.html
PI-0014,zara-100-leather-zip-up-mini-dress,100% LEATHER ZIP-UP MINI DRESS,zara,clothing,Women's Dresses & Jumpsuits,women,"Zara 100% LEATHER ZIP-UP MINI DRESS — women's dresses & jumpsuits tracked across 1 store. We compare live prices, stock and coupons so you always land on the cheapest active listing.",,,dresses-jumpsuits; women-s-dresses-jumpsuits,4.6,40,2995,false,https://static.zara.net/assets/public/2737/99af/3cea45628065/0920b0466c8f/03046292305-a1/03046292305-a1.jpg,zara-store,169,169,OUT OF STOCK,https://www.zara.com/us/en/100-leather-zip-up-mini-dress-p03046292.html
PI-0015,zara-short-back-opening-dress,SHORT BACK OPENING DRESS,zara,clothing,Women's Dresses & Jumpsuits,women,"Zara SHORT BACK OPENING DRESS — women's dresses & jumpsuits tracked across 1 store. We compare live prices, stock and coupons so you always land on the cheapest active listing.",,,dresses-jumpsuits; women-s-dresses-jumpsuits,3.7,59,2160,false,https://static.zara.net/assets/public/d86d/f761/308543298db2/6a16eb53d145/08741271800-p/08741271800-p.jpg,zara-store,59.9,59.9,OUT OF STOCK,https://www.zara.com/us/en/short-back-opening-dress-p08741271.html
PI-0016,zara-sequin-open-back-dress,SEQUIN OPEN-BACK DRESS,zara,clothing,Women's Dresses & Jumpsuits,women,"Zara SEQUIN OPEN-BACK DRESS — women's dresses & jumpsuits tracked across 1 store. We compare live prices, stock and coupons so you always land on the cheapest active listing.",,,dresses-jumpsuits; women-s-dresses-jumpsuits,4.2,78,3885,true,https://static.zara.net/assets/public/902f/b8a2/ec6342bb974b/90435057c88b/01223721756-a1/01223721756-a1.jpg,zara-store,129,129,IN STOCK,https://www.zara.com/us/en/open-back-sequin-dress-p01223721.html
PI-0017,zara-long-floral-print-dress,LONG FLORAL PRINT DRESS,zara,clothing,Women's Dresses & Jumpsuits,women,"Zara LONG FLORAL PRINT DRESS — women's dresses & jumpsuits tracked across 1 store. We compare live prices, stock and coupons so you always land on the cheapest active listing.",Floral,,dresses-jumpsuits; women-s-dresses-jumpsuits,4.7,97,1870,false,https://static.zara.net/assets/public/7579/f60a/c27a4f58b71c/10dc9a2705f2/02488710710-a1/02488710710-a1.jpg,zara-store,149,149,IN STOCK,https://www.zara.com/us/en/floral-print-maxi-dress-p02488710.html
PI-0018,zara-striped-belted-midi-shirt-dress,STRIPED BELTED MIDI SHIRT DRESS,zara,clothing,Women's Dresses & Jumpsuits,women,"Zara STRIPED BELTED MIDI SHIRT DRESS — women's dresses & jumpsuits tracked across 1 store. We compare live prices, stock and coupons so you always land on the cheapest active listing.",,,dresses-jumpsuits; women-s-dresses-jumpsuits,4,164,1095,false,https://static.zara.net/assets/public/71ff/c2a6/4ff44c838430/b21498fc76b5/05029215104-p/05029215104-p.jpg,zara-store,89.9,89.9,IN STOCK,https://www.zara.com/us/en/striped-belted-midi-shirt-dress-p05029215.html
PI-0019,zara-striped-midi-shirt-dress-with-belt,STRIPED MIDI SHIRT DRESS WITH BELT,zara,clothing,Women's Dresses & Jumpsuits,women,"Zara STRIPED MIDI SHIRT DRESS WITH BELT — women's dresses & jumpsuits tracked across 1 store. We compare live prices, stock and coupons so you always land on the cheapest active listing.",,,dresses-jumpsuits; women-s-dresses-jumpsuits,4.5,183,3332,true,https://static.zara.net/assets/public/60e8/a0b0/c5c24060a2a5/413b3afd0e47/02587157330-p/02587157330-p.jpg,zara-store,79.9,79.9,OUT OF STOCK,https://www.zara.com/us/en/striped-midi-belted-shirt-dress-p02587157.html
PI-0020,zara-zw-collection-embroidered-fringe-dress,ZW COLLECTION EMBROIDERED FRINGE DRESS,zara,clothing,Women's Dresses & Jumpsuits,women,"Zara ZW COLLECTION EMBROIDERED FRINGE DRESS — women's dresses & jumpsuits tracked across 1 store. We compare live prices, stock and coupons so you always land on the cheapest active listing.",Red,,dresses-jumpsuits; women-s-dresses-jumpsuits,3.7,209,5292,false,https://static.zara.net/assets/public/4659/db43/c4fb4ae290cf/6b7226e27841/07521256629-p/07521256629-p.jpg,zara-store,149,149,OUT OF STOCK,https://www.zara.com/us/en/zw-collection-embroidered-fringe-dress-p07521256.html
PI-0021,hm-collins-super-baggy-jeans,Collins Super Baggy Jeans,hm,mens-bags,Men's Jeans,men,"H&M Collins Super Baggy Jeans — men's jeans tracked across 1 store. We compare live prices, stock and coupons so you always land on the cheapest active listing.",,,men-jeans-baggy; men-s-jeans,4.2,228,2503,false,https://image.hm.com/assets/hm/48/e6/48e65b5303fd3c73cbeb2e107fa8c1c33b7b41d7.jpg,hm-store,54.99,54.99,IN STOCK,https://www2.hm.com/en_us/productpage.1252606015.html
PI-0022,hm-ultra-baggy-jeans,Ultra Baggy Jeans,hm,mens-bags,Men's Jeans,men,"H&M Ultra Baggy Jeans — men's jeans tracked across 1 store. We compare live prices, stock and coupons so you always land on the cheapest active listing.",,,men-jeans-baggy; men-s-jeans,4.1,171,1030,false,https://image.hm.com/assets/hm/9d/09/9d09b31aaf5e6ccdfc4bc528084b35c4840ecd49.jpg,hm-store,54.99,54.99,IN STOCK,https://www2.hm.com/en_us/productpage.1344244002.html
PI-0023,hm-regular-jeans,Regular Jeans,hm,mens-clothing,Men's Jeans,men,"H&M Regular Jeans — men's jeans tracked across 1 store. We compare live prices, stock and coupons so you always land on the cheapest active listing.",,,men-jeans-regular; men-s-jeans,4.6,190,3937,false,https://image.hm.com/assets/hm/22/dd/22ddea984a4d2ddeee51cacc1d852e363b9fcea2.jpg,hm-store,34.99,34.99,IN STOCK,https://www2.hm.com/en_us/productpage.1311674007.html
PI-0024,hm-fairfax-baggy-jeans,Fairfax Baggy Jeans,hm,mens-bags,Men's Jeans,men,"H&M Fairfax Baggy Jeans — men's jeans tracked across 1 store. We compare live prices, stock and coupons so you always land on the cheapest active listing.",,,men-jeans; men-s-jeans,4.3,85,6536,false,https://image.hm.com/assets/hm/a5/59/a55995c00a296ab971ffb8c46b9b2f24dd2eadd8.jpg,hm-store,49.99,49.99,IN STOCK,https://www2.hm.com/en_us/productpage.1235448024.html
PI-0025,hm-loose-jeans,Loose Jeans,hm,mens-clothing,Men's Jeans,men,"H&M Loose Jeans — men's jeans tracked across 1 store. We compare live prices, stock and coupons so you always land on the cheapest active listing.",,,men-jeans-loose; men-s-jeans,4.8,104,4725,false,https://image.hm.com/assets/hm/7e/4a/7e4a4954086a6b934d6c7995446e896f28878a25.jpg,hm-store,54.99,54.99,IN STOCK,https://www2.hm.com/en_us/productpage.1352026001.html
PI-0026,hm-relaxed-jeans,Relaxed Jeans,hm,mens-clothing,Men's Jeans,men,"H&M Relaxed Jeans — men's jeans tracked across 1 store. We compare live prices, stock and coupons so you always land on the cheapest active listing.",,,men-jeans-relaxed; men-s-jeans,4.7,47,7718,false,https://image.hm.com/assets/hm/fa/2d/fa2d3adc00c1cbf58a8a3289136c28520eb597ce.jpg,hm-store,49.99,49.99,IN STOCK,https://www2.hm.com/en_us/productpage.1340673001.html
PI-0027,hm-slim-jeans,Slim Jeans,hm,mens-clothing,Men's Jeans,men,"H&M Slim Jeans — men's jeans tracked across 1 store. We compare live prices, stock and coupons so you always land on the cheapest active listing.",,,men-jeans-slim; men-s-jeans,3.8,66,2267,false,https://image.hm.com/assets/hm/4e/fd/4efd534578eea29628a17a5cd767194345a1390a.jpg,hm-store,49.99,49.99,IN STOCK,https://www2.hm.com/en_us/productpage.1311677001.html
PI-0028,hm-wide-leg-jeans,Wide-Leg Jeans,hm,mens-clothing,Men's Jeans,men,"H&M Wide-Leg Jeans — men's jeans tracked across 1 store. We compare live prices, stock and coupons so you always land on the cheapest active listing.",,,men-jeans-loose; men-s-jeans,3.9,57,5564,false,https://image.hm.com/assets/hm/7e/88/7e88598847235af5137122c67f833dd73aa85df9.jpg,hm-store,49.99,49.99,IN STOCK,https://www2.hm.com/en_us/productpage.1348295001.html
PI-0029,hm-collins-super-baggy-jeans-2,Collins Super Baggy Jeans (2),hm,mens-bags,Men's Jeans,men,"H&M Collins Super Baggy Jeans (2) — men's jeans tracked across 1 store. We compare live prices, stock and coupons so you always land on the cheapest active listing.",,,men-jeans-baggy; men-s-jeans,4.4,76,3185,false,https://image.hm.com/assets/hm/24/16/24162e7ca43a75507c157343fc6b841cd5ded3da.jpg,hm-store,54.99,54.99,IN STOCK,https://www2.hm.com/en_us/productpage.1252606017.html
PI-0030,hm-collins-super-baggy-jeans-3,Collins Super Baggy Jeans (3),hm,mens-bags,Men's Jeans,men,"H&M Collins Super Baggy Jeans (3) — men's jeans tracked across 1 store. We compare live prices, stock and coupons so you always land on the cheapest active listing.",,,men-jeans-baggy; men-s-jeans,3.6,218,6475,false,https://image.hm.com/assets/hm/57/2c/572cabfa26bb948817df4059011061f976cf7141.jpg,hm-store,54.99,54.99,IN STOCK,https://www2.hm.com/en_us/productpage.1252606018.html
PI-0031,hm-baggy-jeans,Baggy Jeans,hm,mens-bags,Men's Jeans,men,"H&M Baggy Jeans — men's jeans tracked across 1 store. We compare live prices, stock and coupons so you always land on the cheapest active listing.",,,men-jeans-baggy; men-s-jeans,4.5,199,3482,true,https://image.hm.com/assets/hm/4f/2f/4f2fc8489fcbaed1555a9ff3e751b51c7b29390b.jpg,hm-store,39.99,39.99,IN STOCK,https://www2.hm.com/en_us/productpage.1336394005.html
PI-0032,hm-collins-super-baggy-jeans-4,Collins Super Baggy Jeans (4),hm,mens-bags,Men's Jeans,men,"H&M Collins Super Baggy Jeans (4) — men's jeans tracked across 1 store. We compare live prices, stock and coupons so you always land on the cheapest active listing.",,,men-jeans-baggy; men-s-jeans,4.6,56,869,false,https://image.hm.com/assets/hm/18/31/1831a4bd5c2678308265c6429b86749312ff4885.jpg,hm-store,54.99,54.99,IN STOCK,https://www2.hm.com/en_us/productpage.1252606016.html
PI-0033,hm-baggy-barrel-leg-jeans,Baggy Barrel-Leg Jeans,hm,mens-bags,Men's Jeans,men,"H&M Baggy Barrel-Leg Jeans — men's jeans tracked across 1 store. We compare live prices, stock and coupons so you always land on the cheapest active listing.",,,men-jeans-baggy; men-s-jeans,4.1,237,2680,false,https://image.hm.com/assets/hm/3a/25/3a2575ccbb7a70c8ab17306162014ab52328d39d.jpg,hm-store,54.99,54.99,IN STOCK,https://www2.hm.com/en_us/productpage.1369029001.html
PI-0034,hm-relaxed-bootcut-jeans,Relaxed Bootcut Jeans,hm,mens-shoes,Men's Jeans,men,"H&M Relaxed Bootcut Jeans — men's jeans tracked across 1 store. We compare live prices, stock and coupons so you always land on the cheapest active listing.",,,men-jeans-bootcut; men-s-jeans,4.4,142,5361,false,https://image.hm.com/assets/hm/80/04/80047cb69d6ac2c2a0af968555fd610215111d3b.jpg,hm-store,54.99,54.99,IN STOCK,https://www2.hm.com/en_us/productpage.1307319011.html
PI-0035,hm-baggy-jeans-2,Baggy Jeans (2),hm,mens-bags,Men's Jeans,men,"H&M Baggy Jeans (2) — men's jeans tracked across 1 store. We compare live prices, stock and coupons so you always land on the cheapest active listing.",,,men-jeans-baggy; men-s-jeans,3.9,123,5718,false,https://image.hm.com/assets/hm/2c/cd/2ccd0d6594ddf9a5f36ad17151371d218195c3f1.jpg,hm-store,54.99,54.99,IN STOCK,https://www2.hm.com/en_us/productpage.1352077002.html
PI-0036,hm-wide-leg-jeans-2,Wide-Leg Jeans (2),hm,mens-clothing,Men's Jeans,men,"H&M Wide-Leg Jeans (2) — men's jeans tracked across 1 store. We compare live prices, stock and coupons so you always land on the cheapest active listing.",,,men-jeans-loose; men-s-jeans,4,180,6359,false,https://image.hm.com/assets/hm/d4/00/d400ea0a8e18f6dee5ed15ad2028083abd05b3da.jpg,hm-store,54.99,54.99,IN STOCK,https://www2.hm.com/en_us/productpage.1315487001.html
PI-0037,hm-regular-jeans-2,Regular Jeans (2),hm,mens-clothing,Men's Jeans,men,"H&M Regular Jeans (2) — men's jeans tracked across 1 store. We compare live prices, stock and coupons so you always land on the cheapest active listing.",,,men-jeans-regular; men-s-jeans,4.9,161,276,true,https://image.hm.com/assets/hm/8c/a3/8ca33ace134a38aa1b964263b4ab5ad3dc67f0e0.jpg,hm-store,49.99,49.99,IN STOCK,https://www2.hm.com/en_us/productpage.1309974006.html
PI-0038,hm-baggy-darted-jeans,Baggy Darted Jeans,hm,mens-bags,Men's Jeans,men,"H&M Baggy Darted Jeans — men's jeans tracked across 1 store. We compare live prices, stock and coupons so you always land on the cheapest active listing.",,,men-jeans-baggy; men-s-jeans,3.8,66,2237,false,https://image.hm.com/assets/hm/e8/cb/e8cb857c0bbd098f642f54e69a8bd05044558319.jpg,hm-store,44.99,44.99,IN STOCK,https://www2.hm.com/en_us/productpage.1314928005.html
PI-0039,hm-loose-fit-worker-jeans,Loose-Fit Worker Jeans,hm,mens-clothing,Men's Jeans,men,"H&M Loose-Fit Worker Jeans — men's jeans tracked across 1 store. We compare live prices, stock and coupons so you always land on the cheapest active listing.",,,men-jeans-loose; men-s-jeans,4.7,47,3902,false,https://image.hm.com/assets/hm/49/1c/491c6348049fc6f1642bbe799cce65da91d18862.jpg,hm-store,49.99,49.99,IN STOCK,https://www2.hm.com/en_us/productpage.1325023003.html
PI-0040,hm-relaxed-bootcut-jeans-2,Relaxed Bootcut Jeans (2),hm,mens-shoes,Men's Jeans,men,"H&M Relaxed Bootcut Jeans (2) — men's jeans tracked across 1 store. We compare live prices, stock and coupons so you always land on the cheapest active listing.",,,men-jeans-bootcut; men-s-jeans,4.1,223,2550,false,https://image.hm.com/assets/hm/00/b2/00b24e2e593a5333e9721aefc0d284f0b9a80061.jpg,hm-store,54.99,54.99,IN STOCK,https://www2.hm.com/en_us/productpage.1307319010.html
PI-0041,uniqlo-crew-neck-t-shirt,Crew Neck T-Shirt,uniqlo,clothing,Women's T-Shirts & Tops,women,"Uniqlo Crew Neck T-Shirt — women's t-shirts & tops tracked across 1 store. We compare live prices, stock and coupons so you always land on the cheapest active listing.",,,t-shirts-sweats; women-s-t-shirts-tops,4.6,42,3973,false,https://image.uniqlo.com/UQ/ST3/us/imagesgoods/424873/item/usgoods_00_424873_3x4.jpg,uniqlo-store,14.9,14.9,IN STOCK,https://www.uniqlo.com/us/en/products/E424873-000/00?colorDisplayCode=00
PI-0042,uniqlo-mini-t-shirt,Mini T-Shirt,uniqlo,clothing,Women's T-Shirts & Tops,women,"Uniqlo Mini T-Shirt — women's t-shirts & tops tracked across 1 store. We compare live prices, stock and coupons so you always land on the cheapest active listing.",,,t-shirts-sweats; women-s-t-shirts-tops,3.7,61,7384,false,https://image.uniqlo.com/UQ/ST3/us/imagesgoods/465760/item/usgoods_18_465760_3x4.jpg,uniqlo-store,19.9,19.9,IN STOCK,https://www.uniqlo.com/us/en/products/E465760-000/18?colorDisplayCode=18
PI-0043,uniqlo-airism-cotton-t-shirt-striped,AIRism Cotton T-Shirt | Striped,uniqlo,clothing,Women's T-Shirts & Tops,women,"Uniqlo AIRism Cotton T-Shirt | Striped — women's t-shirts & tops tracked across 1 store. We compare live prices, stock and coupons so you always land on the cheapest active listing.",,,t-shirts-sweats; women-s-t-shirts-tops,4.2,80,6123,true,https://image.uniqlo.com/UQ/ST3/us/imagesgoods/480054/item/usgoods_39_480054_3x4.jpg,uniqlo-store,19.9,19.9,IN STOCK,https://www.uniqlo.com/us/en/products/E480054-000/39?colorDisplayCode=39
PI-0044,uniqlo-ultra-stretch-active-t-shirt,Ultra Stretch Active T-Shirt,uniqlo,sportswear,Women's T-Shirts & Tops,women,"Uniqlo Ultra Stretch Active T-Shirt — women's t-shirts & tops tracked across 1 store. We compare live prices, stock and coupons so you always land on the cheapest active listing.",,,t-shirts-sweats; women-s-t-shirts-tops,4.9,147,7798,false,https://image.uniqlo.com/UQ/ST3/us/imagesgoods/483458/item/usgoods_39_483458_3x4.jpg,uniqlo-store,14.9,14.9,IN STOCK,https://www.uniqlo.com/us/en/products/E483458-000/39?colorDisplayCode=39
PI-0045,uniqlo-mini-t-shirt-striped,Mini T-Shirt | Striped,uniqlo,clothing,Women's T-Shirts & Tops,women,"Uniqlo Mini T-Shirt | Striped — women's t-shirts & tops tracked across 1 store. We compare live prices, stock and coupons so you always land on the cheapest active listing.",,,t-shirts-sweats; women-s-t-shirts-tops,4,166,2321,false,https://image.uniqlo.com/UQ/ST3/us/imagesgoods/483535/item/usgoods_01_483535_3x4.jpg,uniqlo-store,19.9,19.9,IN STOCK,https://www.uniqlo.com/us/en/products/E483535-000/01?colorDisplayCode=01
PI-0046,uniqlo-boat-neck-t-shirt,Boat Neck T-Shirt,uniqlo,clothing,Women's T-Shirts & Tops,women,"Uniqlo Boat Neck T-Shirt — women's t-shirts & tops tracked across 1 store. We compare live prices, stock and coupons so you always land on the cheapest active listing.",,,t-shirts-sweats; women-s-t-shirts-tops,4.5,185,2356,false,,uniqlo-store,14.9,14.9,IN STOCK,https://www.uniqlo.com/us/en/products/E487819-000/30?colorDisplayCode=30
PI-0047,uniqlo-airism-cotton-t-shirt,AIRism Cotton T-Shirt,uniqlo,clothing,Women's T-Shirts & Tops,women,"Uniqlo AIRism Cotton T-Shirt — women's t-shirts & tops tracked across 1 store. We compare live prices, stock and coupons so you always land on the cheapest active listing.",,,t-shirts-sweats; women-s-t-shirts-tops,3.6,204,439,true,https://image.uniqlo.com/UQ/ST3/us/imagesgoods/465755/item/usgoods_09_465755_3x4.jpg,uniqlo-store,19.9,19.9,IN STOCK,https://www.uniqlo.com/us/en/products/E465755-000/09?colorDisplayCode=09
PI-0048,uniqlo-airism-cotton-t-shirt-2,AIRism Cotton T-Shirt (2),uniqlo,clothing,Women's T-Shirts & Tops,women,"Uniqlo AIRism Cotton T-Shirt (2) — women's t-shirts & tops tracked across 1 store. We compare live prices, stock and coupons so you always land on the cheapest active listing.",,,t-shirts-sweats; women-s-t-shirts-tops,4.3,71,1618,false,https://image.uniqlo.com/UQ/ST3/us/imagesgoods/465755/item/usgoods_54_465755_3x4.jpg,uniqlo-store,9.9,9.9,IN STOCK,https://www.uniqlo.com/us/en/products/E465755-000/54?colorDisplayCode=54
PI-0049,uniqlo-boxy-knitted-t-shirt,Boxy Knitted T-Shirt,uniqlo,clothing,Women's T-Shirts & Tops,women,"Uniqlo Boxy Knitted T-Shirt — women's t-shirts & tops tracked across 1 store. We compare live prices, stock and coupons so you always land on the cheapest active listing.",,,t-shirts-sweats; women-s-t-shirts-tops,4.8,90,4627,false,https://image.uniqlo.com/UQ/ST3/us/imagesgoods/482979/item/usgoods_38_482979_3x4.jpg,uniqlo-store,19.9,19.9,IN STOCK,https://www.uniqlo.com/us/en/products/E482979-000/38?colorDisplayCode=38
PI-0050,uniqlo-airism-camisole,AIRism Camisole,uniqlo,clothing,Women's T-Shirts & Tops,women,"Uniqlo AIRism Camisole — women's t-shirts & tops tracked across 1 store. We compare live prices, stock and coupons so you always land on the cheapest active listing.",,,t-shirts-sweats; women-s-t-shirts-tops,4,232,5051,false,https://image.uniqlo.com/UQ/ST3/us/imagesgoods/482148/item/usgoods_00_482148_3x4.jpg,uniqlo-store,14.9,14.9,IN STOCK,https://www.uniqlo.com/us/en/products/E482148-000/00?colorDisplayCode=00
PI-0051,uniqlo-shirring-boat-neck-sleeveless-t-shirt,Shirring Boat Neck Sleeveless T-Shirt,uniqlo,clothing,Women's T-Shirts & Tops,women,"Uniqlo Shirring Boat Neck Sleeveless T-Shirt — women's t-shirts & tops tracked across 1 store. We compare live prices, stock and coupons so you always land on the cheapest active listing.",,,t-shirts-sweats; women-s-t-shirts-tops,4.9,213,3240,false,https://image.uniqlo.com/UQ/ST3/us/imagesgoods/485673/item/usgoods_37_485673_3x4.jpg,uniqlo-store,9.9,9.9,IN STOCK,https://www.uniqlo.com/us/en/products/E485673-000/37?colorDisplayCode=37
PI-0052,uniqlo-washable-knit-bra-top,Washable Knit Bra Top,uniqlo,clothing,Women's T-Shirts & Tops,women,"Uniqlo Washable Knit Bra Top — women's t-shirts & tops tracked across 1 store. We compare live prices, stock and coupons so you always land on the cheapest active listing.",,,t-shirts-sweats; women-s-t-shirts-tops,4.4,194,7509,false,https://image.uniqlo.com/UQ/ST3/us/imagesgoods/488457/item/usgoods_09_488457_3x4.jpg,uniqlo-store,39.9,39.9,IN STOCK,https://www.uniqlo.com/us/en/products/E488457-000/09?colorDisplayCode=09
PI-0053,uniqlo-ribbed-lace-v-neck-camisole,Ribbed Lace V-Neck Camisole,uniqlo,clothing,Women's T-Shirts & Tops,women,"Uniqlo Ribbed Lace V-Neck Camisole — women's t-shirts & tops tracked across 1 store. We compare live prices, stock and coupons so you always land on the cheapest active listing.",,,t-shirts-sweats; women-s-t-shirts-tops,3.9,175,2058,false,https://image.uniqlo.com/UQ/ST3/us/imagesgoods/489044/item/usgoods_69_489044_3x4.jpg,uniqlo-store,14.9,14.9,IN STOCK,https://www.uniqlo.com/us/en/products/E489044-000/69?colorDisplayCode=69
PI-0054,uniqlo-racer-back-bra-top,Racer Back Bra Top,uniqlo,clothing,Women's T-Shirts & Tops,women,"Uniqlo Racer Back Bra Top — women's t-shirts & tops tracked across 1 store. We compare live prices, stock and coupons so you always land on the cheapest active listing.",,,t-shirts-sweats; women-s-t-shirts-tops,4.8,156,3497,false,https://image.uniqlo.com/UQ/ST3/us/imagesgoods/482839/item/usgoods_02_482839_3x4.jpg,uniqlo-store,29.9,29.9,IN STOCK,https://www.uniqlo.com/us/en/products/E482839-000/02?colorDisplayCode=02
PI-0055,uniqlo-airism-bra-top,AIRism Bra Top,uniqlo,clothing,Women's T-Shirts & Tops,women,"Uniqlo AIRism Bra Top — women's t-shirts & tops tracked across 1 store. We compare live prices, stock and coupons so you always land on the cheapest active listing.",,,t-shirts-sweats; women-s-t-shirts-tops,4.3,137,4484,false,https://image.uniqlo.com/UQ/ST3/us/imagesgoods/473980/item/usgoods_02_473980_3x4.jpg,uniqlo-store,29.9,29.9,IN STOCK,https://www.uniqlo.com/us/en/products/E473980-000/02?colorDisplayCode=02
PI-0056,uniqlo-ribbed-cropped-bra-top,Ribbed Cropped Bra Top,uniqlo,clothing,Women's T-Shirts & Tops,women,"Uniqlo Ribbed Cropped Bra Top — women's t-shirts & tops tracked across 1 store. We compare live prices, stock and coupons so you always land on the cheapest active listing.",,,t-shirts-sweats; women-s-t-shirts-tops,3.8,118,5473,false,https://image.uniqlo.com/UQ/ST3/us/imagesgoods/482195/item/usgoods_60_482195_3x4.jpg,uniqlo-store,29.9,29.9,IN STOCK,https://www.uniqlo.com/us/en/products/E482195-000/60?colorDisplayCode=60
PI-0057,uniqlo-cropped-square-neck-sleeveless-top,Cropped Square Neck Sleeveless Top,uniqlo,clothing,Women's T-Shirts & Tops,women,"Uniqlo Cropped Square Neck Sleeveless Top — women's t-shirts & tops tracked across 1 store. We compare live prices, stock and coupons so you always land on the cheapest active listing.",,,t-shirts-sweats; women-s-t-shirts-tops,4.7,99,4970,false,https://image.uniqlo.com/UQ/ST3/us/imagesgoods/487119/item/usgoods_68_487119_3x4.jpg,uniqlo-store,14.9,14.9,IN STOCK,https://www.uniqlo.com/us/en/products/E487119-000/68?colorDisplayCode=68
PI-0058,uniqlo-airism-sleeveless-top,AIRism Sleeveless Top,uniqlo,clothing,Women's T-Shirts & Tops,women,"Uniqlo AIRism Sleeveless Top — women's t-shirts & tops tracked across 1 store. We compare live prices, stock and coupons so you always land on the cheapest active listing.",,,t-shirts-sweats; women-s-t-shirts-tops,4.2,80,6899,false,https://image.uniqlo.com/UQ/ST3/us/imagesgoods/457912/item/usgoods_60_457912_3x4.jpg,uniqlo-store,14.9,14.9,IN STOCK,https://www.uniqlo.com/us/en/products/E457912-000/60?colorDisplayCode=60
PI-0059,uniqlo-pointelle-printed-camisole,Pointelle Printed Camisole,uniqlo,clothing,Women's T-Shirts & Tops,women,"Uniqlo Pointelle Printed Camisole — women's t-shirts & tops tracked across 1 store. We compare live prices, stock and coupons so you always land on the cheapest active listing.",,,t-shirts-sweats; women-s-t-shirts-tops,3.7,61,6656,false,https://image.uniqlo.com/UQ/ST3/us/imagesgoods/487121/item/usgoods_01_487121_3x4.jpg,uniqlo-store,14.9,14.9,IN STOCK,https://www.uniqlo.com/us/en/products/E487121-000/01?colorDisplayCode=01
PI-0060,uniqlo-ribbed-sleeveless-top-striped,Ribbed Sleeveless Top | Striped,uniqlo,clothing,Women's T-Shirts & Tops,women,"Uniqlo Ribbed Sleeveless Top | Striped — women's t-shirts & tops tracked across 1 store. We compare live prices, stock and coupons so you always land on the cheapest active listing.",,,t-shirts-sweats; women-s-t-shirts-tops,3.9,107,4768,false,https://image.uniqlo.com/UQ/ST3/us/imagesgoods/489483/item/usgoods_16_489483_3x4.jpg,uniqlo-store,14.9,14.9,IN STOCK,https://www.uniqlo.com/us/en/products/E489483-000/16?colorDisplayCode=16
PI-0061,mango-suede-jacket-with-buttons,Suede jacket with buttons,mango,clothing,leather,women,"Mango Suede jacket with buttons — leather tracked across 1 store. We compare live prices, stock and coupons so you always land on the cheapest active listing.",,,jackets; leather,4.8,88,4781,false,https://media.mango.com/is/image/punto/27051332-28-002,mango-store,179.99,429.99,IN STOCK,https://shop.mango.com/us/en/p/women/jackets/leather/suede-jacket-with-buttons/27051332/28/00
PI-0062,mango-leather-block-heel-sandals,Leather block-heel sandals,mango,shoes,heeled-sandals,women,"Mango Leather block-heel sandals — heeled-sandals tracked across 1 store. We compare live prices, stock and coupons so you always land on the cheapest active listing.",,,shoes; heeled-sandals,4.9,145,4158,true,https://media.mango.com/is/image/punto/37041443-32-016,mango-store,149.99,209.99,IN STOCK,https://shop.mango.com/us/en/p/women/shoes/heeled-sandals/leather-block-heel-sandals/37041443/32/00
PI-0063,mango-wide-leg-studded-jeans,Wide leg studded jeans,mango,clothing,wide-leg,women,"Mango Wide leg studded jeans — wide-leg tracked across 1 store. We compare live prices, stock and coupons so you always land on the cheapest active listing.",,,jeans; wide-leg,4.4,126,5491,false,https://media.mango.com/is/image/punto/27014101-32-002,mango-store,69.99,139.99,IN STOCK,https://shop.mango.com/us/en/p/women/jeans/wide-leg/wide-leg-studded-jeans/27014101/32/00
PI-0064,mango-asymmetrical-satin-dress-with-fringes,Asymmetrical satin dress with fringes,mango,clothing,dresses,women,"Mango Asymmetrical satin dress with fringes — dresses tracked across 1 store. We compare live prices, stock and coupons so you always land on the cheapest active listing.",,,dresses-and-jumpsuits; dresses,4.5,183,332,false,https://media.mango.com/is/image/punto/27081211-17-001,mango-store,299.99,400,IN STOCK,https://shop.mango.com/us/en/p/women/dresses-and-jumpsuits/dresses/asymmetrical-satin-dress-with-fringes/27081211/17/00
PI-0065,mango-halter-jumpsuit-with-belt-detail,Halter jumpsuit with belt detail,mango,clothing,halter,women,"Mango Halter jumpsuit with belt detail — halter tracked across 1 store. We compare live prices, stock and coupons so you always land on the cheapest active listing.",,,dresses-and-jumpsuits; halter,4,164,7521,false,https://media.mango.com/is/image/punto/37061389-05-001,mango-store,59.99,99.99,IN STOCK,https://shop.mango.com/us/en/p/women/dresses-and-jumpsuits/halter/halter-jumpsuit-with-belt-detail/37061389/05/00
PI-0066,mango-cotton-t-shirt-with-openwork-embroidered-detail,Cotton T-shirt with openwork embroidered detail,mango,clothing,basics,women,"Mango Cotton T-shirt with openwork embroidered detail — basics tracked across 1 store. We compare live prices, stock and coupons so you always land on the cheapest active listing.",Red,,t-shirts; basics,4.1,221,7362,false,https://media.mango.com/is/image/punto/37041354-01-002,mango-store,22.99,45.99,IN STOCK,https://shop.mango.com/us/en/p/women/t-shirts/basics/cotton-t-shirt-with-openwork-embroidered-detail/37041354/01/00
PI-0067,mango-cross-back-linen-blend-romper,Cross-back linen blend romper,mango,clothing,casual,women,"Mango Cross-back linen blend romper — casual tracked across 1 store. We compare live prices, stock and coupons so you always land on the cheapest active listing.",,,dresses-and-jumpsuits; casual,3.6,202,3337,false,https://media.mango.com/is/image/punto/37032527-70-002,mango-store,69.99,99.99,IN STOCK,https://shop.mango.com/us/en/p/women/dresses-and-jumpsuits/casual/cross-back-linen-blend-romper/37032527/70/00
PI-0068,mango-vest-with-buttons-and-pockets,Vest with buttons and pockets,mango,clothing,gilets,women,"Mango Vest with buttons and pockets — gilets tracked across 1 store. We compare live prices, stock and coupons so you always land on the cheapest active listing.",,,tops; gilets,4.1,155,6520,false,https://media.mango.com/is/image/punto/37041431-99-001,mango-store,35.99,79.99,IN STOCK,https://shop.mango.com/us/en/p/women/tops/gilets/vest-with-buttons-and-pockets/37041431/99/00
PI-0069,mango-leather-straps-sandals,Leather straps sandals,mango,shoes,flat-sandals,women,"Mango Leather straps sandals — flat-sandals tracked across 1 store. We compare live prices, stock and coupons so you always land on the cheapest active listing.",,,shoes; flat-sandals,3.6,136,1829,true,https://media.mango.com/is/image/punto/37052557-70-900,mango-store,49.99,79.99,IN STOCK,https://shop.mango.com/us/en/p/women/shoes/flat-sandals/leather-straps-sandals/37052557/70/00
PI-0070,mango-suit-jacket-with-fitted-waist,Suit jacket with fitted waist,mango,clothing,fitted,women,"Mango Suit jacket with fitted waist — fitted tracked across 1 store. We compare live prices, stock and coupons so you always land on the cheapest active listing.",,,blazers; fitted,4,98,3649,false,https://media.mango.com/is/image/punto/37071451-99-008,mango-store,199.99,299.99,IN STOCK,https://shop.mango.com/us/en/p/women/blazers/fitted/suit-jacket-with-fitted-waist/37071451/99/00
PI-0071,mango-wool-blend-funnel-neck-coat,Wool-blend funnel-neck coat,mango,clothing,coats,women,"Mango Wool-blend funnel-neck coat — coats tracked across 1 store. We compare live prices, stock and coupons so you always land on the cheapest active listing.",,,coats; coats,4.5,117,6950,true,https://media.mango.com/is/image/punto/27051260-10-001,mango-store,119.99,249.99,IN STOCK,https://shop.mango.com/us/en/p/women/coats/coats/wool-blend-funnel-neck-coat/27051260/10/00
PI-0072,mango-a-line-dress-with-stitching-details,A-line dress with stitching details,mango,clothing,casual,women,"Mango A-line dress with stitching details — casual tracked across 1 store. We compare live prices, stock and coupons so you always land on the cheapest active listing.",,,dresses-and-jumpsuits; casual,4.4,60,1127,false,https://media.mango.com/is/image/punto/37002895-62-002,mango-store,79.99,99.99,IN STOCK,https://shop.mango.com/us/en/p/women/dresses-and-jumpsuits/casual/a-line-dress-with-stitching-details/37002895/62/00
PI-0073,mango-wedge-leather-sandals,Wedge leather sandals,mango,shoes,heeled-sandals,women,"Mango Wedge leather sandals — heeled-sandals tracked across 1 store. We compare live prices, stock and coupons so you always land on the cheapest active listing.",,,shoes; heeled-sandals,4.9,79,4748,false,https://media.mango.com/is/image/punto/37031444-70-900,mango-store,179.99,249.99,IN STOCK,https://shop.mango.com/us/en/p/women/shoes/heeled-sandals/wedge-leather-sandals/37031444/70/00
PI-0074,mango-straight-mid-rise-bermuda-shorts,Straight mid-rise Bermuda shorts,mango,clothing,bermuda-shorts,women,"Mango Straight mid-rise Bermuda shorts — bermuda-shorts tracked across 1 store. We compare live prices, stock and coupons so you always land on the cheapest active listing.",,,shorts-and-bermuda-shorts; bermuda-shorts,4.8,222,7099,true,https://media.mango.com/is/image/punto/37051431-99-001,mango-store,45.99,79.99,IN STOCK,https://shop.mango.com/us/en/p/women/shorts-and-bermuda-shorts/bermuda-shorts/straight-mid-rise-bermuda-shorts/37051431/99/00
PI-0075,mango-belt-linen-jumpsuit,Belt linen jumpsuit,mango,clothing,casual,women,"Mango Belt linen jumpsuit — casual tracked across 1 store. We compare live prices, stock and coupons so you always land on the cheapest active listing.",,,dresses-and-jumpsuits; casual,3.9,41,1798,false,https://media.mango.com/is/image/punto/37082539-70-001,mango-store,79.99,129.99,IN STOCK,https://shop.mango.com/us/en/p/women/dresses-and-jumpsuits/casual/belt-linen-jumpsuit/37082539/70/00
PI-0076,mango-crocheted-ballet-flats-with-ankle-strap,Crocheted ballet flats with ankle strap,mango,shoes,ballet-flats,women,"Mango Crocheted ballet flats with ankle strap — ballet-flats tracked across 1 store. We compare live prices, stock and coupons so you always land on the cheapest active listing.",,,shoes; ballet-flats,3.8,184,1435,false,https://media.mango.com/is/image/punto/37051346-80-052,mango-store,49.99,79.99,IN STOCK,https://shop.mango.com/us/en/p/women/shoes/ballet-flats/crocheted-ballet-flats-with-ankle-strap/37051346/80/00
PI-0077,mango-semi-sheer-shirt-with-beaded-belt,Semi-sheer shirt with beaded belt,mango,clothing,long-sleeve,women,"Mango Semi-sheer shirt with beaded belt — long-sleeve tracked across 1 store. We compare live prices, stock and coupons so you always land on the cheapest active listing.",,,shirts-blouses; long-sleeve,4.3,203,1672,false,https://media.mango.com/is/image/punto/37031458-02-007,mango-store,129.99,209.99,IN STOCK,https://shop.mango.com/us/en/p/women/shirts---blouses/long-sleeve/semi-sheer-shirt-with-beaded-belt/37031458/02/00
PI-0078,mango-knit-jacket-with-combined-fabrics,Knit jacket with combined fabrics,mango,clothing,cardigans,women,"Mango Knit jacket with combined fabrics — cardigans tracked across 1 store. We compare live prices, stock and coupons so you always land on the cheapest active listing.",,,sweaters-and-cardigans; cardigans,3.8,50,5593,false,https://media.mango.com/is/image/punto/27044098-95-001,mango-store,49.99,99.99,IN STOCK,https://shop.mango.com/us/en/p/women/sweaters-and-cardigans/cardigans/knit-jacket-with-combined-fabrics/27044098/95/00
PI-0079,mango-turtleneck-knit-sweater,Turtleneck knit sweater,mango,clothing,knitwear,women,"Mango Turtleneck knit sweater — knitwear tracked across 1 store. We compare live prices, stock and coupons so you always land on the cheapest active listing.",,,pyjamas; knitwear,4.3,69,190,false,https://media.mango.com/is/image/punto/17034101-34-002,mango-store,29.99,89.99,IN STOCK,https://shop.mango.com/us/en/p/women/pyjamas/knitwear/turtleneck-knit-sweater/17034101/34/00
PI-0080,mango-manteco-wool-coat-with-belt,Manteco wool coat with belt,mango,clothing,coats,women,"Mango Manteco wool coat with belt — coats tracked across 1 store. We compare live prices, stock and coupons so you always land on the cheapest active listing.",,,coats; coats,4.7,195,4058,false,https://media.mango.com/is/image/punto/27011307-37-008,mango-store,149.99,299.99,IN STOCK,https://shop.mango.com/us/en/p/women/coats/coats/manteco-wool-coat-with-belt/27011307/37/00
PI-0081,shein-naizhu-1pair-flower-earrings-fashion-party-accessories,"NAIZHU 1pair Flower Earrings, Fashion Party Accessories",shein,jewelry,Women Dangle Earrings,women,"SHEIN NAIZHU 1pair Flower Earrings, Fashion Party Accessories — women dangle earrings tracked across 1 store. We compare live prices, stock and coupons so you always land on the cheapest active listing.",,,women-dangle-earrings; women-dangle-earrings,3.8,214,4415,false,https://img.ltwebstatic.com/images3_spmp/2024/03/19/a9/1710833238f93cea562cd38ccb1918c7392dc296d2_thumbnail_405x552.jpg,shein-store,3.41,3.84,IN STOCK,https://us.shein.com/NAIZHU-1pair-Beautiful-Circle-And-Creative-Flower-Earrings-Fashionable-Party-Accessories-Valentines-Mom-Mother-Mother-s-Day-Gift-p-33123770.html
PI-0082,shein-emery-rose-faux-denim-color-block-polo-long-sleeve-top,EMERY ROSE Faux Denim Color Block Polo Long Sleeve Top,shein,clothing,Women T-Shirts,women,"SHEIN EMERY ROSE Faux Denim Color Block Polo Long Sleeve Top — women t-shirts tracked across 1 store. We compare live prices, stock and coupons so you always land on the cheapest active listing.",Denim,,women-t-shirts; women-t-shirts,4.3,233,1500,false,https://img.ltwebstatic.com/v4/j/dps/PS2026082022159/5c85381ecf7c53c39dc4fdbbffb0791154d3b1204395d3388e17fec8360170d6_thumbnail_405x552.jpg,shein-store,22.27,26.04,IN STOCK,https://us.shein.com/EMERY-ROSE-Recommended-Best-Selling-Casual-Design-Faux-Denim-Color-Block-Patchwork-Polo-Collar-Women-s-Long-Sleeve-Top-Suitable-For-Daily-Shopping-Dating-And-Commuting-Back-To-School-Season-Loose-And-Slimming-Versatile-Style-For-All-Seasons-p-515599093.html
PI-0083,shein-women-s-v-neck-knit-vest-button-front-cardigan,"Women's V-Neck Knit Vest, Button Front Cardigan",shein,clothing,Women Sweater Vests,women,"SHEIN Women's V-Neck Knit Vest, Button Front Cardigan — women sweater vests tracked across 1 store. We compare live prices, stock and coupons so you always land on the cheapest active listing.",,,women-sweater-vests; women-sweater-vests,4.8,52,3417,false,https://img.ltwebstatic.com/v4/j/spmp/2026/04/27/de/17772677267a35563516dc9df8009bc5e48e2cbd37_thumbnail_405x552.jpg,shein-store,19.08,21.86,IN STOCK,https://us.shein.com/Women-s-Versatile-V-Neck-Knit-Vest-Spring-Summer-Fashion-Piece-Button-Front-Sleeveless-Cardigan-Knitwear-Top-Brown-Aesthetic-Fall-p-454501773.html
PI-0084,shein-fashion-punk-gothic-elastic-beach-headband,Fashion Punk Gothic Elastic Beach Headband,shein,accessories,Hair Bands,women,"SHEIN Fashion Punk Gothic Elastic Beach Headband — hair bands tracked across 1 store. We compare live prices, stock and coupons so you always land on the cheapest active listing.",,,hair-bands; hair-bands,3.9,71,6294,false,https://img.ltwebstatic.com/v4/j/spmp/2026/08/12/2b/1786500394127b655a6ab0ee3d09436d0def1df104_thumbnail_405x552.jpg,shein-store,4.67,5.18,IN STOCK,https://us.shein.com/1-3-4pcs-Fashion-Punk-Gothic-Soft-Non-Slip-Elastic-Hollow-Beach-Headband-Yoga-Sports-Daily-Casual-Hairband-Aesthetic-p-430341534.html
PI-0085,shein-women-s-lace-trim-satin-halter-neck-top,Women's Lace Trim Satin Halter Neck Top,shein,clothing,Women Tops,women,"SHEIN Women's Lace Trim Satin Halter Neck Top — women tops tracked across 1 store. We compare live prices, stock and coupons so you always land on the cheapest active listing.",,,women-tops; women-tops,4.4,90,7525,false,https://img.ltwebstatic.com/v4/j/spmp/2026/08/18/9a/1787040658a2419634ed1de74fe142087cd21f88ca_thumbnail_405x552.jpg,shein-store,16.52,18.52,IN STOCK,https://us.shein.com/Women-s-Summer-Top-Minimalist-Lace-Trim-Satin-Halter-Neck-Top-Going-Out-Date-Vacation-Travel-Tops-Halter-Cami-Satin-Y2K-Coquette-Old-Money-Date-Night-p-414209583.html
PI-0086,shein-shein-essnce-long-sleeve-pleated-blazer,SHEIN Essnce Long Sleeve Pleated Blazer,shein,clothing,Women Jackets,women,"SHEIN SHEIN Essnce Long Sleeve Pleated Blazer — women jackets tracked across 1 store. We compare live prices, stock and coupons so you always land on the cheapest active listing.",,,women-jackets; women-jackets,4.9,109,3320,true,https://img.ltwebstatic.com/images3_pi/2024/08/16/e3/17237731484f56782a1f1473a0639978b963cf3a5f_thumbnail_405x552.jpg,shein-store,17.52,20.02,IN STOCK,https://us.shein.com/SHEIN-Essnce-Women-s-Solid-Color-Long-Sleeve-Pleated-Blazer-In-Fall-Winter-p-40842817.html
PI-0087,shein-shein-boho-casual-loose-linen-shirt-blouse,SHEIN Boho Casual Loose Linen Shirt Blouse,shein,clothing,Women Blouses & Shirts,women,"SHEIN SHEIN Boho Casual Loose Linen Shirt Blouse — women blouses & shirts tracked across 1 store. We compare live prices, stock and coupons so you always land on the cheapest active listing.",,,women-blouses-shirts; women-blouses-shirts,4,128,5131,false,https://img.ltwebstatic.com/v4/j/pi/2026/07/20/31/17845463206bf7f4c6585f83b99341d4235d514ee4_thumbnail_405x552.jpg,shein-store,16.02,18.02,IN STOCK,https://us.shein.com/SHEIN-Women-s-Simple-Boho-Casual-Comfortable-Loose-Linen-Shirt-Blouse-Vacation-Coffee-Brown-Autumn-p-533358211.html
PI-0088,shein-trnvie-halter-neck-circular-buckle-tank-top,TRNVIE Halter Neck Circular Buckle Tank Top,shein,clothing,Women Tank Tops & Camis,women,"SHEIN TRNVIE Halter Neck Circular Buckle Tank Top — women tank tops & camis tracked across 1 store. We compare live prices, stock and coupons so you always land on the cheapest active listing.",Tan,,women-tank-tops-camis; women-tank-tops-camis,4.9,43,2670,false,https://img.ltwebstatic.com/v4/j/pi/2025/08/22/50/1755866915545c9736b38769d346bc380957c727fd_thumbnail_405x552.jpg,shein-store,11.17,12.51,IN STOCK,https://us.shein.com/TRNVIE-Elegant-High-Street-Halter-Neck-Circular-Buckle-Decor-Light-Blue-Women-Tank-Top-Spring-Summer-p-160685782.html
PI-0089,shein-romwe-leopard-floral-print-y2k-skinny-denim-shorts,ROMWE Leopard & Floral Print Y2K Skinny Denim Shorts,shein,clothing,Women Jeans,women,"SHEIN ROMWE Leopard & Floral Print Y2K Skinny Denim Shorts — women jeans tracked across 1 store. We compare live prices, stock and coupons so you always land on the cheapest active listing.",Denim,,women-jeans; women-jeans,4,62,8103,false,https://img.ltwebstatic.com/v4/j/pi/2026/02/04/81/1770195424e9632c4ca035262199270f1b1ccd3f2e_thumbnail_405x552.jpg,shein-store,39.6,54.93,IN STOCK,https://us.shein.com/ROMWE-Hippie-Vintage-Leopard-Floral-Print-Y2K-Style-Skinny-Denim-Shorts-p-328995645.html
PI-0090,shein-bohemian-woven-flared-a-line-long-skirt,Bohemian Woven Flared A-Line Long Skirt,shein,clothing,Women Skirts,women,"SHEIN Bohemian Woven Flared A-Line Long Skirt — women skirts tracked across 1 store. We compare live prices, stock and coupons so you always land on the cheapest active listing.",Red,,women-skirts; women-skirts,4.6,204,1993,false,https://img.ltwebstatic.com/v4/j/spmp/2026/06/22/dc/1782119923c9160504e95d50e05096e6922605dca7_thumbnail_405x552.jpg,shein-store,22.58,26.04,IN STOCK,https://us.shein.com/Elegant-Spring-Autumn-All-Season-Versatile-French-Casual-Bohemian-Style-Woven-Fabric-Flared-A-Line-Long-Skirt-For-Women-Summer-p-469769661.html
PI-0091,shein-casual-denim-spliced-jacket-slim-fit-coat,Casual Denim Spliced Jacket Slim-Fit Coat,shein,clothing,Women Jackets,women,"SHEIN Casual Denim Spliced Jacket Slim-Fit Coat — women jackets tracked across 1 store. We compare live prices, stock and coupons so you always land on the cheapest active listing.",Denim,,women-jackets; women-jackets,4.1,185,740,true,https://img.ltwebstatic.com/v4/p/spmp/2026/07/21/64/1784630626d5244aa7001b053d965179ba5ebcf3fa_thumbnail_405x552.png,shein-store,61.55,123.11,IN STOCK,https://us.shein.com/Women-s-Casual-Denim-Spliced-Jacket-Loose-Neck-Open-Front-Top-Long-Sleeve-Single-Breasted-Slim-Fit-Autumn-And-Winter-Coat-p-533759060.html
PI-0092,shein-elenzga-v-neck-cinched-waist-jumpsuit,Elenzga V-Neck Cinched Waist Jumpsuit,shein,clothing,Women Jumpsuits,women,"SHEIN Elenzga V-Neck Cinched Waist Jumpsuit — women jumpsuits tracked across 1 store. We compare live prices, stock and coupons so you always land on the cheapest active listing.",,,women-jumpsuits; women-jumpsuits,3.6,166,559,false,https://img.ltwebstatic.com/v4/j/dps/PS202608160527/d3989da97a11bf0a24fadba0ef77031cf110683c69cc1f8409968b2c335ca7a7_thumbnail_405x552.jpg,shein-store,42.4,47.75,IN STOCK,https://us.shein.com/Elenzga-Women-s-Apricot-Solid-Fabric-V-Neck-Lapel-Collar-Cinched-Waist-Patchwork-Design-High-End-Elegant-Professional-Office-Wear-High-Presence-Meeting-Outfit-Teacher-Outfit-Academic-Style-Campus-Style-Valentine-s-Day-Carnival-Labor-Day-Easter-Travel-Vacation-Street-Style-Spring-Autumn-Jumpsuit-Spring-Autumn-New-Essential-Fashion-Item-Niche-Design-Versatile-Long-Sleeve-Cinched-Waist-Jumpsuit-p-516500556.html
PI-0093,shein-romwe-goth-floral-lace-underwire-triangle-cup-bra,ROMWE Goth Floral Lace Underwire Triangle Cup Bra,shein,clothing,Women Bras & Bralettes,women,"SHEIN ROMWE Goth Floral Lace Underwire Triangle Cup Bra — women bras & bralettes tracked across 1 store. We compare live prices, stock and coupons so you always land on the cheapest active listing.",Floral,,women-bras-bralettes; women-bras-bralettes,4.5,147,5798,false,https://img.ltwebstatic.com/v4/j/pi/2026/01/05/d6/1767583925ecbe2357d32f29fc3180a520a3832708_thumbnail_405x552.jpg,shein-store,9.34,11.67,IN STOCK,https://us.shein.com/ROMWE-Goth-Floral-Lace-Underwire-Triangle-Cup-Bra-p-353607624.html
PI-0094,shein-autumn-tiger-print-crew-neck-sweatshirt,Autumn Tiger Print Crew Neck Sweatshirt,shein,clothing,Women Sweatshirts & Hoodies,women,"SHEIN Autumn Tiger Print Crew Neck Sweatshirt — women sweatshirts & hoodies tracked across 1 store. We compare live prices, stock and coupons so you always land on the cheapest active listing.",,,women-sweatshirts-hoodies; women-sweatshirts-hoodies,3.8,80,1557,false,https://img.ltwebstatic.com/v4/j/spmp/2025/11/24/d7/1763955247ff2974a97e61871c7439582513476b03_thumbnail_405x552.jpg,shein-store,16.18,18.86,IN STOCK,https://us.shein.com/Women-s-Autumn-Tiger-Print-Crew-Neck-Sweatshirt-Casual-Loose-Versatile-Holiday-Style-Top-Suitable-For-Daily-Wear-Autumn-Winter-Fashion-Spring-p-168282543.html
PI-0095,shein-balvessa-floral-print-wrap-v-neck-sweater,Balvessa Floral Print Wrap V-Neck Sweater,shein,clothing,Women Sweaters,women,"SHEIN Balvessa Floral Print Wrap V-Neck Sweater — women sweaters tracked across 1 store. We compare live prices, stock and coupons so you always land on the cheapest active listing.",Floral,,women-sweaters; women-sweaters,4.7,61,4520,true,https://img.ltwebstatic.com/v4/j/pi/2025/10/30/cd/1761793423f903cc98458e3bc80bde65f39dd082b1_thumbnail_405x552.jpg,shein-store,30.13,35.39,IN STOCK,https://us.shein.com/Balvessa-Floral-Print-Wrap-Style-Cropped-V-Neck-Tie-Waist-Long-Gigot-Sleeve-Casual-Elegant-Sweater-For-Women-Long-Sleeve-Tops-Knit-Pullover-Fall-Winter-Outfit-p-222761527.html
PI-0096,shein-vixey-textured-asymmetrical-hem-waistcoat-top,Vixey Textured Asymmetrical Hem Waistcoat Top,shein,clothing,Women Tops,women,"SHEIN Vixey Textured Asymmetrical Hem Waistcoat Top — women tops tracked across 1 store. We compare live prices, stock and coupons so you always land on the cheapest active listing.",Red,,women-tops; women-tops,4.2,42,251,false,https://img.ltwebstatic.com/v4/j/pi/2026/07/24/61/17848870032e292b562cf776050fff9a71b77dbe14_thumbnail_405x552.jpg,shein-store,13.63,41.23,IN STOCK,https://us.shein.com/Vixey-Solid-Textured-Woven-Asymmetrical-Hem-Single-Button-Waistcoat-Top-p-233124658.html
PI-0097,shein-colorful-striped-ankle-socks-4-8-pairs,Colorful Striped Ankle Socks (4/8 Pairs),shein,clothing,Women Over the Calf Socks,women,"SHEIN Colorful Striped Ankle Socks (4/8 Pairs) — women over the calf socks tracked across 1 store. We compare live prices, stock and coupons so you always land on the cheapest active listing.",,,women-over-the-calf-socks; women-over-the-calf-socks,3.7,223,5766,true,https://img.ltwebstatic.com/v4/j/spmp/2025/09/18/af/17581855747059f11260c390d4477b6d94c43f239f_thumbnail_405x552.jpg,shein-store,4.18,4.67,IN STOCK,https://us.shein.com/4-Pairs-8-Pairs-Colorful-Striped-Ankle-Socks-Fashionable-Innovative-Skin-Friendly-Soft-Tight-Fitting-Suitable-For-Women-Cozy-Socks-p-195053831.html
PI-0098,shein-glyssa-backless-halter-neck-fitted-jumpsuit,Glyssa Backless Halter Neck Fitted Jumpsuit,shein,clothing,Women Jumpsuits,women,"SHEIN Glyssa Backless Halter Neck Fitted Jumpsuit — women jumpsuits tracked across 1 store. We compare live prices, stock and coupons so you always land on the cheapest active listing.",,,women-jumpsuits; women-jumpsuits,4.8,52,5599,false,https://img.ltwebstatic.com/v4/j/smartflow/2026/08/13/30/17865983008be564dc8c24413fc3ca2f4cc9202294_thumbnail_405x552.jpg,shein-store,24.7,27.71,IN STOCK,https://us.shein.com/Glyssa-Fashion-Sexy-Backless-Halter-Neck-Fitted-Jumpsuit-p-556872263.html
PI-0099,shein-shein-cross-neck-3-4-sleeve-pleated-top,SHEIN Cross Neck 3/4 Sleeve Pleated Top,shein,clothing,Women Tops,women,"SHEIN SHEIN Cross Neck 3/4 Sleeve Pleated Top — women tops tracked across 1 store. We compare live prices, stock and coupons so you always land on the cheapest active listing.",,,women-tops; women-tops,4.3,233,3348,false,https://img.ltwebstatic.com/v4/j/pi/2026/08/04/f2/1785848495e4773d741658d2f9f633549c61d82626_thumbnail_405x552.jpg,shein-store,21.14,24.7,IN STOCK,https://us.shein.com/SHEIN-Women-s-Summer-Cross-Neck-3-4-Sleeve-Pleated-Casual-Top-p-523174658.html
PI-0100,shein-hauture-cowl-neck-mesh-backless-halter-top,Hauture Cowl Neck Mesh Backless Halter Top,shein,clothing,Women Tops,women,"SHEIN Hauture Cowl Neck Mesh Backless Halter Top — women tops tracked across 1 store. We compare live prices, stock and coupons so you always land on the cheapest active listing.",,,women-tops; women-tops,4.6,62,1617,false,https://img.ltwebstatic.com/v4/j/pi/2026/07/07/a5/1783363156ebcb2f9fe5934cd8fd6ff2e51985b8a6_thumbnail_405x552.jpg,shein-store,13.61,15.86,IN STOCK,https://us.shein.com/Hauture-Women-s-Sexy-Casual-Elegant-Cowl-Neck-Ruched-Double-Layered-Mesh-Backless-Halter-Top-Perfect-For-Summer-Vacation-Date-Night-Out-Party-p-520591806.html
PI-0101,prettylittlething-shell-funnel-neck-jacket,Shell Funnel Neck Jacket,prettylittlething,clothing,Windbreaker,women,"PrettyLittleThing Shell Funnel Neck Jacket — windbreaker tracked across 1 store. We compare live prices, stock and coupons so you always land on the cheapest active listing.",,,jackets-coats; windbreaker,4.1,43,4858,false,https://mediahub.prettylittlething.com/cnq6321_white_xl,prettylittlething-store,27.2,34,IN STOCK,https://www.prettylittlething.com/product/shell-funnel-neck-jacket_plt101613
PI-0102,prettylittlething-shell-balloon-leg-track-pants,Shell Balloon Leg Track Pants,prettylittlething,sportswear,Sports Joggers,women,"PrettyLittleThing Shell Balloon Leg Track Pants — sports joggers tracked across 1 store. We compare live prices, stock and coupons so you always land on the cheapest active listing.",,,joggers; sports-joggers,4.2,100,439,false,https://mediahub.prettylittlething.com/cnq6322_white_xl,prettylittlething-store,23.2,29,IN STOCK,https://www.prettylittlething.com/product/shell-balloon-leg-track-pants_plt101612
PI-0103,prettylittlething-cotton-fleece-polo-button-sweatshirt,Cotton Fleece Polo Button Sweatshirt,prettylittlething,clothing,Plain Sweatshirt,women,"PrettyLittleThing Cotton Fleece Polo Button Sweatshirt — plain sweatshirt tracked across 1 store. We compare live prices, stock and coupons so you always land on the cheapest active listing.",,,hoodies-sweatshirts; plain-sweatshirt,3.7,81,2300,true,https://mediahub.prettylittlething.com/cnq8194_navy_xl,prettylittlething-store,22.4,28,IN STOCK,https://www.prettylittlething.com/product/cotton-fleece-polo-button-sweatshirt_plt103504
PI-0104,prettylittlething-sculpt-capri-leggings,Sculpt Capri Leggings,prettylittlething,sportswear,Sports Leggings,women,"PrettyLittleThing Sculpt Capri Leggings — sports leggings tracked across 1 store. We compare live prices, stock and coupons so you always land on the cheapest active listing.",,,leggings; sports-leggings,3.8,138,645,false,https://mediahub.prettylittlething.com/cnq7494_espresso_xl,prettylittlething-store,17.6,22,IN STOCK,https://www.prettylittlething.com/product/sculpt-capri-leggings_plt102804
PI-0105,prettylittlething-cropped-zip-sweat-hoodie,Cropped Zip Sweat Hoodie,prettylittlething,clothing,Plain Hoodie,women,"PrettyLittleThing Cropped Zip Sweat Hoodie — plain hoodie tracked across 1 store. We compare live prices, stock and coupons so you always land on the cheapest active listing.",,,hoodies-sweatshirts; plain-hoodie,4.7,119,7034,false,https://mediahub.prettylittlething.com/cnq8190_black_xl,prettylittlething-store,22.4,28,IN STOCK,https://www.prettylittlething.com/product/cropped-zip-sweat-hoodie_plt103500
PI-0106,prettylittlething-print-wide-leg-joggers,Print Wide Leg Joggers,prettylittlething,sportswear,Sports Joggers,women,"PrettyLittleThing Print Wide Leg Joggers — sports joggers tracked across 1 store. We compare live prices, stock and coupons so you always land on the cheapest active listing.",,,joggers; sports-joggers,4.8,176,3499,false,https://mediahub.prettylittlething.com/cnq6341_camo_xl,prettylittlething-store,22.4,28,IN STOCK,https://www.prettylittlething.com/product/print-wide-leg-joggers_plt101632
PI-0107,prettylittlething-paris-embroidered-full-zip-hoodie,Paris Embroidered Full Zip Hoodie,prettylittlething,clothing,Plain Hoodie,women,"PrettyLittleThing Paris Embroidered Full Zip Hoodie — plain hoodie tracked across 1 store. We compare live prices, stock and coupons so you always land on the cheapest active listing.",Red,,hoodies-sweatshirts; plain-hoodie,4.3,157,1688,false,https://mediahub.prettylittlething.com/cnq6462_blue_xl,prettylittlething-store,23.2,29,IN STOCK,https://www.prettylittlething.com/product/paris-embroidered-full-zip-hoodie_plt101754
PI-0108,prettylittlething-paris-embroidered-sweat-shorts,Paris Embroidered Sweat Shorts,prettylittlething,sportswear,Sports Shorts,women,"PrettyLittleThing Paris Embroidered Sweat Shorts — sports shorts tracked across 1 store. We compare live prices, stock and coupons so you always land on the cheapest active listing.",Red,,shorts; sports-shorts,4.8,110,1735,false,https://mediahub.prettylittlething.com/cnq6463_blue_xl,prettylittlething-store,12.8,16,IN STOCK,https://www.prettylittlething.com/product/paris-embroidered-sweat-shorts_plt101753
PI-0109,prettylittlething-button-front-sweatshirt,Button Front Sweatshirt,prettylittlething,clothing,Plain Sweatshirt,women,"PrettyLittleThing Button Front Sweatshirt — plain sweatshirt tracked across 1 store. We compare live prices, stock and coupons so you always land on the cheapest active listing.",,,hoodies-sweatshirts; plain-sweatshirt,4.3,91,3342,true,https://mediahub.prettylittlething.com/cnq6808_charcoal_xl,prettylittlething-store,22.4,28,IN STOCK,https://www.prettylittlething.com/product/button-front-sweatshirt_plt102100
PI-0110,prettylittlething-love-club-print-sweat-shorts,Love Club Print Sweat Shorts,prettylittlething,sportswear,Sports Shorts,women,"PrettyLittleThing Love Club Print Sweat Shorts — sports shorts tracked across 1 store. We compare live prices, stock and coupons so you always land on the cheapest active listing.",,,shorts; sports-shorts,4.9,59,2464,true,https://mediahub.prettylittlething.com/cnq6283_pink_xl,prettylittlething-store,14.4,18,IN STOCK,https://www.prettylittlething.com/product/love-club-print-sweat-shorts_plt101574
PI-0111,prettylittlething-cropped-zip-sweat-hoodie-2,Cropped Zip Sweat Hoodie (2),prettylittlething,clothing,Plain Hoodie,women,"PrettyLittleThing Cropped Zip Sweat Hoodie (2) — plain hoodie tracked across 1 store. We compare live prices, stock and coupons so you always land on the cheapest active listing.",,,hoodies-sweatshirts; plain-hoodie,4.4,40,2707,true,https://mediahub.prettylittlething.com/cnq8199_charcoal_xl,prettylittlething-store,22.4,28,IN STOCK,https://www.prettylittlething.com/product/cropped-zip-sweat-hoodie_plt103509
PI-0112,prettylittlething-sugar-print-pullover-sweatshirt,Sugar Print Pullover Sweatshirt,prettylittlething,clothing,Plain Sweatshirt,women,"PrettyLittleThing Sugar Print Pullover Sweatshirt — plain sweatshirt tracked across 1 store. We compare live prices, stock and coupons so you always land on the cheapest active listing.",,,hoodies-sweatshirts; plain-sweatshirt,4.5,97,2158,false,https://mediahub.prettylittlething.com/cnq6280_dark pink_xl,prettylittlething-store,22.4,28,IN STOCK,https://www.prettylittlething.com/product/sugar-print-pullover-sweatshirt_plt101571
PI-0113,prettylittlething-soft-cotton-quarter-sleeve-fitted-top,Soft Cotton Quarter Sleeve Fitted Top,prettylittlething,clothing,T-Shirt,women,"PrettyLittleThing Soft Cotton Quarter Sleeve Fitted Top — t-shirt tracked across 1 store. We compare live prices, stock and coupons so you always land on the cheapest active listing.",,,t-shirts; t-shirt,4,78,5517,false,https://mediahub.prettylittlething.com/cnq8518_black_xl,prettylittlething-store,12.8,16,IN STOCK,https://www.prettylittlething.com/product/soft-cotton-quarter-sleeve-fitted-top_plt103828
PI-0114,prettylittlething-soft-rib-crew-neck-short-sleeve-top,Soft Rib Crew Neck Short Sleeve Top,prettylittlething,clothing,T-Shirt,women,"PrettyLittleThing Soft Rib Crew Neck Short Sleeve Top — t-shirt tracked across 1 store. We compare live prices, stock and coupons so you always land on the cheapest active listing.",,,t-shirts; t-shirt,4.1,135,1692,false,https://mediahub.prettylittlething.com/cnm9844_white_xl,prettylittlething-store,9.6,12,IN STOCK,https://www.prettylittlething.com/product/soft-rib-crew-neck-short-sleeve-top_plt00797
PI-0115,prettylittlething-soft-rib-crew-neck-long-sleeve-top,Soft Rib Crew Neck Long Sleeve Top,prettylittlething,clothing,T-Shirt,women,"PrettyLittleThing Soft Rib Crew Neck Long Sleeve Top — t-shirt tracked across 1 store. We compare live prices, stock and coupons so you always land on the cheapest active listing.",,,t-shirts; t-shirt,3.6,116,2399,true,https://mediahub.prettylittlething.com/cno2437_black_xl,prettylittlething-store,12,15,IN STOCK,https://www.prettylittlething.com/product/soft-rib-crew-neck-long-sleeve-top_plt02870
PI-0116,prettylittlething-basic-soft-cotton-boat-neck-vest-top,Basic Soft Cotton Boat Neck Vest Top,prettylittlething,clothing,Vest,women,"PrettyLittleThing Basic Soft Cotton Boat Neck Vest Top — vest tracked across 1 store. We compare live prices, stock and coupons so you always land on the cheapest active listing.",,,tops; vest,3.7,173,5298,false,https://mediahub.prettylittlething.com/cnp8422_white_xl,prettylittlething-store,11.2,14,IN STOCK,https://www.prettylittlething.com/product/basic-soft-cotton-boat-neck-vest-top_plt19679
PI-0117,prettylittlething-soft-rib-high-neck-fitted-longline-t-shirt,Soft Rib High Neck Fitted Longline T-Shirt,prettylittlething,clothing,T-Shirt,women,"PrettyLittleThing Soft Rib High Neck Fitted Longline T-Shirt — t-shirt tracked across 1 store. We compare live prices, stock and coupons so you always land on the cheapest active listing.",,,t-shirts; t-shirt,4.6,154,7895,false,https://mediahub.prettylittlething.com/cno2433_black_xl,prettylittlething-store,11.2,14,IN STOCK,https://www.prettylittlething.com/product/soft-rib-high-neck-fitted-longline-t-shirt_plt04221
PI-0118,prettylittlething-basic-soft-rib-backless-top,Basic Soft Rib Backless Top,prettylittlething,clothing,T-Shirt,women,"PrettyLittleThing Basic Soft Rib Backless Top — t-shirt tracked across 1 store. We compare live prices, stock and coupons so you always land on the cheapest active listing.",,,t-shirts; t-shirt,3.7,107,520,false,https://mediahub.prettylittlething.com/cnc9233_white_xl,prettylittlething-store,7.2,9,IN STOCK,https://www.prettylittlething.com/product/basic-soft-rib-backless-top_plt13787
PI-0119,prettylittlething-basic-soft-rib-racer-neck-vest-top,Basic Soft Rib Racer Neck Vest Top,prettylittlething,clothing,Vest,women,"PrettyLittleThing Basic Soft Rib Racer Neck Vest Top — vest tracked across 1 store. We compare live prices, stock and coupons so you always land on the cheapest active listing.",,,tops; vest,4.6,88,3483,false,https://mediahub.prettylittlething.com/cnm9836_white_xl,prettylittlething-store,8,10,IN STOCK,https://www.prettylittlething.com/product/basic-soft-rib-racer-neck-vest-top_plt00297
PI-0120,prettylittlething-textured-burnout-slouchy-one-shoulder-t-shirt,Textured Burnout Slouchy One Shoulder T-Shirt,prettylittlething,clothing,T-Shirt,women,"PrettyLittleThing Textured Burnout Slouchy One Shoulder T-Shirt — t-shirt tracked across 1 store. We compare live prices, stock and coupons so you always land on the cheapest active listing.",Red,,t-shirts; t-shirt,4.4,80,3659,true,https://mediahub.prettylittlething.com/cnq8347_blue_xl,prettylittlething-store,13.6,17,IN STOCK,https://www.prettylittlething.com/product/textured-burnout-slouchy-one-shoulder-t-shirt_plt103657
PI-0121,boohooman-oversized-paris-floral-t-shirt,Oversized Paris Floral T-Shirt,boohooman,mens-clothing,Printed T-Shirt,men,"boohooMAN Oversized Paris Floral T-Shirt — printed t-shirt tracked across 1 store. We compare live prices, stock and coupons so you always land on the cheapest active listing.",Floral,,t-shirts; printed-t-shirt,3.9,61,3768,false,https://mediahub.boohoo.com/cmm12017_white_xl,boohooman-store,8,16,IN STOCK,https://www.boohoo.com/product/boohooman-oversized-paris-floral-t-shirt_cmm12017
PI-0122,boohooman-fixed-waist-relaxed-fit-cargo-trouser,Fixed Waist Relaxed Fit Cargo Trouser,boohooman,mens-clothing,Cargo Trousers,men,"boohooMAN Fixed Waist Relaxed Fit Cargo Trouser — cargo trousers tracked across 1 store. We compare live prices, stock and coupons so you always land on the cheapest active listing.",,,trousers; cargo-trousers,4.8,42,5925,false,https://mediahub.boohoo.com/bmm34314_black_xl,boohooman-store,20,25,IN STOCK,https://www.boohoo.com/product/boohooman-fixed-waist-relaxed-fit-cargo-trouser_bmm34314
PI-0123,boohooman-melton-pu-applique-varsity-jacket,Melton & PU Applique Varsity Jacket,boohooman,mens-clothing,Varsity Jacket,men,"boohooMAN Melton & PU Applique Varsity Jacket — varsity jacket tracked across 1 store. We compare live prices, stock and coupons so you always land on the cheapest active listing.",,,jackets-coats; varsity-jacket,4.3,223,7898,false,https://mediahub.boohoo.com/cmm23085_black_xl,boohooman-store,56,70,IN STOCK,https://www.boohoo.com/product/boohooman-melton-pu-mixed-fabric-applique-varsity-jacket_cmm23085
PI-0124,boohooman-white-oversized-tokyo-floral-print-t-shirt,White Oversized Tokyo Floral Print T-Shirt,boohooman,mens-clothing,Printed T-Shirt,men,"boohooMAN White Oversized Tokyo Floral Print T-Shirt — printed t-shirt tracked across 1 store. We compare live prices, stock and coupons so you always land on the cheapest active listing.",White,,t-shirts; printed-t-shirt,3.8,204,2713,false,https://mediahub.boohoo.com/cmm25753_white_xl,boohooman-store,12.8,16,IN STOCK,https://www.boohoo.com/product/boohooman-white-oversized-tokyo-floral-print-t-shirt_cmm25753
PI-0125,boohooman-essential-oversized-boxy-zip-through-hoodie,Essential Oversized Boxy Zip Through Hoodie,boohooman,mens-clothing,Basic Hoodie,men,"boohooMAN Essential Oversized Boxy Zip Through Hoodie — basic hoodie tracked across 1 store. We compare live prices, stock and coupons so you always land on the cheapest active listing.",,,hoodies-sweatshirts; basic-hoodie,4.7,185,6044,false,https://mediahub.boohoo.com/cmm23422_grey marl_xl,boohooman-store,16,20,IN STOCK,https://www.boohoo.com/product/boohooman-essential-oversized-boxy-zip-through-hoodie_cmm23422
PI-0126,boohooman-oversized-boxy-limited-edition-t-shirt,Oversized Boxy Limited Edition T-Shirt,boohooman,mens-clothing,Printed T-Shirt,men,"boohooMAN Oversized Boxy Limited Edition T-Shirt — printed t-shirt tracked across 1 store. We compare live prices, stock and coupons so you always land on the cheapest active listing.",,,t-shirts; printed-t-shirt,4.2,166,3953,false,https://mediahub.boohoo.com/cmm24642_black_xl,boohooman-store,12.8,16,IN STOCK,https://www.boohoo.com/product/boohooman-oversized-boxy-limited-edition-t-shirt_cmm24642
PI-0127,boohooman-essential-skinny-fit-stretch-washed-jeans,Essential Skinny Fit Stretch Washed Jeans,boohooman,mens-clothing,Skinny Jeans,men,"boohooMAN Essential Skinny Fit Stretch Washed Jeans — skinny jeans tracked across 1 store. We compare live prices, stock and coupons so you always land on the cheapest active listing.",,,jeans; skinny-jeans,3.7,147,602,false,https://mediahub.boohoo.com/cmm24739_antique blue_xl,boohooman-store,20,25,IN STOCK,https://www.boohoo.com/product/boohooman-essential-skinny-fit-stretch-washed-jeans_cmm24739
PI-0128,boohooman-ecru-oversized-monaco-racing-t-shirt,Ecru Oversized Monaco Racing T-Shirt,boohooman,mens-clothing,Printed T-Shirt,men,"boohooMAN Ecru Oversized Monaco Racing T-Shirt — printed t-shirt tracked across 1 store. We compare live prices, stock and coupons so you always land on the cheapest active listing.",,,t-shirts; printed-t-shirt,4.6,128,707,false,https://mediahub.boohoo.com/cmm14559_ecru_xl,boohooman-store,14.4,18,IN STOCK,https://www.boohoo.com/product/boohooman-ecru-oversized-monaco-racing-t-shirt_cmm14559
PI-0129,boohooman-ecru-regular-fit-stencil-landscape-hoodie,Ecru Regular Fit Stencil Landscape Hoodie,boohooman,mens-clothing,Printed Hoodie,men,"boohooMAN Ecru Regular Fit Stencil Landscape Hoodie — printed hoodie tracked across 1 store. We compare live prices, stock and coupons so you always land on the cheapest active listing.",,,hoodies-sweatshirts; printed-hoodie,4.1,109,720,false,https://mediahub.boohoo.com/cmm21146_ecru_xl,boohooman-store,24,30,IN STOCK,https://www.boohoo.com/product/boohooman-ecru-regular-fit-stencil-landscape-printed-hoodie_cmm21146
PI-0130,boohooman-oversized-marvel-spider-man-t-shirt,Oversized Marvel Spider-Man T-Shirt,boohooman,mens-clothing,Licensed T-Shirt,men,"boohooMAN Oversized Marvel Spider-Man T-Shirt — licensed t-shirt tracked across 1 store. We compare live prices, stock and coupons so you always land on the cheapest active listing.",,,t-shirts; licensed-t-shirt,4.5,71,4362,false,https://mediahub.boohoo.com/cmm24645_white_xl,boohooman-store,16,20,IN STOCK,https://www.boohoo.com/product/boohooman-oversized-marvel-spider-man-license-printed-t-shirt_cmm24645
PI-0131,boohooman-white-oversized-interlock-monaco-car-t-shirt,White Oversized Interlock Monaco Car T-Shirt,boohooman,mens-clothing,Printed T-Shirt,men,"boohooMAN White Oversized Interlock Monaco Car T-Shirt — printed t-shirt tracked across 1 store. We compare live prices, stock and coupons so you always land on the cheapest active listing.",White,,t-shirts; printed-t-shirt,3.6,90,3605,false,https://mediahub.boohoo.com/cmm26949_white_xl,boohooman-store,12.8,16,IN STOCK,https://www.boohoo.com/product/boohooman-white-oversized-interlock-monaco-car-print-t-shirt_cmm26949
PI-0132,boohooman-essential-elasticated-twill-cargo-shorts,Essential Elasticated Twill Cargo Shorts,boohooman,mens-clothing,Cargo Shorts,men,"boohooMAN Essential Elasticated Twill Cargo Shorts — cargo shorts tracked across 1 store. We compare live prices, stock and coupons so you always land on the cheapest active listing.",,,shorts; cargo-shorts,4.1,109,168,false,https://mediahub.boohoo.com/cmm24451_stone_xl,boohooman-store,14.4,18,IN STOCK,https://www.boohoo.com/product/boohooman-essential-relaxed-fit-elasticated-mid-length-twill-cargo-shorts_cmm24451
PI-0133,boohooman-white-oversized-monaco-racing-print-t-shirt,White Oversized Monaco Racing Print T-Shirt,boohooman,mens-clothing,Printed T-Shirt,men,"boohooMAN White Oversized Monaco Racing Print T-Shirt — printed t-shirt tracked across 1 store. We compare live prices, stock and coupons so you always land on the cheapest active listing.",White,,t-shirts; printed-t-shirt,4.6,128,2357,false,https://mediahub.boohoo.com/cmm26528_white_xl,boohooman-store,14.4,18,IN STOCK,https://www.boohoo.com/product/boohooman-white-oversized-monaco-racing-print-t-shirt_cmm26528
PI-0134,boohooman-essential-relaxed-fit-denim-jorts,Essential Relaxed Fit Denim Jorts,boohooman,mens-clothing,Jorts,men,"boohooMAN Essential Relaxed Fit Denim Jorts — jorts tracked across 1 store. We compare live prices, stock and coupons so you always land on the cheapest active listing.",Denim,,shorts; jorts,3.9,195,6918,false,https://mediahub.boohoo.com/cmm23292_stonewash_xl,boohooman-store,17.6,22,IN STOCK,https://www.boohoo.com/product/boohooman-essential-relaxed-fit-denim-jorts_cmm23292
PI-0135,boohooman-oversized-boxy-floral-puff-print-hoodie,Oversized Boxy Floral Puff Print Hoodie,boohooman,mens-clothing,Printed Hoodie,men,"boohooMAN Oversized Boxy Floral Puff Print Hoodie — printed hoodie tracked across 1 store. We compare live prices, stock and coupons so you always land on the cheapest active listing.",Floral,,hoodies-sweatshirts; printed-hoodie,4.4,214,7439,false,https://mediahub.boohoo.com/bmm93186_taupe_xl,boohooman-store,24,30,IN STOCK,https://www.boohoo.com/product/boohooman-oversized-boxy-floral-puff-print-zip-through-hoodie_bmm93186
PI-0136,boohooman-relaxed-rhinestone-camo-cargo-trousers,Relaxed Rhinestone Camo Cargo Trousers,boohooman,mens-clothing,Cargo Trousers,men,"boohooMAN Relaxed Rhinestone Camo Cargo Trousers — cargo trousers tracked across 1 store. We compare live prices, stock and coupons so you always land on the cheapest active listing.",,,trousers; cargo-trousers,4.9,233,580,true,https://mediahub.boohoo.com/cmm11083_camo_xl,boohooman-store,40,50,IN STOCK,https://www.boohoo.com/product/boohooman-relaxed-rhinestone-camo-cargo-trousers_cmm11083
PI-0137,boohooman-essential-slim-fit-crew-neck-t-shirt,Essential Slim Fit Crew Neck T-Shirt,boohooman,mens-clothing,Basic T-Shirt,men,"boohooMAN Essential Slim Fit Crew Neck T-Shirt — basic t-shirt tracked across 1 store. We compare live prices, stock and coupons so you always land on the cheapest active listing.",,,t-shirts; basic-t-shirt,4,52,1193,false,https://mediahub.boohoo.com/cmm23038_white_xl,boohooman-store,6.4,8,IN STOCK,https://www.boohoo.com/product/boohooman-essential-slim-fit-crew-neck-t-shirt_cmm23038
PI-0138,boohooman-essential-bm-signature-regular-fit-jogger,Essential BM Signature Regular Fit Jogger,boohooman,mens-sportswear,Basic Joggers,men,"boohooMAN Essential BM Signature Regular Fit Jogger — basic joggers tracked across 1 store. We compare live prices, stock and coupons so you always land on the cheapest active listing.",,,joggers; basic-joggers,4.7,119,3618,false,https://mediahub.boohoo.com/cmm20876_black_xl,boohooman-store,14.4,18,IN STOCK,https://www.boohoo.com/product/boohooman-essential-bm-signature-regular-fit-jogger_cmm20876
PI-0139,boohooman-oversized-floral-photo-back-print-t-shirt,Oversized Floral Photo Back Print T-Shirt,boohooman,mens-clothing,Printed T-Shirt,men,"boohooMAN Oversized Floral Photo Back Print T-Shirt — printed t-shirt tracked across 1 store. We compare live prices, stock and coupons so you always land on the cheapest active listing.",Floral,,t-shirts; printed-t-shirt,3.8,138,6403,true,https://mediahub.boohoo.com/mzz28644_black_xl,boohooman-store,12.8,16,IN STOCK,https://www.boohoo.com/product/boohooman-oversized-floral-photo-back-print-t-shirt_mzz28644
PI-0140,boohooman-oversized-boxy-bonded-scuba-hooded-tracksuit,Oversized Boxy Bonded Scuba Hooded Tracksuit,boohooman,mens-sportswear,Plain Long Tracksuit,men,"boohooMAN Oversized Boxy Bonded Scuba Hooded Tracksuit — plain long tracksuit tracked across 1 store. We compare live prices, stock and coupons so you always land on the cheapest active listing.",,,tracksuits; plain-long-tracksuit,4,66,4149,false,https://mediahub.boohoo.com/cmm22046_taupe_xl,boohooman-store,44,55,IN STOCK,https://www.boohoo.com/product/boohooman-oversized-boxy-bonded-scuba-hooded-tracksuit_cmm22046
PI-0141,forever-21-100-cotton-crew-tee,100% Cotton Crew Tee,forever-21,clothing,Tops & Bottoms,women,"Forever 21 100% Cotton Crew Tee — tops & bottoms tracked across 1 store. We compare live prices, stock and coupons so you always land on the cheapest active listing.",,,tops-bottoms; tops-bottoms,4.9,47,6086,false,https://cdn.shopify.com/s/files/1/0702/7847/9906/files/Large-00489773-02-1_front.jpg,forever-21-store,4.99,19.99,IN STOCK,https://www.forever21.com/products/00489773
PI-0142,forever-21-100-cotton-crew-tee-2,100% Cotton Crew Tee (2),forever-21,clothing,Tops & Bottoms,women,"Forever 21 100% Cotton Crew Tee (2) — tops & bottoms tracked across 1 store. We compare live prices, stock and coupons so you always land on the cheapest active listing.",,,tops-bottoms; tops-bottoms,3.6,104,5147,false,https://cdn.shopify.com/s/files/1/0702/7847/9906/files/Large-01262617-01-1_front.jpg,forever-21-store,4.99,19.99,IN STOCK,https://www.forever21.com/products/01262617
PI-0143,forever-21-100-cotton-v-neck-tee,100% Cotton V-Neck Tee,forever-21,clothing,Tops & Bottoms,women,"Forever 21 100% Cotton V-Neck Tee — tops & bottoms tracked across 1 store. We compare live prices, stock and coupons so you always land on the cheapest active listing.",,,tops-bottoms; tops-bottoms,4.5,85,5384,false,https://cdn.shopify.com/s/files/1/0702/7847/9906/files/Large-00489779-01-1_front.jpg,forever-21-store,4.99,19.99,IN STOCK,https://www.forever21.com/products/00489779
PI-0144,forever-21-100-cotton-v-neck-tee-2,100% Cotton V-Neck Tee (2),forever-21,clothing,Tops & Bottoms,women,"Forever 21 100% Cotton V-Neck Tee (2) — tops & bottoms tracked across 1 store. We compare live prices, stock and coupons so you always land on the cheapest active listing.",,,tops-bottoms; tops-bottoms,4.8,190,7361,false,https://cdn.shopify.com/s/files/1/0702/7847/9906/files/Large-01262618-01-1_front.jpg,forever-21-store,4.99,12.99,IN STOCK,https://www.forever21.com/products/01262618
PI-0145,forever-21-1970-graphic-cropped-tank-top,1970 Graphic Cropped Tank Top,forever-21,clothing,Tops & Bottoms,women,"Forever 21 1970 Graphic Cropped Tank Top — tops & bottoms tracked across 1 store. We compare live prices, stock and coupons so you always land on the cheapest active listing.",Tan,,tops-bottoms; tops-bottoms,4.3,171,2662,false,https://cdn.shopify.com/s/files/1/0702/7847/9906/files/Large-01287482-01-1_front.jpg,forever-21-store,14.99,14.99,OUT OF STOCK,https://www.forever21.com/products/01287482
PI-0146,forever-21-1984-varsity-bomber-jacket,1984 Varsity Bomber Jacket,forever-21,clothing,Tops & Bottoms,women,"Forever 21 1984 Varsity Bomber Jacket — tops & bottoms tracked across 1 store. We compare live prices, stock and coupons so you always land on the cheapest active listing.",,,tops-bottoms; tops-bottoms,4.4,228,4839,false,https://cdn.shopify.com/s/files/1/0702/7847/9906/files/Large-01348417-01-1_front.jpg,forever-21-store,59.99,59.99,OUT OF STOCK,https://www.forever21.com/products/01348417
PI-0147,forever-21-1991-nyc-graphic-raglan-tee,1991 NYC Graphic Raglan Tee,forever-21,clothing,Tops & Bottoms,women,"Forever 21 1991 NYC Graphic Raglan Tee — tops & bottoms tracked across 1 store. We compare live prices, stock and coupons so you always land on the cheapest active listing.",,,tops-bottoms; tops-bottoms,3.9,209,6500,false,https://cdn.shopify.com/s/files/1/0702/7847/9906/files/Large-01248912-01-1_front.jpg,forever-21-store,7,14.99,OUT OF STOCK,https://www.forever21.com/products/01248912
PI-0148,forever-21-28-off-the-shoulder-sweater,28 Off-the-Shoulder Sweater,forever-21,clothing,Tops & Bottoms,women,"Forever 21 28 Off-the-Shoulder Sweater — tops & bottoms tracked across 1 store. We compare live prices, stock and coupons so you always land on the cheapest active listing.",,,tops-bottoms; tops-bottoms,4.2,114,7629,false,https://cdn.shopify.com/s/files/1/0702/7847/9906/files/Large-01348157-01-1_front.jpg,forever-21-store,12,22.99,OUT OF STOCK,https://www.forever21.com/products/01348157
PI-0149,forever-21-72-ringer-baby-tee,72 Ringer Baby Tee,forever-21,clothing,Tops & Bottoms,women,"Forever 21 72 Ringer Baby Tee — tops & bottoms tracked across 1 store. We compare live prices, stock and coupons so you always land on the cheapest active listing.",,,tops-bottoms; tops-bottoms,3.7,95,5294,true,https://cdn.shopify.com/s/files/1/0702/7847/9906/files/Large-01334687-01-1_front.jpg,forever-21-store,7.98,14.99,IN STOCK,https://www.forever21.com/products/01334687
PI-0150,forever-21-8-varsity-cropped-sweater,8 Varsity Cropped Sweater,forever-21,clothing,Tops & Bottoms,women,"Forever 21 8 Varsity Cropped Sweater — tops & bottoms tracked across 1 store. We compare live prices, stock and coupons so you always land on the cheapest active listing.",,,tops-bottoms; tops-bottoms,4.1,57,7956,true,https://cdn.shopify.com/s/files/1/0702/7847/9906/files/Large-01335253-01-1_front.jpg,forever-21-store,32.99,32.99,OUT OF STOCK,https://www.forever21.com/products/01335253
PI-0151,forever-21-84-graphic-pullover,84 Graphic Pullover,forever-21,clothing,Tops & Bottoms,women,"Forever 21 84 Graphic Pullover — tops & bottoms tracked across 1 store. We compare live prices, stock and coupons so you always land on the cheapest active listing.",,,tops-bottoms; tops-bottoms,4.6,76,3287,false,https://cdn.shopify.com/s/files/1/0702/7847/9906/files/Large-01349471-01-1_front.jpg,forever-21-store,22.99,22.99,OUT OF STOCK,https://www.forever21.com/products/01349471
PI-0152,forever-21-89-turtleneck-sweater,89 Turtleneck Sweater,forever-21,clothing,Tops & Bottoms,women,"Forever 21 89 Turtleneck Sweater — tops & bottoms tracked across 1 store. We compare live prices, stock and coupons so you always land on the cheapest active listing.",,,tops-bottoms; tops-bottoms,4.5,219,5398,false,https://cdn.shopify.com/s/files/1/0702/7847/9906/files/Large-01348942-02-1_front.jpg,forever-21-store,24.99,34.99,IN STOCK,https://www.forever21.com/products/01348942
PI-0153,forever-21-90s-fit-high-rise-jeans,90s-Fit High-Rise Jeans,forever-21,clothing,Tops & Bottoms,women,"Forever 21 90s-Fit High-Rise Jeans — tops & bottoms tracked across 1 store. We compare live prices, stock and coupons so you always land on the cheapest active listing.",,,tops-bottoms; tops-bottoms,3.6,238,5823,false,https://cdn.shopify.com/s/files/1/0702/7847/9906/files/Large-00452998-02-1_front.jpg,forever-21-store,39.99,39.99,OUT OF STOCK,https://www.forever21.com/products/00452998
PI-0154,forever-21-90s-fit-high-rise-straight-jeans,90s-Fit High-Rise Straight Jeans,forever-21,clothing,Tops & Bottoms,women,"Forever 21 90s-Fit High-Rise Straight Jeans — tops & bottoms tracked across 1 store. We compare live prices, stock and coupons so you always land on the cheapest active listing.",,,tops-bottoms; tops-bottoms,4.7,133,2232,false,https://cdn.shopify.com/s/files/1/0702/7847/9906/files/Large-00504474-01-1_front.jpg,forever-21-store,29.99,29.99,OUT OF STOCK,https://www.forever21.com/products/00504474
PI-0155,forever-21-90s-fit-snap-button-jeans,90s-Fit Snap-Button Jeans,forever-21,clothing,Tops & Bottoms,women,"Forever 21 90s-Fit Snap-Button Jeans — tops & bottoms tracked across 1 store. We compare live prices, stock and coupons so you always land on the cheapest active listing.",,,tops-bottoms; tops-bottoms,3.8,152,6117,false,https://cdn.shopify.com/s/files/1/0702/7847/9906/files/Large-00461788-01-1_front.jpg,forever-21-store,39.99,39.99,OUT OF STOCK,https://www.forever21.com/products/00461788
PI-0156,forever-21-a-tribe-called-quest-graphic-tee,A Tribe Called Quest Graphic Tee,forever-21,clothing,Tops & Bottoms,women,"Forever 21 A Tribe Called Quest Graphic Tee — tops & bottoms tracked across 1 store. We compare live prices, stock and coupons so you always land on the cheapest active listing.",,,tops-bottoms; tops-bottoms,3.7,95,1878,true,https://cdn.shopify.com/s/files/1/0702/7847/9906/files/Large-00462973-01-1_front.jpg,forever-21-store,24.99,24.99,OUT OF STOCK,https://www.forever21.com/products/00462973
PI-0157,forever-21-a-line-mini-skirt,A-Line Mini Skirt,forever-21,clothing,Tops & Bottoms,women,"Forever 21 A-Line Mini Skirt — tops & bottoms tracked across 1 store. We compare live prices, stock and coupons so you always land on the cheapest active listing.",,,tops-bottoms; tops-bottoms,4.2,114,3851,false,https://cdn.shopify.com/s/files/1/0702/7847/9906/files/Large-00473118-10-2_side.jpg,forever-21-store,7.98,19.99,IN STOCK,https://www.forever21.com/products/00473118
PI-0158,forever-21-a-line-mini-skirt-2,A-Line Mini Skirt (2),forever-21,clothing,Tops & Bottoms,women,"Forever 21 A-Line Mini Skirt (2) — tops & bottoms tracked across 1 store. We compare live prices, stock and coupons so you always land on the cheapest active listing.",,,tops-bottoms; tops-bottoms,4.3,105,4044,false,https://cdn.shopify.com/s/files/1/0702/7847/9906/files/Large-00490662-03-1_front.jpg,forever-21-store,19.99,19.99,OUT OF STOCK,https://www.forever21.com/products/00490662
PI-0159,forever-21-aaliyah-graphic-baby-tee,Aaliyah Graphic Baby Tee,forever-21,clothing,Tops & Bottoms,women,"Forever 21 Aaliyah Graphic Baby Tee — tops & bottoms tracked across 1 store. We compare live prices, stock and coupons so you always land on the cheapest active listing.",,,tops-bottoms; tops-bottoms,4.8,124,3809,false,https://cdn.shopify.com/s/files/1/0702/7847/9906/files/Large-00492310-02-1_front.jpg,forever-21-store,19.99,19.99,OUT OF STOCK,https://www.forever21.com/products/00492310
PI-0160,forever-21-aaliyah-graphic-hoodie,Aaliyah Graphic Hoodie,forever-21,clothing,Tops & Bottoms,women,"Forever 21 Aaliyah Graphic Hoodie — tops & bottoms tracked across 1 store. We compare live prices, stock and coupons so you always land on the cheapest active listing.",,,tops-bottoms; tops-bottoms,4.8,68,5601,false,https://cdn.shopify.com/s/files/1/0702/7847/9906/files/Large-01359106-01-1_front.jpg,forever-21-store,29.99,29.99,OUT OF STOCK,https://www.forever21.com/products/01359106
PI-0161,gap-knit-oversized-crop-t-shirt,Knit Oversized Crop T-Shirt,gap,clothing,Petite Tops & Bottoms,women,"Gap Knit Oversized Crop T-Shirt — petite tops & bottoms tracked across 1 store. We compare live prices, stock and coupons so you always land on the cheapest active listing.",,,petite-clothing; petite-tops-bottoms,3.7,89,5028,false,https://content.gapinc.com/b/0062/734/877/cn62734877.png,gap-store,34,49.95,IN STOCK,https://www.gap.com/browse/product.do?pid=896816012
PI-0162,gap-knit-oversized-crop-t-shirt-2,Knit Oversized Crop T-Shirt (2),gap,clothing,Petite Tops & Bottoms,women,"Gap Knit Oversized Crop T-Shirt (2) — petite tops & bottoms tracked across 1 store. We compare live prices, stock and coupons so you always land on the cheapest active listing.",,,petite-clothing; petite-tops-bottoms,4.6,70,4937,false,https://content.gapinc.com/b/0062/087/440/cn62087440.png,gap-store,39.99,49.95,IN STOCK,https://www.gap.com/browse/product.do?pid=896816022
PI-0163,gap-knit-oversized-crop-t-shirt-3,Knit Oversized Crop T-Shirt (3),gap,clothing,Petite Tops & Bottoms,women,"Gap Knit Oversized Crop T-Shirt (3) — petite tops & bottoms tracked across 1 store. We compare live prices, stock and coupons so you always land on the cheapest active listing.",,,petite-clothing; petite-tops-bottoms,4.1,51,8066,true,https://content.gapinc.com/b/0061/968/232/cn61968232.png,gap-store,41,59.95,IN STOCK,https://www.gap.com/browse/product.do?pid=896816072
PI-0164,gap-knit-oversized-crop-t-shirt-4,Knit Oversized Crop T-Shirt (4),gap,clothing,Petite Tops & Bottoms,women,"Gap Knit Oversized Crop T-Shirt (4) — petite tops & bottoms tracked across 1 store. We compare live prices, stock and coupons so you always land on the cheapest active listing.",,,petite-clothing; petite-tops-bottoms,4.2,192,1325,false,https://content.gapinc.com/b/0062/250/217/cn62250217.png,gap-store,59.95,59.95,IN STOCK,https://www.gap.com/browse/product.do?pid=896816062
PI-0165,gap-knit-oversized-crop-t-shirt-5,Knit Oversized Crop T-Shirt (5),gap,clothing,Petite Tops & Bottoms,women,"Gap Knit Oversized Crop T-Shirt (5) — petite tops & bottoms tracked across 1 store. We compare live prices, stock and coupons so you always land on the cheapest active listing.",,,petite-clothing; petite-tops-bottoms,4.7,211,6928,false,https://content.gapinc.com/b/0062/132/567/cn62132567.png,gap-store,34,49.95,IN STOCK,https://www.gap.com/browse/product.do?pid=896816002
PI-0166,gap-100-cotton-oversized-crop-sweater,100% Cotton Oversized Crop Sweater,gap,clothing,Petite Tops & Bottoms,women,"Gap 100% Cotton Oversized Crop Sweater — petite tops & bottoms tracked across 1 store. We compare live prices, stock and coupons so you always land on the cheapest active listing.",,,petite-clothing; petite-tops-bottoms,3.8,230,5501,false,https://content.gapinc.com/b/0061/966/251/cn61966251.png,gap-store,63,79.95,IN STOCK,https://www.gap.com/browse/product.do?pid=901181012
PI-0167,gap-100-cotton-oversized-crop-sweater-2,100% Cotton Oversized Crop Sweater (2),gap,clothing,Petite Tops & Bottoms,women,"Gap 100% Cotton Oversized Crop Sweater (2) — petite tops & bottoms tracked across 1 store. We compare live prices, stock and coupons so you always land on the cheapest active listing.",,,petite-clothing; petite-tops-bottoms,4.3,49,638,false,https://content.gapinc.com/b/0061/971/508/cn61971508.png,gap-store,63,79.95,IN STOCK,https://www.gap.com/browse/product.do?pid=901181002
PI-0168,gap-100-cotton-oversized-crop-sweater-3,100% Cotton Oversized Crop Sweater (3),gap,clothing,Petite Tops & Bottoms,women,"Gap 100% Cotton Oversized Crop Sweater (3) — petite tops & bottoms tracked across 1 store. We compare live prices, stock and coupons so you always land on the cheapest active listing.",,,petite-clothing; petite-tops-bottoms,3.6,116,1623,false,https://content.gapinc.com/b/0061/949/924/cn61949924.png,gap-store,55,79.95,IN STOCK,https://www.gap.com/browse/product.do?pid=901181052
PI-0169,gap-100-cotton-oversized-crop-sweater-4,100% Cotton Oversized Crop Sweater (4),gap,clothing,Petite Tops & Bottoms,women,"Gap 100% Cotton Oversized Crop Sweater (4) — petite tops & bottoms tracked across 1 store. We compare live prices, stock and coupons so you always land on the cheapest active listing.",,,petite-clothing; petite-tops-bottoms,4.1,135,3540,false,https://content.gapinc.com/b/0062/021/032/cn62021032.png,gap-store,47,79.95,IN STOCK,https://www.gap.com/browse/product.do?pid=901181022
PI-0170,gap-100-cotton-oversized-crop-sweater-5,100% Cotton Oversized Crop Sweater (5),gap,clothing,Petite Tops & Bottoms,women,"Gap 100% Cotton Oversized Crop Sweater (5) — petite tops & bottoms tracked across 1 store. We compare live prices, stock and coupons so you always land on the cheapest active listing.",,,petite-clothing; petite-tops-bottoms,4.3,99,8082,false,https://content.gapinc.com/b/0062/012/026/cn62012026.png,gap-store,47,79.95,IN STOCK,https://www.gap.com/browse/product.do?pid=901181032
PI-0171,gap-knit-relaxed-track-pants,Knit Relaxed Track Pants,gap,sportswear,Petite Tops & Bottoms,women,"Gap Knit Relaxed Track Pants — petite tops & bottoms tracked across 1 store. We compare live prices, stock and coupons so you always land on the cheapest active listing.",,,petite-clothing; petite-tops-bottoms,4.8,118,313,false,https://content.gapinc.com/b/0062/975/582/cn62975582.png,gap-store,64.95,64.95,IN STOCK,https://www.gap.com/browse/product.do?pid=1185084012
PI-0172,gap-knit-relaxed-track-pants-2,Knit Relaxed Track Pants (2),gap,sportswear,Petite Tops & Bottoms,women,"Gap Knit Relaxed Track Pants (2) — petite tops & bottoms tracked across 1 store. We compare live prices, stock and coupons so you always land on the cheapest active listing.",,,petite-clothing; petite-tops-bottoms,3.9,137,828,false,https://content.gapinc.com/b/0062/872/144/cn62872144.png,gap-store,64.95,64.95,IN STOCK,https://www.gap.com/browse/product.do?pid=1185084002
PI-0173,gap-knit-relaxed-track-pants-3,Knit Relaxed Track Pants (3),gap,sportswear,Petite Tops & Bottoms,women,"Gap Knit Relaxed Track Pants (3) — petite tops & bottoms tracked across 1 store. We compare live prices, stock and coupons so you always land on the cheapest active listing.",,,petite-clothing; petite-tops-bottoms,4.4,156,7921,true,https://content.gapinc.com/b/0063/139/768/cn63139768.png,gap-store,64.95,64.95,IN STOCK,https://www.gap.com/browse/product.do?pid=1185084022
PI-0174,gap-knit-relaxed-track-pants-4,Knit Relaxed Track Pants (4),gap,sportswear,Petite Tops & Bottoms,women,"Gap Knit Relaxed Track Pants (4) — petite tops & bottoms tracked across 1 store. We compare live prices, stock and coupons so you always land on the cheapest active listing.",,,petite-clothing; petite-tops-bottoms,4.9,175,6414,true,https://content.gapinc.com/b/0063/130/172/cn63130172.png,gap-store,64.95,64.95,IN STOCK,https://www.gap.com/browse/product.do?pid=1185084032
PI-0175,gap-organic-cotton-oversized-crop-oxford-shirt,Organic Cotton Oversized Crop Oxford Shirt,gap,clothing,Petite Tops & Bottoms,women,"Gap Organic Cotton Oversized Crop Oxford Shirt — petite tops & bottoms tracked across 1 store. We compare live prices, stock and coupons so you always land on the cheapest active listing.",,,petite-clothing; petite-tops-bottoms,4,194,899,false,https://content.gapinc.com/b/0062/872/960/cn62872960.png,gap-store,69.95,69.95,IN STOCK,https://www.gap.com/browse/product.do?pid=913902002
PI-0176,gap-organic-cotton-oversized-crop-oxford-shirt-2,Organic Cotton Oversized Crop Oxford Shirt (2),gap,clothing,Petite Tops & Bottoms,women,"Gap Organic Cotton Oversized Crop Oxford Shirt (2) — petite tops & bottoms tracked across 1 store. We compare live prices, stock and coupons so you always land on the cheapest active listing.",,,petite-clothing; petite-tops-bottoms,4.5,163,7856,false,https://content.gapinc.com/b/0062/924/138/cn62924138.png,gap-store,69.95,69.95,IN STOCK,https://www.gap.com/browse/product.do?pid=910042002
PI-0177,gap-organic-cotton-oversized-crop-oxford-shirt-3,Organic Cotton Oversized Crop Oxford Shirt (3),gap,clothing,Petite Tops & Bottoms,women,"Gap Organic Cotton Oversized Crop Oxford Shirt (3) — petite tops & bottoms tracked across 1 store. We compare live prices, stock and coupons so you always land on the cheapest active listing.",,,petite-clothing; petite-tops-bottoms,4,144,7923,false,https://content.gapinc.com/b/0062/748/571/cn62748571.png,gap-store,69.95,69.95,IN STOCK,https://www.gap.com/browse/product.do?pid=910042022
PI-0178,gap-organic-cotton-oversized-crop-oxford-shirt-4,Organic Cotton Oversized Crop Oxford Shirt (4),gap,clothing,Petite Tops & Bottoms,women,"Gap Organic Cotton Oversized Crop Oxford Shirt (4) — petite tops & bottoms tracked across 1 store. We compare live prices, stock and coupons so you always land on the cheapest active listing.",,,petite-clothing; petite-tops-bottoms,4.9,125,4294,false,https://content.gapinc.com/b/0062/924/171/cn62924171.png,gap-store,69.95,69.95,IN STOCK,https://www.gap.com/browse/product.do?pid=910042012
PI-0179,gap-organic-cotton-oversized-crop-oxford-shirt-5,Organic Cotton Oversized Crop Oxford Shirt (5),gap,clothing,Petite Tops & Bottoms,women,"Gap Organic Cotton Oversized Crop Oxford Shirt (5) — petite tops & bottoms tracked across 1 store. We compare live prices, stock and coupons so you always land on the cheapest active listing.",,,petite-clothing; petite-tops-bottoms,4.4,106,1039,false,https://content.gapinc.com/b/0063/099/863/cn63099863.png,gap-store,69.95,69.95,IN STOCK,https://www.gap.com/browse/product.do?pid=913902012
PI-0180,gap-100-linen-oversized-shirt,100% Linen Oversized Shirt,gap,clothing,Petite Tops & Bottoms,women,"Gap 100% Linen Oversized Shirt — petite tops & bottoms tracked across 1 store. We compare live prices, stock and coupons so you always land on the cheapest active listing.",,,petite-clothing; petite-tops-bottoms,3.8,94,6105,false,https://content.gapinc.com/b/0062/045/371/cn62045371.png,gap-store,39,79.95,IN STOCK,https://www.gap.com/browse/product.do?pid=882924072
PI-0181,puma-puma-x-hyrox-deviate-nitro-elite-4-men-s-shoes,PUMA x HYROX Deviate NITRO Elite 4 Men's Shoes,puma,mens-shoes,Men's Shoes and Sneakers,men,"Puma PUMA x HYROX Deviate NITRO Elite 4 Men's Shoes — men's shoes and sneakers tracked across 1 store. We compare live prices, stock and coupons so you always land on the cheapest active listing.",,,mens-shoes; men-s-shoes-and-sneakers,4.7,75,702,false,"https://images.puma.com/image/upload/f_auto,q_auto,b_rgb:fafafa,w_2000,h_2000/global/314156/02/sv01/fnd/PNA/fmt/png/PUMA-x-HYROX-Deviate-NITROâ¢-Elite-4-Men's-Shoes",puma-store,260,260,IN STOCK,https://us.puma.com/us/en/men/shoes
PI-0182,puma-speedcat-og-sneakers,Speedcat OG Sneakers,puma,mens-shoes,Men's Shoes and Sneakers,men,"Puma Speedcat OG Sneakers — men's shoes and sneakers tracked across 1 store. We compare live prices, stock and coupons so you always land on the cheapest active listing.",,,mens-shoes; men-s-shoes-and-sneakers,4.8,132,7377,false,"https://images.puma.com/image/upload/f_auto,q_auto,b_rgb:fafafa,w_2000,h_2000/global/398846/01/sv01/fnd/PNA/fmt/png/Speedcat-OG-Sneakers",puma-store,100,100,IN STOCK,https://us.puma.com/us/en/men/shoes
PI-0183,puma-puma-x-hyrox-deviate-nitro-elite-4-men-s-shoes-white,PUMA x HYROX Deviate NITRO Elite 4 Men's Shoes (White),puma,mens-shoes,Men's Shoes and Sneakers,men,"Puma PUMA x HYROX Deviate NITRO Elite 4 Men's Shoes (White) — men's shoes and sneakers tracked across 1 store. We compare live prices, stock and coupons so you always land on the cheapest active listing.",White,,mens-shoes; men-s-shoes-and-sneakers,4.3,113,8084,true,"https://images.puma.com/image/upload/f_auto,q_auto,b_rgb:fafafa,w_2000,h_2000/global/314156/03/sv01/fnd/PNA/fmt/png/PUMA-x-HYROX-Deviate-NITROâ¢-Elite-4-Men's-Shoes",puma-store,260,260,IN STOCK,https://us.puma.com/us/en/men/shoes
PI-0184,puma-fast-r-nitro-elite-3-men-s-road-running-shoes,FAST-R NITRO Elite 3 Men's Road Running Shoes,puma,mens-shoes,Men's Shoes and Sneakers,men,"Puma FAST-R NITRO Elite 3 Men's Road Running Shoes — men's shoes and sneakers tracked across 1 store. We compare live prices, stock and coupons so you always land on the cheapest active listing.",,,mens-shoes; men-s-shoes-and-sneakers,4.6,206,4259,false,"https://images.puma.com/image/upload/f_auto,q_auto,b_rgb:fafafa,w_2000,h_2000/global/312060/13/sv01/fnd/PNA/fmt/png/FAST-R-NITROâ¢-Elite-3-Men's-Road-Running-Shoes",puma-store,300,300,IN STOCK,https://us.puma.com/us/en/men/shoes
PI-0185,puma-speedcat-og-sneakers-shadow-gray,Speedcat OG Sneakers (Shadow Gray),puma,mens-shoes,Men's Shoes and Sneakers,men,"Puma Speedcat OG Sneakers (Shadow Gray) — men's shoes and sneakers tracked across 1 store. We compare live prices, stock and coupons so you always land on the cheapest active listing.",Gray,,mens-shoes; men-s-shoes-and-sneakers,3.9,151,3842,false,"https://images.puma.com/image/upload/f_auto,q_auto,b_rgb:fafafa,w_2000,h_2000/global/398846/64/sv01/fnd/PNA/fmt/png/Speedcat-OG-Sneakers",puma-store,100,100,IN STOCK,https://us.puma.com/us/en/men/shoes
PI-0186,puma-puma-x-hyrox-deviate-nitro-elite-4-men-s-shoes-mint,PUMA x HYROX Deviate NITRO Elite 4 Men's Shoes (Mint),puma,mens-shoes,Men's Shoes and Sneakers,men,"Puma PUMA x HYROX Deviate NITRO Elite 4 Men's Shoes (Mint) — men's shoes and sneakers tracked across 1 store. We compare live prices, stock and coupons so you always land on the cheapest active listing.",,,mens-shoes; men-s-shoes-and-sneakers,3.6,168,7069,false,"https://images.puma.com/image/upload/f_auto,q_auto,b_rgb:fafafa,w_2000,h_2000/global/314156/01/sv01/fnd/PNA/fmt/png/PUMA-x-HYROX-Deviate-NITROâ¢-Elite-4-Men's-Shoes",puma-store,260,260,IN STOCK,https://us.puma.com/us/en/men/shoes
PI-0187,puma-fast-r-nitro-elite-3-men-s-road-running-shoes-white,FAST-R NITRO Elite 3 Men's Road Running Shoes (White),puma,mens-shoes,Men's Shoes and Sneakers,men,"Puma FAST-R NITRO Elite 3 Men's Road Running Shoes (White) — men's shoes and sneakers tracked across 1 store. We compare live prices, stock and coupons so you always land on the cheapest active listing.",White,,mens-shoes; men-s-shoes-and-sneakers,4.1,187,7312,false,"https://images.puma.com/image/upload/f_auto,q_auto,b_rgb:fafafa,w_2000,h_2000/global/312060/14/sv01/fnd/PNA/fmt/png/FAST-R-NITROâ¢-Elite-3-Men's-Road-Running-Shoes",puma-store,300,300,IN STOCK,https://us.puma.com/us/en/men/shoes
PI-0188,puma-fast-r-nitro-elite-3-men-s-road-running-shoes-lavender,FAST-R NITRO Elite 3 Men's Road Running Shoes (Lavender),puma,mens-shoes,Men's Shoes and Sneakers,men,"Puma FAST-R NITRO Elite 3 Men's Road Running Shoes (Lavender) — men's shoes and sneakers tracked across 1 store. We compare live prices, stock and coupons so you always land on the cheapest active listing.",,,mens-shoes; men-s-shoes-and-sneakers,4,130,5295,false,"https://images.puma.com/image/upload/f_auto,q_auto,b_rgb:fafafa,w_2000,h_2000/global/312060/12/sv01/fnd/PNA/fmt/png/FAST-R-NITROâ¢-Elite-3-Men's-Road-Running-Shoes",puma-store,300,300,IN STOCK,https://us.puma.com/us/en/men/shoes
PI-0189,puma-fast-r-nitro-elite-3-showtime-men-s-road-running-shoes,FAST-R NITRO Elite 3 Showtime Men's Road Running Shoes,puma,mens-shoes,Men's Shoes and Sneakers,men,"Puma FAST-R NITRO Elite 3 Showtime Men's Road Running Shoes — men's shoes and sneakers tracked across 1 store. We compare live prices, stock and coupons so you always land on the cheapest active listing.",,,mens-shoes; men-s-shoes-and-sneakers,4.5,149,1062,true,"https://images.puma.com/image/upload/f_auto,q_auto,b_rgb:fafafa,w_2000,h_2000/global/313615/01/sv01/fnd/PNA/fmt/png/FAST-R-NITROâ¢-Elite-3-Showtime-Men's-Road-Running-Shoes",puma-store,300,300,IN STOCK,https://us.puma.com/us/en/men/shoes
PI-0190,puma-suede-snake-print-sneakers,Suede Snake Print Sneakers,puma,mens-shoes,Men's Shoes and Sneakers,men,"Puma Suede Snake Print Sneakers — men's shoes and sneakers tracked across 1 store. We compare live prices, stock and coupons so you always land on the cheapest active listing.",,,mens-shoes; men-s-shoes-and-sneakers,4.5,83,4712,false,"https://images.puma.com/image/upload/f_auto,q_auto,b_rgb:fafafa,w_2000,h_2000/global/408329/01/sv01/fnd/PNA/fmt/png/Suede-Snake-Print-Sneakers",puma-store,100,100,IN STOCK,https://us.puma.com/us/en/men/shoes
PI-0191,puma-fast-r-nitro-elite-3-men-s-road-running-shoes-red,FAST-R NITRO Elite 3 Men's Road Running Shoes (Red),puma,mens-shoes,Men's Shoes and Sneakers,men,"Puma FAST-R NITRO Elite 3 Men's Road Running Shoes (Red) — men's shoes and sneakers tracked across 1 store. We compare live prices, stock and coupons so you always land on the cheapest active listing.",Red,,mens-shoes; men-s-shoes-and-sneakers,4,64,6523,false,"https://images.puma.com/image/upload/f_auto,q_auto,b_rgb:fafafa,w_2000,h_2000/global/312060/11/sv01/fnd/PNA/fmt/png/FAST-R-NITROâ¢-Elite-3-Men's-Road-Running-Shoes",puma-store,300,300,IN STOCK,https://us.puma.com/us/en/men/shoes
PI-0192,puma-porsche-legacy-speedcat-pepita-sneakers,Porsche Legacy Speedcat Pepita Sneakers,puma,mens-shoes,Men's Shoes and Sneakers,men,"Puma Porsche Legacy Speedcat Pepita Sneakers — men's shoes and sneakers tracked across 1 store. We compare live prices, stock and coupons so you always land on the cheapest active listing.",,,mens-shoes; men-s-shoes-and-sneakers,4.1,121,4006,false,"https://images.puma.com/image/upload/f_auto,q_auto,b_rgb:fafafa,w_2000,h_2000/global/309389/01/sv01/fnd/PNA/fmt/png/Porsche-Legacy-Speedcat-Pepita-Sneakers",puma-store,120,120,IN STOCK,https://us.puma.com/us/en/men/shoes
PI-0193,puma-suede-xl-sneakers,Suede XL Sneakers,puma,mens-shoes,Men's Shoes and Sneakers,men,"Puma Suede XL Sneakers — men's shoes and sneakers tracked across 1 store. We compare live prices, stock and coupons so you always land on the cheapest active listing.",,,mens-shoes; men-s-shoes-and-sneakers,3.6,102,981,false,"https://images.puma.com/image/upload/f_auto,q_auto,b_rgb:fafafa,w_2000,h_2000/global/395205/02/sv01/fnd/PNA/fmt/png/Suede-XL-Sneakers",puma-store,90,90,IN STOCK,https://us.puma.com/us/en/men/shoes
PI-0194,puma-puma-x-saysky-deviate-nitro-elite-4-men-s-road-running-shoes,PUMA x SAYSKY Deviate NITRO Elite 4 Men's Road Running Shoes,puma,mens-shoes,Men's Shoes and Sneakers,men,"Puma PUMA x SAYSKY Deviate NITRO Elite 4 Men's Road Running Shoes — men's shoes and sneakers tracked across 1 store. We compare live prices, stock and coupons so you always land on the cheapest active listing.",,,mens-shoes; men-s-shoes-and-sneakers,3.7,159,1580,false,"https://images.puma.com/image/upload/f_auto,q_auto,b_rgb:fafafa,w_2000,h_2000/global/313942/01/sv01/fnd/PNA/fmt/png/PUMA-x-SAYSKY-Deviate-NITROâ¢-Elite-4-Men's-Road-Running-Shoes",puma-store,250,250,IN STOCK,https://us.puma.com/us/en/men/shoes
PI-0195,puma-beisser-disc-sneakers,Beisser Disc Sneakers,puma,mens-shoes,Men's Shoes and Sneakers,men,"Puma Beisser Disc Sneakers — men's shoes and sneakers tracked across 1 store. We compare live prices, stock and coupons so you always land on the cheapest active listing.",,,mens-shoes; men-s-shoes-and-sneakers,4.6,140,6215,false,"https://images.puma.com/image/upload/f_auto,q_auto,b_rgb:fafafa,w_2000,h_2000/global/405306/02/sv01/fnd/PNA/fmt/png/Beisser-Disc-Sneakers",puma-store,200,200,IN STOCK,https://us.puma.com/us/en/men/shoes
PI-0196,puma-deviate-nitro-4-men-s-road-running-shoes,Deviate NITRO 4 Men's Road Running Shoes,puma,mens-shoes,Men's Shoes and Sneakers,men,"Puma Deviate NITRO 4 Men's Road Running Shoes — men's shoes and sneakers tracked across 1 store. We compare live prices, stock and coupons so you always land on the cheapest active listing.",,,mens-shoes; men-s-shoes-and-sneakers,4.7,197,4742,false,"https://images.puma.com/image/upload/f_auto,q_auto,b_rgb:fafafa,w_2000,h_2000/global/312123/01/sv01/fnd/PNA/fmt/png/Deviate-NITROâ¢-4-Men's-Road-Running-Shoes",puma-store,170,170,IN STOCK,https://us.puma.com/us/en/men/shoes
PI-0197,puma-suede-classic-sneakers,Suede Classic Sneakers,puma,mens-shoes,Men's Shoes and Sneakers,men,"Puma Suede Classic Sneakers — men's shoes and sneakers tracked across 1 store. We compare live prices, stock and coupons so you always land on the cheapest active listing.",,,mens-shoes; men-s-shoes-and-sneakers,4.2,178,591,false,"https://images.puma.com/image/upload/f_auto,q_auto,b_rgb:fafafa,w_2000,h_2000/global/399781/01/sv01/fnd/PNA/fmt/png/Suede-Classic-Sneakers",puma-store,90,90,IN STOCK,https://us.puma.com/us/en/men/shoes
PI-0198,puma-king-20-ultimate-soccer-cleats,KING 20 ULTIMATE Soccer Cleats,puma,mens-shoes,Men's Shoes and Sneakers,men,"Puma KING 20 ULTIMATE Soccer Cleats — men's shoes and sneakers tracked across 1 store. We compare live prices, stock and coupons so you always land on the cheapest active listing.",,,mens-shoes; men-s-shoes-and-sneakers,4.3,235,7408,false,"https://images.puma.com/image/upload/f_auto,q_auto,b_rgb:fafafa,w_2000,h_2000/global/109345/01/sv01/fnd/PNA/fmt/png/KING-20-ULTIMATE-Firm/Artificial-Ground-Soccer-Cleats",puma-store,220,220,IN STOCK,https://us.puma.com/us/en/men/shoes
PI-0199,puma-puma-x-hyrox-deviate-nitro-4-men-s-shoes,PUMA x HYROX Deviate NITRO 4 Men's Shoes,puma,mens-shoes,Men's Shoes and Sneakers,men,"Puma PUMA x HYROX Deviate NITRO 4 Men's Shoes — men's shoes and sneakers tracked across 1 store. We compare live prices, stock and coupons so you always land on the cheapest active listing.",,,mens-shoes; men-s-shoes-and-sneakers,3.8,216,371,false,"https://images.puma.com/image/upload/f_auto,q_auto,b_rgb:fafafa,w_2000,h_2000/global/314155/01/sv01/fnd/PNA/fmt/png/PUMA-x-HYROX-Deviate-NITROâ¢-4-Men's-Shoes",puma-store,180,180,IN STOCK,https://us.puma.com/us/en/men/shoes
PI-0200,puma-puma-x-nahmias-speedcat-sneakers,PUMA x NAHMIAS Speedcat Sneakers,puma,mens-shoes,Men's Shoes and Sneakers,men,"Puma PUMA x NAHMIAS Speedcat Sneakers — men's shoes and sneakers tracked across 1 store. We compare live prices, stock and coupons so you always land on the cheapest active listing.",,,mens-shoes; men-s-shoes-and-sneakers,4.3,233,3156,false,"https://images.puma.com/image/upload/f_auto,q_auto,b_rgb:fafafa,w_2000,h_2000/global/407189/01/sv01/fnd/PNA/fmt/png/PUMA-x-NAHMIAS-Speedcat-Sneakers",puma-store,160,160,IN STOCK,https://us.puma.com/us/en/men/shoes
PI-0201,reebok-club-c-revenge-vintage-shoes,Club C Revenge Vintage Shoes,reebok,shoes,Shoes,unisex,"Reebok Club C Revenge Vintage Shoes — shoes tracked across 1 store. We compare live prices, stock and coupons so you always land on the cheapest active listing.",,,shoes; shoes,4.8,52,5151,false,https://cdn.shopify.com/s/files/1/0862/7834/0912/files/100262314_SLC_eCom_large.jpg,reebok-store,95,95,IN STOCK,https://www.reebok.com/products/reebok-club-c-revenge-vintage-shoes-chalk-chalk-brown-162073
PI-0202,reebok-club-c-85-vintage-shoes,Club C 85 Vintage Shoes,reebok,shoes,Shoes,unisex,"Reebok Club C 85 Vintage Shoes — shoes tracked across 1 store. We compare live prices, stock and coupons so you always land on the cheapest active listing.",,,shoes; shoes,4.7,195,6450,false,https://cdn.shopify.com/s/files/1/0862/7834/0912/files/100007796_SLC_eCom_large.jpg,reebok-store,85,85,IN STOCK,https://www.reebok.com/products/reebok-club-c-85-vintage-shoes-chalk-alabaster-vector-navy-103162
PI-0203,reebok-club-c-85-vintage-shoes-green,Club C 85 Vintage Shoes (Green),reebok,shoes,Shoes,unisex,"Reebok Club C 85 Vintage Shoes (Green) — shoes tracked across 1 store. We compare live prices, stock and coupons so you always land on the cheapest active listing.",Green,,shoes; shoes,3.8,214,7193,false,https://cdn.shopify.com/s/files/1/0862/7834/0912/files/100000317_SLC_eCom_s_large.jpg,reebok-store,85,85,IN STOCK,https://www.reebok.com/products/reebok-club-c-85-vintage-shoes-chalk-paperwhite-glen-green-103162
PI-0204,reebok-reebok-x-g-unit-g6-men-s-shoes,Reebok x G-Unit G6 Men's Shoes,reebok,mens-shoes,Shoes,men,"Reebok Reebok x G-Unit G6 Men's Shoes — shoes tracked across 1 store. We compare live prices, stock and coupons so you always land on the cheapest active listing.",,,shoes; shoes,4.9,109,4384,false,https://cdn.shopify.com/s/files/1/0862/7834/0912/files/1x1_GUNIT4_large.jpg,reebok-store,130,130,IN STOCK,https://www.reebok.com/products/reebok-reebok-x-g-unit-g6-mens-shoes-white-blue-red-118020
PI-0205,reebok-nano-x5-training-shoes,Nano X5 Training Shoes,reebok,shoes,Shoes,unisex,"Reebok Nano X5 Training Shoes — shoes tracked across 1 store. We compare live prices, stock and coupons so you always land on the cheapest active listing.",,,shoes; shoes,4,128,8029,false,https://cdn.shopify.com/s/files/1/0862/7834/0912/files/100279092_SLC_eCom_large.jpg,reebok-store,99.99,150,IN STOCK,https://www.reebok.com/products/reebok-nano-x5-training-shoes-black-grey-6-172449
PI-0206,reebok-club-c-85-vintage-shoes-blue,Club C 85 Vintage Shoes (Blue),reebok,shoes,Shoes,unisex,"Reebok Club C 85 Vintage Shoes (Blue) — shoes tracked across 1 store. We compare live prices, stock and coupons so you always land on the cheapest active listing.",Blue,,shoes; shoes,3.9,71,7406,false,https://cdn.shopify.com/s/files/1/0862/7834/0912/files/100007794_SLC_eCom_large.jpg,reebok-store,85,85,IN STOCK,https://www.reebok.com/products/reebok-club-c-85-vintage-shoes-chalk-alabaster-essential-blue-103162
PI-0207,reebok-classic-leather-shoes-little-kids,Classic Leather Shoes - Little Kids,reebok,shoes,Shoes,unisex,"Reebok Classic Leather Shoes - Little Kids — shoes tracked across 1 store. We compare live prices, stock and coupons so you always land on the cheapest active listing.",,,shoes; shoes,4.4,90,5517,false,https://cdn.shopify.com/s/files/1/0862/7834/0912/files/100000116_SLC_eCom_large.jpg,reebok-store,50,50,IN STOCK,https://www.reebok.com/products/reebok-classic-leather-shoes-preschool-black-108737
PI-0208,reebok-angel-reese-1-basketball-shoes,Angel Reese 1 Basketball Shoes,reebok,shoes,Shoes,unisex,"Reebok Angel Reese 1 Basketball Shoes — shoes tracked across 1 store. We compare live prices, stock and coupons so you always land on the cheapest active listing.",,,shoes; shoes,4.1,185,4388,false,https://cdn.shopify.com/s/files/1/0862/7834/0912/files/100263426_SLC_eCom_large.jpg,reebok-store,135,135,IN STOCK,https://www.reebok.com/products/reebok-angel-reese-1-shoes-expressive-pink-expressive-pink-black-160540
PI-0209,reebok-nano-x5-training-shoes-red,Nano X5 Training Shoes (Red),reebok,shoes,Shoes,unisex,"Reebok Nano X5 Training Shoes (Red) — shoes tracked across 1 store. We compare live prices, stock and coupons so you always land on the cheapest active listing.",Red,,shoes; shoes,4.6,204,5513,false,https://cdn.shopify.com/s/files/1/0862/7834/0912/files/100225445_SLC_eCom_f2ab9bd0-2df2-4c4b-882c-12c9b6b21084_large.jpg,reebok-store,99.99,140,IN STOCK,https://www.reebok.com/products/reebok-nano-x5-training-shoes-luxe-grey-retro-red-black-118837
PI-0210,reebok-women-s-club-c-85-vintage-shoes,Women's Club C 85 Vintage Shoes,reebok,shoes,Shoes,women,"Reebok Women's Club C 85 Vintage Shoes — shoes tracked across 1 store. We compare live prices, stock and coupons so you always land on the cheapest active listing.",,,shoes; shoes,3.8,102,4509,false,https://cdn.shopify.com/s/files/1/0862/7834/0912/files/100007797_SLC_eCom_s_large.jpg,reebok-store,85,85,IN STOCK,https://www.reebok.com/products/reebok-club-c-85-vintage-shoes-chalk-alabaster-glen-green-100012
PI-0211,reebok-women-s-freestyle-hi-shoes,Women's Freestyle Hi Shoes,reebok,shoes,Shoes,women,"Reebok Women's Freestyle Hi Shoes — shoes tracked across 1 store. We compare live prices, stock and coupons so you always land on the cheapest active listing.",,,shoes; shoes,4.3,121,3218,false,https://cdn.shopify.com/s/files/1/0862/7834/0912/files/100000103_SLC_eCom_8611fee9-91f8-4f24-8807-4e3adaa9aa7c_large.jpg,reebok-store,80,80,IN STOCK,https://www.reebok.com/products/reebok-f-s-hi-womens-shoes-white-103475
PI-0212,reebok-women-s-freestyle-hi-shoes-2,Women's Freestyle Hi Shoes (2),reebok,shoes,Shoes,women,"Reebok Women's Freestyle Hi Shoes (2) — shoes tracked across 1 store. We compare live prices, stock and coupons so you always land on the cheapest active listing.",,,shoes; shoes,4.2,64,3533,false,https://cdn.shopify.com/s/files/1/0862/7834/0912/files/1x1_kg3_large.jpg,reebok-store,80,80,IN STOCK,https://www.reebok.com/products/reebok-womens-f-s-hi-shoes-ftwr-white-blue-gum-158559
PI-0213,reebok-nano-x4-training-shoes,Nano X4 Training Shoes,reebok,shoes,Shoes,unisex,"Reebok Nano X4 Training Shoes — shoes tracked across 1 store. We compare live prices, stock and coupons so you always land on the cheapest active listing.",,,shoes; shoes,4.7,83,5936,true,https://cdn.shopify.com/s/files/1/0862/7834/0912/files/100253799_SLC_eCom_b75dacc1-a953-4561-b822-86444ad5f04d_large.jpg,reebok-store,79.99,140,IN STOCK,https://www.reebok.com/products/reebok-nano-x4-training-shoes-black-black-white-154862
PI-0214,reebok-club-c-85-vintage-shoes-gum,Club C 85 Vintage Shoes (Gum),reebok,shoes,Shoes,unisex,"Reebok Club C 85 Vintage Shoes (Gum) — shoes tracked across 1 store. We compare live prices, stock and coupons so you always land on the cheapest active listing.",,,shoes; shoes,4.4,178,7815,false,https://cdn.shopify.com/s/files/1/0862/7834/0912/files/100233953_SLC_eCom_344a5c3a-417e-470d-8f9a-5eab8d77e2b6_large.jpg,reebok-store,85,85,IN STOCK,https://www.reebok.com/products/reebok-club-c-85-vintage-shoes-chalk-black-gum-103162
PI-0215,reebok-club-c-85-shoes,Club C 85 Shoes,reebok,shoes,Shoes,unisex,"Reebok Club C 85 Shoes — shoes tracked across 1 store. We compare live prices, stock and coupons so you always land on the cheapest active listing.",,,shoes; shoes,4.9,197,3342,true,https://cdn.shopify.com/s/files/1/0862/7834/0912/files/100000154_SLC_eCom_e8e16aea-6c4e-45a6-b3c7-2a2973581caa_large.jpg,reebok-store,85,85,IN STOCK,https://www.reebok.com/products/reebok-club-c-85-shoes-white-sheer-grey-100050
PI-0216,reebok-women-s-zig-dynamica-str-shoes,Women's Zig Dynamica STR Shoes,reebok,shoes,Shoes,women,"Reebok Women's Zig Dynamica STR Shoes — shoes tracked across 1 store. We compare live prices, stock and coupons so you always land on the cheapest active listing.",,,shoes; shoes,4.8,140,2479,false,https://cdn.shopify.com/s/files/1/0862/7834/0912/files/100252501_SLC_eCom_large.jpg,reebok-store,44.99,75,IN STOCK,https://www.reebok.com/products/reebok-womens-zig-dynamica-str-running-shoes-white-glitch-aqua-143797
PI-0217,reebok-women-s-zig-dynamica-str-shoes-2,Women's Zig Dynamica STR Shoes (2),reebok,shoes,Shoes,women,"Reebok Women's Zig Dynamica STR Shoes (2) — shoes tracked across 1 store. We compare live prices, stock and coupons so you always land on the cheapest active listing.",,,shoes; shoes,3.9,159,2692,false,https://cdn.shopify.com/s/files/1/0862/7834/0912/files/100222244_SLC_eCom_large.jpg,reebok-store,44.99,75,IN STOCK,https://www.reebok.com/products/reebok-zig-dynamica-str-shoes-black-white-slvmt-112920
PI-0218,reebok-nano-x5-edge-training-shoes,Nano X5 Edge Training Shoes,reebok,shoes,Shoes,unisex,"Reebok Nano X5 Edge Training Shoes — shoes tracked across 1 store. We compare live prices, stock and coupons so you always land on the cheapest active listing.",,,shoes; shoes,4,150,5573,false,https://cdn.shopify.com/s/files/1/0862/7834/0912/files/100244425_SLC_eCom_large.jpg,reebok-store,150,150,IN STOCK,https://www.reebok.com/products/reebok-nano-x5-edge-training-shoes-black-grey-5-146092
PI-0219,reebok-nano-x4-training-shoes-grey,Nano X4 Training Shoes (Grey),reebok,shoes,Shoes,unisex,"Reebok Nano X4 Training Shoes (Grey) — shoes tracked across 1 store. We compare live prices, stock and coupons so you always land on the cheapest active listing.",Grey,,shoes; shoes,4.5,169,6586,false,https://cdn.shopify.com/s/files/1/0862/7834/0912/files/100254234_SLC_eCom_8817039e-5f24-44dd-a4aa-add2015e023b_large.jpg,reebok-store,79.99,140,IN STOCK,https://www.reebok.com/products/reebok-nano-x4-training-shoes-grey-4-grey-1-grey-6-154862
PI-0220,reebok-women-s-nano-x4-training-shoes,Women's Nano X4 Training Shoes,reebok,shoes,Shoes,women,"Reebok Women's Nano X4 Training Shoes — shoes tracked across 1 store. We compare live prices, stock and coupons so you always land on the cheapest active listing.",,,shoes; shoes,3.9,93,4166,true,https://cdn.shopify.com/s/files/1/0862/7834/0912/files/100253814_SLC_eCom_6769e8c5-4401-467d-8384-16346030aca0_large.jpg,reebok-store,79.99,140,IN STOCK,https://www.reebok.com/products/reebok-womens-nano-x4-training-shoes-chalk-future-cyan-pink-blast-154884
PI-0001,new-balance-brighton-v2,Brighton V2,new-balance,shoes,Golf/Athletic Shoes,unisex,"New Balance Brighton V2 — golf/athletic shoes tracked across 1 store. We compare live prices, stock and coupons so you always land on the cheapest active listing.",,,shoes; golf-athletic-shoes,4.6,106,6983,false,https://nb.scene7.com/is/image/NB/mg202wgy_nb_02_i?$pdpflexf2$,new-balance-store,119.99,119.99,IN STOCK,https://www.newbalance.com/pd/brighton-v2/MG202.html
PI-0002,new-balance-550-sl,550 SL,new-balance,shoes,Golf/Athletic Shoes,unisex,"New Balance 550 SL — golf/athletic shoes tracked across 1 store. We compare live prices, stock and coupons so you always land on the cheapest active listing.",,,shoes; golf-athletic-shoes,4.1,87,300,false,https://nb.scene7.com/is/image/NB/mg550wt_nb_02_i?$pdpflexf2$,new-balance-store,139.95,139.95,IN STOCK,https://www.newbalance.com/pd/550-sl/MG550.html
PI-0003,new-balance-997-golf,997 Golf,new-balance,shoes,Golf/Athletic Shoes,unisex,"New Balance 997 Golf — golf/athletic shoes tracked across 1 store. We compare live prices, stock and coupons so you always land on the cheapest active listing.",,,shoes; golf-athletic-shoes,3.6,68,1025,false,https://nb.scene7.com/is/image/NB/mg997gb_nb_02_i?$pdpflexf2$,new-balance-store,134.99,134.99,IN STOCK,https://www.newbalance.com/pd/997-golf/MG997.html
PI-0004,new-balance-brighton-v2-w,Brighton V2 (W),new-balance,shoes,Golf/Athletic Shoes,unisex,"New Balance Brighton V2 (W) — golf/athletic shoes tracked across 1 store. We compare live prices, stock and coupons so you always land on the cheapest active listing.",,,shoes; golf-athletic-shoes,4.5,49,466,false,https://nb.scene7.com/is/image/NB/wg202wgy_nb_02_i?$pdpflexf2$,new-balance-store,119.99,119.99,IN STOCK,https://www.newbalance.com/pd/brighton-v2/WG202.html
PI-0005,new-balance-327-golf,327 Golf,new-balance,shoes,Golf/Athletic Shoes,unisex,"New Balance 327 Golf — golf/athletic shoes tracked across 1 store. We compare live prices, stock and coupons so you always land on the cheapest active listing.",,,shoes; golf-athletic-shoes,4,230,5341,false,https://nb.scene7.com/is/image/NB/wg327wtb_nb_02_i?$pdpflexf2$,new-balance-store,119.99,119.99,IN STOCK,https://www.newbalance.com/pd/327-golf/WG327.html
PI-0006,new-balance-youth-adversary-2-knicker-solid-athletic,Youth Adversary 2 Knicker Solid Athletic,new-balance,shoes,Golf/Athletic Shoes,unisex,"New Balance Youth Adversary 2 Knicker Solid Athletic — golf/athletic shoes tracked across 1 store. We compare live prices, stock and coupons so you always land on the cheapest active listing.",,,shoes; golf-athletic-shoes,4.9,211,6064,true,https://nb.scene7.com/is/image/NB/bbp236gr_nb_40_i?$pdpflexf2$,new-balance-store,54.99,54.99,IN STOCK,https://www.newbalance.com/pd/youth-adversary-2-knicker-solid-athletic/BBP236.html
PI-0007,new-balance-youth-adversary-2-knicker-piped-athletic,Youth Adversary 2 Knicker Piped Athletic,new-balance,shoes,Golf/Athletic Shoes,unisex,"New Balance Youth Adversary 2 Knicker Piped Athletic — golf/athletic shoes tracked across 1 store. We compare live prices, stock and coupons so you always land on the cheapest active listing.",,,shoes; golf-athletic-shoes,4.4,192,3299,false,https://nb.scene7.com/is/image/NB/bbp240wk_nb_40_i?$pdpflexf2$,new-balance-store,54.99,54.99,IN STOCK,https://www.newbalance.com/pd/youth-adversary-2-knicker-piped-athletic/BBP240.html
PI-0008,new-balance-youth-adversary-2-pant-piped-tapered,Youth Adversary 2 Pant Piped Tapered,new-balance,shoes,Golf/Athletic Shoes,unisex,"New Balance Youth Adversary 2 Pant Piped Tapered — golf/athletic shoes tracked across 1 store. We compare live prices, stock and coupons so you always land on the cheapest active listing.",Red,,shoes; golf-athletic-shoes,3.9,173,2106,false,https://nb.scene7.com/is/image/NB/bbp316wk_nb_01_i?$pdpflexf2$,new-balance-store,54.99,54.99,IN STOCK,https://www.newbalance.com/pd/youth-adversary-2-pant-piped-tapered/BBP316.html
PI-0009,new-balance-youth-adversary-2-pant-solid-tapered,Youth Adversary 2 Pant Solid Tapered,new-balance,shoes,Golf/Athletic Shoes,unisex,"New Balance Youth Adversary 2 Pant Solid Tapered — golf/athletic shoes tracked across 1 store. We compare live prices, stock and coupons so you always land on the cheapest active listing.",Red,,shoes; golf-athletic-shoes,4.8,154,4369,false,https://nb.scene7.com/is/image/NB/bbp332gr_nb_01_i?$pdpflexf2$,new-balance-store,54.99,54.99,IN STOCK,https://www.newbalance.com/pd/youth-adversary-2-pant-solid-tapered/BBP332.html
PI-0010,new-balance-adversary-2-knicker-solid-athletic,Adversary 2 Knicker Solid Athletic,new-balance,shoes,Golf/Athletic Shoes,unisex,"New Balance Adversary 2 Knicker Solid Athletic — golf/athletic shoes tracked across 1 store. We compare live prices, stock and coupons so you always land on the cheapest active listing.",,,shoes; golf-athletic-shoes,3.8,116,6897,false,https://nb.scene7.com/is/image/NB/bmp236wt_nb_70_i?$pdpflexf2$,new-balance-store,54.99,54.99,IN STOCK,https://www.newbalance.com/pd/adversary-2-knicker-solid-athletic/BMP236.html
PI-0011,new-balance-adversary-2-knicker-piped-athletic,Adversary 2 Knicker Piped Athletic,new-balance,shoes,Golf/Athletic Shoes,unisex,"New Balance Adversary 2 Knicker Piped Athletic — golf/athletic shoes tracked across 1 store. We compare live prices, stock and coupons so you always land on the cheapest active listing.",,,shoes; golf-athletic-shoes,4.3,135,1460,false,https://nb.scene7.com/is/image/NB/bmp240gnv_nb_40_i?$pdpflexf2$,new-balance-store,54.99,54.99,IN STOCK,https://www.newbalance.com/pd/adversary-2-knicker-piped-athletic/BMP240.html
PI-0012,new-balance-adversary-2-pant-piped-tapered,Adversary 2 Pant Piped Tapered,new-balance,shoes,Golf/Athletic Shoes,unisex,"New Balance Adversary 2 Pant Piped Tapered — golf/athletic shoes tracked across 1 store. We compare live prices, stock and coupons so you always land on the cheapest active listing.",Red,,shoes; golf-athletic-shoes,4.8,154,6265,false,https://nb.scene7.com/is/image/NB/bmp316wn_nb_01_i?$pdpflexf2$,new-balance-store,54.99,54.99,IN STOCK,https://www.newbalance.com/pd/adversary-2-pant-piped-tapered/BMP316.html
PI-0013,new-balance-adversary-2-pant-solid-tapered,Adversary 2 Pant Solid Tapered,new-balance,shoes,Golf/Athletic Shoes,unisex,"New Balance Adversary 2 Pant Solid Tapered — golf/athletic shoes tracked across 1 store. We compare live prices, stock and coupons so you always land on the cheapest active listing.",Red,,shoes; golf-athletic-shoes,3.9,173,4638,false,https://nb.scene7.com/is/image/NB/bmp332wt_nb_70_i?$pdpflexf2$,new-balance-store,54.99,54.99,IN STOCK,https://www.newbalance.com/pd/adversary-2-pant-solid-tapered/BMP332.html
PI-0014,new-balance-ultra-cushion,Ultra Cushion,new-balance,shoes,Golf/Athletic Shoes,unisex,"New Balance Ultra Cushion — golf/athletic shoes tracked across 1 store. We compare live prices, stock and coupons so you always land on the cheapest active listing.",,,shoes; golf-athletic-shoes,4.6,40,2995,false,https://nb.scene7.com/is/image/NB/fl6381gr_nb_03_i?$pdpflexf2$,new-balance-store,74.99,74.99,IN STOCK,https://www.newbalance.com/pd/ultra-cushion/FL6381.html
PI-0015,new-balance-therapeutic-cushion,Therapeutic Cushion,new-balance,shoes,Golf/Athletic Shoes,unisex,"New Balance Therapeutic Cushion — golf/athletic shoes tracked across 1 store. We compare live prices, stock and coupons so you always land on the cheapest active listing.",,,shoes; golf-athletic-shoes,3.7,59,2160,false,https://nb.scene7.com/is/image/NB/fl6382bk_nb_03_i?$pdpflexf2$,new-balance-store,54.99,54.99,IN STOCK,https://www.newbalance.com/pd/therapeutic-cushion/FL6382.html
PI-0016,new-balance-comfort-fit,Comfort Fit,new-balance,shoes,Golf/Athletic Shoes,unisex,"New Balance Comfort Fit — golf/athletic shoes tracked across 1 store. We compare live prices, stock and coupons so you always land on the cheapest active listing.",,,shoes; golf-athletic-shoes,4.2,78,3885,true,https://nb.scene7.com/is/image/NB/fl6385bl_nb_03_i?$pdpflexf2$,new-balance-store,49.99,49.99,IN STOCK,https://www.newbalance.com/pd/comfort-fit/FL6385.html
PI-0017,new-balance-flex-cushion,Flex Cushion,new-balance,shoes,Golf/Athletic Shoes,unisex,"New Balance Flex Cushion — golf/athletic shoes tracked across 1 store. We compare live prices, stock and coupons so you always land on the cheapest active listing.",,,shoes; golf-athletic-shoes,4.7,97,1870,false,https://nb.scene7.com/is/image/NB/fl6386gr_nb_03_i?$pdpflexf2$,new-balance-store,49.99,49.99,IN STOCK,https://www.newbalance.com/pd/flex-cushion/FL6386.html
PI-0018,new-balance-slim-fit,Slim Fit,new-balance,shoes,Golf/Athletic Shoes,unisex,"New Balance Slim Fit — golf/athletic shoes tracked across 1 store. We compare live prices, stock and coupons so you always land on the cheapest active listing.",,,shoes; golf-athletic-shoes,4,164,1095,false,https://nb.scene7.com/is/image/NB/fl6391lb_nb_03_i?$pdpflexf2$,new-balance-store,59.99,59.99,IN STOCK,https://www.newbalance.com/pd/slim-fit/FL6391.html
PI-0019,new-balance-running-cushion-cfx,Running Cushion CFX,new-balance,shoes,Golf/Athletic Shoes,unisex,"New Balance Running Cushion CFX — golf/athletic shoes tracked across 1 store. We compare live prices, stock and coupons so you always land on the cheapest active listing.",,,shoes; golf-athletic-shoes,4.5,183,3332,true,https://nb.scene7.com/is/image/NB/fl6394lg_nb_03_i?$pdpflexf2$,new-balance-store,64.99,64.99,IN STOCK,https://www.newbalance.com/pd/running-cushion-cfx/FL6394.html
PI-0020,new-balance-running-support-cfx,Running Support CFX,new-balance,shoes,Golf/Athletic Shoes,unisex,"New Balance Running Support CFX — golf/athletic shoes tracked across 1 store. We compare live prices, stock and coupons so you always land on the cheapest active listing.",,,shoes; golf-athletic-shoes,3.7,209,5292,false,https://nb.scene7.com/is/image/NB/fl6397rd_nb_03_i?$pdpflexf2$,new-balance-store,69.99,69.99,IN STOCK,https://www.newbalance.com/pd/running-support-cfx/FL6397.html
PI-0021,lululemon-lululemon-align-high-rise-pant-28,"lululemon Align High-Rise Pant 28""",lululemon,sportswear,Women's Leggings,women,"Lululemon lululemon Align High-Rise Pant 28"" — women's leggings tracked across 1 store. We compare live prices, stock and coupons so you always land on the cheapest active listing.",,,leggings; women-s-leggings,4.2,228,2503,false,https://images.lululemon.com/is/image/lululemon/LW5DITS_077066_1,lululemon-store,98,98,IN STOCK,https://shop.lululemon.com/p/womens-leggings/Align-Pant-Full-Length-28/_/prod8780551
PI-0022,lululemon-lululemon-align-high-rise-pant-25,"lululemon Align High-Rise Pant 25""",lululemon,sportswear,Women's Leggings,women,"Lululemon lululemon Align High-Rise Pant 25"" — women's leggings tracked across 1 store. We compare live prices, stock and coupons so you always land on the cheapest active listing.",,,leggings; women-s-leggings,4.1,171,1030,false,https://images.lululemon.com/is/image/lululemon/LW5JKQS_079705_1,lululemon-store,98,98,IN STOCK,https://shop.lululemon.com/p/womens-leggings/Align-Pant-2/_/prod2020012
PI-0023,lululemon-groove-nulu-high-rise-flared-pant-regular,Groove Nulu High-Rise Flared Pant Regular,lululemon,sportswear,Women's Leggings,women,"Lululemon Groove Nulu High-Rise Flared Pant Regular — women's leggings tracked across 1 store. We compare live prices, stock and coupons so you always land on the cheapest active listing.",Red,,leggings; women-s-leggings,4.6,190,3937,false,https://images.lululemon.com/is/image/lululemon/LW5HD8R_077066_1,lululemon-store,118,118,IN STOCK,https://shop.lululemon.com/p/womens-leggings/Groove-Nulu-High-Rise-Flared-Pant-Regular/_/prod11871437
PI-0024,lululemon-lululemon-align-no-line-high-rise-pant-28,"lululemon Align No Line High-Rise Pant 28""",lululemon,sportswear,Women's Leggings,women,"Lululemon lululemon Align No Line High-Rise Pant 28"" — women's leggings tracked across 1 store. We compare live prices, stock and coupons so you always land on the cheapest active listing.",,,leggings; women-s-leggings,4.3,85,6536,false,https://images.lululemon.com/is/image/lululemon/LW5JRXS_079896_1,lululemon-store,108,108,IN STOCK,https://shop.lululemon.com/p/womens-leggings/lululemon-Align-No-Line-High-Rise-Pant-28/_/prod11900022
PI-0025,lululemon-lululemon-align-high-rise-pant-31,"lululemon Align High-Rise Pant 31""",lululemon,sportswear,Women's Leggings,women,"Lululemon lululemon Align High-Rise Pant 31"" — women's leggings tracked across 1 store. We compare live prices, stock and coupons so you always land on the cheapest active listing.",,,leggings; women-s-leggings,4.8,104,4725,false,https://images.lululemon.com/is/image/lululemon/LW5CTJT_0001_1,lululemon-store,98,98,IN STOCK,https://shop.lululemon.com/p/womens-leggings/Align-Pant-Tall/_/prod9410067
PI-0026,lululemon-groove-nulu-high-rise-flared-pant-short,Groove Nulu High-Rise Flared Pant Short,lululemon,sportswear,Women's Leggings,women,"Lululemon Groove Nulu High-Rise Flared Pant Short — women's leggings tracked across 1 store. We compare live prices, stock and coupons so you always land on the cheapest active listing.",Red,,leggings; women-s-leggings,4.7,47,7718,false,https://images.lululemon.com/is/image/lululemon/LW5IS9S_077066_1,lululemon-store,118,118,IN STOCK,https://shop.lululemon.com/p/womens-leggings/Groove-High-Rise-Nulu-Flared-Pant-Short/_/prod11871473
PI-0027,lululemon-wunder-train-no-line-high-rise-tight-25,"Wunder Train No Line High-Rise Tight 25""",lululemon,sportswear,Women's Leggings,women,"Lululemon Wunder Train No Line High-Rise Tight 25"" — women's leggings tracked across 1 store. We compare live prices, stock and coupons so you always land on the cheapest active listing.",,,leggings; women-s-leggings,3.8,66,2267,false,https://images.lululemon.com/is/image/lululemon/LW5IETS_077066_1,lululemon-store,108,108,IN STOCK,https://shop.lululemon.com/p/wunder-train-no-line-high-rise-tight-25/ciikqqn7xm
PI-0028,lululemon-lululemon-glow-up-super-high-rise-tight-25,"lululemon Glow Up Super-High-Rise Tight 25""",lululemon,sportswear,Women's Leggings,women,"Lululemon lululemon Glow Up Super-High-Rise Tight 25"" — women's leggings tracked across 1 store. We compare live prices, stock and coupons so you always land on the cheapest active listing.",,,leggings; women-s-leggings,3.9,57,5564,false,https://images.lululemon.com/is/image/lululemon/LW5IZYS_075700_1,lululemon-store,118,118,IN STOCK,https://shop.lululemon.com/p/womens-leggings/Glow-Up-Super-High-Rise-Tight-25/_/prod11800851
PI-0029,lululemon-unrestricted-power-high-rise-tight-25,"Unrestricted Power High-Rise Tight 25""",lululemon,sportswear,Women's Leggings,women,"Lululemon Unrestricted Power High-Rise Tight 25"" — women's leggings tracked across 1 store. We compare live prices, stock and coupons so you always land on the cheapest active listing.",,,leggings; women-s-leggings,4.4,76,3185,false,https://images.lululemon.com/is/image/lululemon/LW5GP4S_031382_1,lululemon-store,118,118,IN STOCK,https://shop.lululemon.com/p/womens-leggings/Unrestricted-Power-High-Rise-Tight-25/_/prod20009403
PI-0030,lululemon-lululemon-align-high-rise-pant-with-pockets-28,"lululemon Align High-Rise Pant with Pockets 28""",lululemon,sportswear,Women's Leggings,women,"Lululemon lululemon Align High-Rise Pant with Pockets 28"" — women's leggings tracked across 1 store. We compare live prices, stock and coupons so you always land on the cheapest active listing.",,,leggings; women-s-leggings,3.6,218,6475,false,https://images.lululemon.com/is/image/lululemon/LW5DUIS_075700_1,lululemon-store,128,128,IN STOCK,https://shop.lululemon.com/p/womens-leggings/Align-Pant-Full-Length-28-Pockets/_/prod9230087
PI-0031,lululemon-sojourn-jacket,Sojourn Jacket,lululemon,clothing,Jackets & Outerwear,women,"Lululemon Sojourn Jacket — jackets & outerwear tracked across 1 store. We compare live prices, stock and coupons so you always land on the cheapest active listing.",,,jackets; jackets-outerwear,4.5,199,3482,true,https://images.lululemon.com/is/image/lululemon/LM3FYDS_077066_1,lululemon-store,148,148,IN STOCK,https://shop.lululemon.com/p/mens-jackets-and-outerwear/Sojourn-Jacket/_/prod8510102
PI-0032,lululemon-define-jacket-nulu,Define Jacket Nulu,lululemon,clothing,Jackets & Outerwear,women,"Lululemon Define Jacket Nulu — jackets & outerwear tracked across 1 store. We compare live prices, stock and coupons so you always land on the cheapest active listing.",,,jackets; jackets-outerwear,4.6,56,869,false,https://images.lululemon.com/is/image/lululemon/LW4CAFS_081055_1,lululemon-store,128,128,IN STOCK,https://shop.lululemon.com/p/jackets-and-hoodies-jackets/Define-Jacket-Nulu/_/prod11020158
PI-0033,lululemon-define-jacket-luon,Define Jacket Luon,lululemon,clothing,Jackets & Outerwear,women,"Lululemon Define Jacket Luon — jackets & outerwear tracked across 1 store. We compare live prices, stock and coupons so you always land on the cheapest active listing.",,,jackets; jackets-outerwear,4.1,237,2680,false,https://images.lululemon.com/is/image/lululemon/LW3GQ6S_0001_1,lululemon-store,128,128,IN STOCK,https://shop.lululemon.com/p/jackets-and-hoodies-jackets/Define-Jacket/_/prod5020054
PI-0034,lululemon-sleek-city-jacket,Sleek City Jacket,lululemon,clothing,Jackets & Outerwear,women,"Lululemon Sleek City Jacket — jackets & outerwear tracked across 1 store. We compare live prices, stock and coupons so you always land on the cheapest active listing.",,,jackets; jackets-outerwear,4.4,142,5361,false,https://images.lululemon.com/is/image/lululemon/LW4CKZS_074110_1,lululemon-store,198,198,IN STOCK,https://shop.lululemon.com/p/sleek-city-jacket-2/gb7lte1phg
PI-0035,lululemon-define-cropped-jacket-nulu,Define Cropped Jacket Nulu,lululemon,clothing,Jackets & Outerwear,women,"Lululemon Define Cropped Jacket Nulu — jackets & outerwear tracked across 1 store. We compare live prices, stock and coupons so you always land on the cheapest active listing.",,,jackets; jackets-outerwear,3.9,123,5718,false,https://images.lululemon.com/is/image/lululemon/LW3HJFS_081055_1,lululemon-store,128,128,IN STOCK,https://shop.lululemon.com/p/jackets-and-hoodies-jackets/Nulu-Cropped-Define-Jacket/_/prod10930188
PI-0036,lululemon-breathable-lightweight-training-jacket,Breathable Lightweight Training Jacket,lululemon,sportswear,Jackets & Outerwear,women,"Lululemon Breathable Lightweight Training Jacket — jackets & outerwear tracked across 1 store. We compare live prices, stock and coupons so you always land on the cheapest active listing.",,,jackets; jackets-outerwear,4,180,6359,false,https://images.lululemon.com/is/image/lululemon/LW4CJAS_0002_1,lululemon-store,148,148,IN STOCK,https://shop.lululemon.com/p/jackets-and-hoodies-jackets/Breathable-Lightweight-Training-Jacket/_/prod11871114
PI-0037,lululemon-women-s-cross-chill-performance-jacket,Women's Cross Chill Performance Jacket,lululemon,clothing,Jackets & Outerwear,women,"Lululemon Women's Cross Chill Performance Jacket — jackets & outerwear tracked across 1 store. We compare live prices, stock and coupons so you always land on the cheapest active listing.",,,jackets; jackets-outerwear,4.9,161,276,true,https://images.lululemon.com/is/image/lululemon/LW4CEGS_033454_1,lululemon-store,228,228,IN STOCK,https://shop.lululemon.com/p/jackets-and-hoodies-jackets/W-Cross-Chill-Performance-Jacket/_/prod9750597
PI-0038,lululemon-court-rival-tennis-track-jacket,Court Rival Tennis Track Jacket,lululemon,sportswear,Jackets & Outerwear,women,"Lululemon Court Rival Tennis Track Jacket — jackets & outerwear tracked across 1 store. We compare live prices, stock and coupons so you always land on the cheapest active listing.",,,jackets; jackets-outerwear,3.8,66,2237,false,https://images.lululemon.com/is/image/lululemon/LW3KLLS_076949_1,lululemon-store,148,148,IN STOCK,https://shop.lululemon.com/p/jackets-and-hoodies-jackets/Court-Rival-Tennis-Track-Jacket/_/prod11801252
PI-0039,lululemon-scuba-windbreaker,Scuba Windbreaker,lululemon,clothing,Jackets & Outerwear,women,"Lululemon Scuba Windbreaker — jackets & outerwear tracked across 1 store. We compare live prices, stock and coupons so you always land on the cheapest active listing.",,,jackets; jackets-outerwear,4.7,47,3902,false,https://images.lululemon.com/is/image/lululemon/LW4CNQS_077776_1,lululemon-store,148,148,IN STOCK,https://shop.lululemon.com/p/scuba-windbreaker/ff3dj9jt59
PI-0040,lululemon-daydrift-jacket,Daydrift Jacket,lululemon,clothing,Jackets & Outerwear,women,"Lululemon Daydrift Jacket — jackets & outerwear tracked across 1 store. We compare live prices, stock and coupons so you always land on the cheapest active listing.",,,jackets; jackets-outerwear,4.1,223,2550,false,https://images.lululemon.com/is/image/lululemon/LW3LSUS_076953_1,lululemon-store,168,168,IN STOCK,https://shop.lululemon.com/p/daydrift-jacket/k4ska4g2hv
PI-0041,gymshark-vital-seamless-midi-zip-2-0-pullover,Vital Seamless Midi Zip 2.0 Pullover,gymshark,sportswear,Track Top,women,"Gymshark Vital Seamless Midi Zip 2.0 Pullover — track top tracked across 1 store. We compare live prices, stock and coupons so you always land on the cheapest active listing.",,,activewear; track-top,4.6,42,3973,false,https://cdn.shopify.com/s/files/1/0156/6146/files/images-VitalSeamless2_0MidiZipUpJacketBlackMarlB5A9Q_BBF3_1004_V2b.jpg,gymshark-store,56,56,IN STOCK,https://www.gymshark.com/products/gymshark-vital-seamless-2-0-midi-zip-up-jacket-black-marl-aw23
PI-0042,gymshark-vital-regular-leggings,Vital Regular Leggings,gymshark,sportswear,Full Length,women,"Gymshark Vital Regular Leggings — full length tracked across 1 store. We compare live prices, stock and coupons so you always land on the cheapest active listing.",,,activewear; full-length,3.7,61,7384,false,https://cdn.shopify.com/s/files/1/0156/6146/files/images-VitalSeamless2_0LeggingsBlackMarlB1A2B_BBF3_0766_V1b.jpg,gymshark-store,54,54,IN STOCK,https://www.gymshark.com/products/gymshark-vital-seamless-leggings-logo-black-marl-aw24
PI-0043,gymshark-vital-sports-bra,Vital Sports Bra,gymshark,sportswear,Scoop Neck,women,"Gymshark Vital Sports Bra — scoop neck tracked across 1 store. We compare live prices, stock and coupons so you always land on the cheapest active listing.",,,activewear; scoop-neck,4.2,80,6123,true,https://cdn.shopify.com/s/files/1/0156/6146/files/images-VitalSeamlessNewSportsBraBlackMarlB5C7S_BBF3_0657_V2.jpg,gymshark-store,38,38,IN STOCK,https://www.gymshark.com/products/gymshark-vital-sports-bra-sports-bras-black-ss26
PI-0044,gymshark-vital-tank-with-shelf,Vital Tank With Shelf,gymshark,sportswear,Tanks,women,"Gymshark Vital Tank With Shelf — tanks tracked across 1 store. We compare live prices, stock and coupons so you always land on the cheapest active listing.",Tan,,activewear; tanks,4.9,147,7798,false,https://cdn.shopify.com/s/files/1/0156/6146/files/images-VitalSeamlessTankWithShelfBlackMarlB4C6D_BBF3_1428_V1.jpg,gymshark-store,38,38,IN STOCK,https://www.gymshark.com/products/gymshark-vital-seamless-tank-with-shelf-sleeveless-tops-black-aw25
PI-0045,gymshark-soft-sculpt-leggings,Soft Sculpt Leggings,gymshark,sportswear,Full Length,women,"Gymshark Soft Sculpt Leggings — full length tracked across 1 store. We compare live prices, stock and coupons so you always land on the cheapest active listing.",,,activewear; full-length,4,166,2321,false,https://cdn.shopify.com/s/files/1/0156/6146/files/SoftSculptLeggingsGSBlackB2C7T_BB2J_0846_V1_0e4298b8-5f30-41e9-a0d7-673c265f6ebf.jpg,gymshark-store,60,60,IN STOCK,https://www.gymshark.com/products/gymshark-soft-sculpt-leggings-black-ss25
PI-0046,gymshark-training-oversized-boxy-sweatshirt,Training Oversized Boxy Sweatshirt,gymshark,sportswear,Crew,women,"Gymshark Training Oversized Boxy Sweatshirt — crew tracked across 1 store. We compare live prices, stock and coupons so you always land on the cheapest active listing.",,,activewear; crew,4.5,185,2356,false,https://cdn.shopify.com/s/files/1/0156/6146/files/TrainingBoxyPulloverGSBlackB7B6C_BB2J_1012.jpg,gymshark-store,40,40,IN STOCK,https://www.gymshark.com/products/gymshark-training-oversized-boxy-sweatshirt-pullovers-black-aw26
PI-0047,gymshark-vital-sweetheart-neck-crop-top,Vital Sweetheart Neck Crop Top,gymshark,sportswear,Crop Top,women,"Gymshark Vital Sweetheart Neck Crop Top — crop top tracked across 1 store. We compare live prices, stock and coupons so you always land on the cheapest active listing.",,,activewear; crop-top,3.6,204,439,true,https://cdn.shopify.com/s/files/1/0156/6146/files/images-VitalSweetheartNeckCropTopBlackMarlB5C9W_BBF3_0599_V1.jpg,gymshark-store,38,38,IN STOCK,https://www.gymshark.com/products/gymshark-vital-sweetheart-neck-crop-top-ls-tops-black-ss26
PI-0048,gymshark-cosy-luxe-straight-leg-regular-joggers,Cosy Luxe Straight Leg Regular Joggers,gymshark,sportswear,Joggers,women,"Gymshark Cosy Luxe Straight Leg Regular Joggers — joggers tracked across 1 store. We compare live prices, stock and coupons so you always land on the cheapest active listing.",,,activewear; joggers,4.3,71,1618,false,https://cdn.shopify.com/s/files/1/0156/6146/files/images-BrushbackFleeceStraightLegJoggerBROSSoftGreyMarlB4C2O_GC3C_2287_V1a.jpg,gymshark-store,56,56,IN STOCK,https://www.gymshark.com/products/gymshark-cosy-luxe-straight-leg-jogger-pants-grey-aw25
PI-0049,gymshark-washed-pastel-baby-tee,Washed Pastel Baby Tee,gymshark,sportswear,Crew Neck,women,"Gymshark Washed Pastel Baby Tee — crew neck tracked across 1 store. We compare live prices, stock and coupons so you always land on the cheapest active listing.",,,activewear; crew-neck,4.8,90,4627,false,https://cdn.shopify.com/s/files/1/0156/6146/files/WashedPastelBabyTeeGSPopTurquoiseWASHB6C2U_TBZZ_0310_V2.jpg,gymshark-store,38,38,IN STOCK,https://www.gymshark.com/products/gymshark-washed-pastel-baby-tee-ss-tops-teal-ss26
PI-0050,gymshark-twist-front-sports-bra,Twist Front Sports Bra,gymshark,sportswear,Scoop Neck,women,"Gymshark Twist Front Sports Bra — scoop neck tracked across 1 store. We compare live prices, stock and coupons so you always land on the cheapest active listing.",,,activewear; scoop-neck,4,232,5051,false,https://cdn.shopify.com/s/files/1/0156/6146/files/images-MediumSupportTwistFrontSportsBraGSBlackB5C6A_BB2J_0344_V1.jpg,gymshark-store,40,40,IN STOCK,https://www.gymshark.com/products/gymshark-twist-front-sports-bra-sports-bras-black-ss26
PI-0051,gymshark-lift-seamless-high-rise-shorts,Lift Seamless High-Rise Shorts,gymshark,sportswear,Tight,women,"Gymshark Lift Seamless High-Rise Shorts — tight tracked across 1 store. We compare live prices, stock and coupons so you always land on the cheapest active listing.",,,activewear; tight,4.9,213,3240,false,https://cdn.shopify.com/s/files/1/0156/6146/files/images-LiftSeamlessShortsGSCalmPinkB6A8I_KCPD_6530_V2.jpg,gymshark-store,50,50,IN STOCK,https://www.gymshark.com/products/gymshark-lift-seamless-shorts-shorts-pink-ss26
PI-0052,gymshark-soft-sculpt-zip-up-jacket,Soft Sculpt Zip Up Jacket,gymshark,sportswear,Track Top,women,"Gymshark Soft Sculpt Zip Up Jacket — track top tracked across 1 store. We compare live prices, stock and coupons so you always land on the cheapest active listing.",,,activewear; track-top,4.4,194,7509,false,https://cdn.shopify.com/s/files/1/0156/6146/files/images-B2C9G_BB2J_1.jpg,gymshark-store,66,66,IN STOCK,https://www.gymshark.com/products/gymshark-soft-sculpt-zip-up-jacket-black-ss25
PI-0053,gymshark-featherform-tank,FeatherForm Tank,gymshark,sportswear,Tanks,women,"Gymshark FeatherForm Tank — tanks tracked across 1 store. We compare live prices, stock and coupons so you always land on the cheapest active listing.",Tan,,activewear; tanks,3.9,175,2058,false,https://cdn.shopify.com/s/files/1/0156/6146/files/images-40GGPerfectTankGSSoftWhiteB5C7U_WCMY_0818_V1.jpg,gymshark-store,44,44,IN STOCK,https://www.gymshark.com/products/gymshark-bareform-tank-sleeveless-tops-white-ss26
PI-0054,gymshark-vital-seamless-shorts,Vital Seamless Shorts,gymshark,sportswear,Tight,women,"Gymshark Vital Seamless Shorts — tight tracked across 1 store. We compare live prices, stock and coupons so you always land on the cheapest active listing.",,,activewear; tight,4.8,156,3497,false,https://cdn.shopify.com/s/files/1/0156/6146/files/images-VitalSeamless2_0ShortsBlackMarlB1A4J_BBF3_0941_V1.jpg,gymshark-store,40,40,IN STOCK,https://www.gymshark.com/products/gymshark-vital-seamless-shorts-black-marl-logo
PI-0055,gymshark-soft-sculpt-shorts,Soft Sculpt Shorts,gymshark,sportswear,Tight,women,"Gymshark Soft Sculpt Shorts — tight tracked across 1 store. We compare live prices, stock and coupons so you always land on the cheapest active listing.",,,activewear; tight,4.3,137,4484,false,https://cdn.shopify.com/s/files/1/0156/6146/files/SoftSculptShortsGSBlackB3B7N-BB2J-2133_A_77d0808f-5c4d-47fc-93a5-4acfeca2412f.jpg,gymshark-store,44,44,IN STOCK,https://www.gymshark.com/products/gymshark-soft-sculpt-shorts-black-ss25
PI-0056,gymshark-training-oversized-boxy-sweatshirt-purple,Training Oversized Boxy Sweatshirt (Purple),gymshark,sportswear,Crew,women,"Gymshark Training Oversized Boxy Sweatshirt (Purple) — crew tracked across 1 store. We compare live prices, stock and coupons so you always land on the cheapest active listing.",Purple,,activewear; crew,3.8,118,5473,false,https://cdn.shopify.com/s/files/1/0156/6146/files/TrainingBoxyPulloverGSCherryPurpleB7B6C_PCDS_05611.jpg,gymshark-store,40,40,IN STOCK,https://www.gymshark.com/products/gymshark-training-oversized-boxy-sweatshirt-pullovers-purple-aw26
PI-0057,gymshark-lift-seamless-tank-with-shelf,Lift Seamless Tank with Shelf,gymshark,sportswear,Sleeveless,women,"Gymshark Lift Seamless Tank with Shelf — sleeveless tracked across 1 store. We compare live prices, stock and coupons so you always land on the cheapest active listing.",Tan,,activewear; sleeveless,4.7,99,4970,false,https://cdn.shopify.com/s/files/1/0156/6146/files/images-LiftSeamlessMidiTankwithShelfGSBlackGSBlackMarlB6B8Q_BCPV_0934_V2.jpg,gymshark-store,44,44,IN STOCK,https://www.gymshark.com/products/gymshark-lift-seamless-tank-with-shelf-sleeveless-tops-black-ss26
PI-0058,gymshark-cosy-luxe-hoodie,Cosy Luxe Hoodie,gymshark,sportswear,Hoodie,women,"Gymshark Cosy Luxe Hoodie — hoodie tracked across 1 store. We compare live prices, stock and coupons so you always land on the cheapest active listing.",,,activewear; hoodie,4.2,80,6899,false,https://cdn.shopify.com/s/files/1/0156/6146/files/images-BrushedBackFleeceFullLengthHoodieBROSSoftGreyMarlB5B5O_GC3C_2548_V1.jpg,gymshark-store,60,60,IN STOCK,https://www.gymshark.com/products/gymshark-cosy-luxe-hoodie-pullovers-grey-aw25
PI-0059,gymshark-flutter-woven-shorts,Flutter Woven Shorts,gymshark,sportswear,Loose,women,"Gymshark Flutter Woven Shorts — loose tracked across 1 store. We compare live prices, stock and coupons so you always land on the cheapest active listing.",,,activewear; loose,3.7,61,6656,false,https://cdn.shopify.com/s/files/1/0156/6146/files/images-NewFlutterWovenShortGSBlackB6B3T_BB2J_0005.jpg,gymshark-store,44,44,IN STOCK,https://www.gymshark.com/products/gymshark-flutter-woven-short-shorts
PI-0060,gymshark-blush-seamless-light-support-sports-bra,Blush Seamless Light Support Sports Bra,gymshark,sportswear,Square Neck,women,"Gymshark Blush Seamless Light Support Sports Bra — square neck tracked across 1 store. We compare live prices, stock and coupons so you always land on the cheapest active listing.",,,activewear; square-neck,3.9,107,4768,false,https://cdn.shopify.com/s/files/1/0156/6146/files/AuraSeamlessOmbreBlurredSportsBraGSFocusPinkGSSorbetYellowB6B7E_KDHQ_0350.jpg,gymshark-store,44,44,IN STOCK,https://www.gymshark.com/products/gymshark-blush-seamless-light-support-sports-bra-sports-bras-pink-ss26-b6b7e-kdhq
PI-0061,columbia-timber-meadow-mtr-fleece-half-zip-women-s,Timber Meadow MTR Fleece Half-Zip - Women's,columbia,clothing,Outerwear,women,"Columbia Timber Meadow MTR Fleece Half-Zip - Women's — outerwear tracked across 1 store. We compare live prices, stock and coupons so you always land on the cheapest active listing.",,,jackets; outerwear,4.8,88,4781,false,https://www.rei.com/media/product/C09062,rei,60,60,IN STOCK,https://www.rei.com/product/C09062/columbia-timber-meadow-mtr-fleece-half-zip-womens
PI-0062,columbia-hikebound-ii-rain-jacket-women-s,Hikebound II Rain Jacket - Women's,columbia,clothing,Outerwear,women,"Columbia Hikebound II Rain Jacket - Women's — outerwear tracked across 1 store. We compare live prices, stock and coupons so you always land on the cheapest active listing.",,,jackets; outerwear,4.9,145,4158,true,https://www.rei.com/media/product/237288,rei,90,90,IN STOCK,https://www.rei.com/product/237288/columbia-hikebound-ii-rain-jacket-womens
PI-0063,columbia-hikebound-ii-jacket-men-s,Hikebound II Jacket - Men's,columbia,mens-clothing,Outerwear,men,"Columbia Hikebound II Jacket - Men's — outerwear tracked across 1 store. We compare live prices, stock and coupons so you always land on the cheapest active listing.",,,jackets; outerwear,4.4,126,5491,false,https://www.rei.com/media/product/236413,rei,59.93,90,IN STOCK,https://www.rei.com/product/236413/columbia-hikebound-ii-jacket-mens
PI-0064,columbia-spirevalley-cropped-wind-jacket-women-s,SpireValley Cropped Wind Jacket - Women's,columbia,clothing,Outerwear,women,"Columbia SpireValley Cropped Wind Jacket - Women's — outerwear tracked across 1 store. We compare live prices, stock and coupons so you always land on the cheapest active listing.",,,jackets; outerwear,4.5,183,332,false,https://www.rei.com/media/product/244367,rei,48.93,70,IN STOCK,https://www.rei.com/product/244367/columbia-spirevalley-cropped-wind-jacket-womens
PI-0065,columbia-hikebound-ii-long-jacket-women-s,Hikebound II Long Jacket - Women's,columbia,clothing,Outerwear,women,"Columbia Hikebound II Long Jacket - Women's — outerwear tracked across 1 store. We compare live prices, stock and coupons so you always land on the cheapest active listing.",,,jackets; outerwear,4,164,7521,false,https://www.rei.com/media/product/251514,rei,100,100,IN STOCK,https://www.rei.com/product/251514/columbia-hikebound-ii-long-jacket-womens
PI-0066,columbia-benton-springs-full-zip-fleece-jacket-women-s,Benton Springs Full-Zip Fleece Jacket - Women's,columbia,clothing,Outerwear,women,"Columbia Benton Springs Full-Zip Fleece Jacket - Women's — outerwear tracked across 1 store. We compare live prices, stock and coupons so you always land on the cheapest active listing.",,,jackets; outerwear,4.1,221,7362,false,https://www.rei.com/media/product/194258,rei,31.83,65,IN STOCK,https://www.rei.com/product/194258/columbia-benton-springs-full-zip-fleece-jacket-womens
PI-0067,columbia-iris-canyon-2-in-1-adapt-jacket-women-s,Iris Canyon 2-in-1 Adapt Jacket - Women's,columbia,clothing,Outerwear,women,"Columbia Iris Canyon 2-in-1 Adapt Jacket - Women's — outerwear tracked across 1 store. We compare live prices, stock and coupons so you always land on the cheapest active listing.",,,jackets; outerwear,3.6,202,3337,false,https://www.rei.com/media/product/C04614,rei,69.93,100,IN STOCK,https://www.rei.com/product/C04614/columbia-iris-canyon-2-in-1-adapt-jacket-womens
PI-0068,columbia-watertight-ii-jacket-boys,Watertight II Jacket - Boys',columbia,clothing,Outerwear,unisex,"Columbia Watertight II Jacket - Boys' — outerwear tracked across 1 store. We compare live prices, stock and coupons so you always land on the cheapest active listing.",,,jackets; outerwear,4.1,155,6520,false,https://www.rei.com/media/product/234831,rei,65,80,IN STOCK,https://www.rei.com/product/234831/columbia-watertight-ii-jacket-boys
PI-0069,columbia-ampli-dry-ii-shell-jacket-women-s,Ampli-Dry II Shell Jacket - Women's,columbia,clothing,Outerwear,women,"Columbia Ampli-Dry II Shell Jacket - Women's — outerwear tracked across 1 store. We compare live prices, stock and coupons so you always land on the cheapest active listing.",,,jackets; outerwear,3.6,136,1829,true,https://www.rei.com/media/product/C10588,rei,119.73,160,IN STOCK,https://www.rei.com/product/C10588/columbia-ampli-dry-ii-shell-jacket-womens
PI-0070,columbia-trailborne-wind-jacket-men-s,Trailborne Wind Jacket - Men's,columbia,mens-clothing,Outerwear,men,"Columbia Trailborne Wind Jacket - Men's — outerwear tracked across 1 store. We compare live prices, stock and coupons so you always land on the cheapest active listing.",,,jackets; outerwear,4,98,3649,false,https://www.rei.com/media/product/C02987,rei,69.93,100,IN STOCK,https://www.rei.com/product/C02987/columbia-trailborne-wind-jacket-mens
PI-0071,columbia-explorers-edge-ii-insulated-jacket-women-s,Explorers Edge II Insulated Jacket - Women's,columbia,clothing,Outerwear,women,"Columbia Explorers Edge II Insulated Jacket - Women's — outerwear tracked across 1 store. We compare live prices, stock and coupons so you always land on the cheapest active listing.",,,jackets; outerwear,4.5,117,6950,true,https://www.rei.com/media/product/C10589,rei,149.73,200,IN STOCK,https://www.rei.com/product/C10589/columbia-explorers-edge-ii-insulated-jacket-womens
PI-0072,columbia-steens-mt-ii-fleece-jacket-boys,Steens Mt II Fleece Jacket - Boys',columbia,clothing,Outerwear,unisex,"Columbia Steens Mt II Fleece Jacket - Boys' — outerwear tracked across 1 store. We compare live prices, stock and coupons so you always land on the cheapest active listing.",,,jackets; outerwear,4.4,60,1127,false,https://www.rei.com/media/product/112116,rei,45,45,IN STOCK,https://www.rei.com/product/112116/columbia-steens-mt-ii-fleece-jacket-boys
PI-0073,columbia-fire-side-ii-sherpa-fleece-full-zip-jacket-women-s,Fire Side II Sherpa Fleece Full-Zip Jacket - Women's,columbia,clothing,Outerwear,women,"Columbia Fire Side II Sherpa Fleece Full-Zip Jacket - Women's — outerwear tracked across 1 store. We compare live prices, stock and coupons so you always land on the cheapest active listing.",,,jackets; outerwear,4.9,79,4748,false,https://www.rei.com/media/product/C13003,rei,64.73,85,IN STOCK,https://www.rei.com/product/C13003/columbia-fire-side-ii-sherpa-fleece-full-zip-jacket-womens
PI-0074,columbia-northwest-explorer-3l-shell-jacket-men-s,Northwest Explorer 3L Shell Jacket - Men's,columbia,mens-clothing,Outerwear,men,"Columbia Northwest Explorer 3L Shell Jacket - Men's — outerwear tracked across 1 store. We compare live prices, stock and coupons so you always land on the cheapest active listing.",,,jackets; outerwear,4.8,222,7099,true,https://www.rei.com/media/product/C10584,rei,139.73,220,IN STOCK,https://www.rei.com/product/C10584/columbia-northwest-explorer-3l-shell-jacket-mens
PI-0075,columbia-pike-lake-ii-hooded-insulated-jacket-kids,Pike Lake II Hooded Insulated Jacket - Kids',columbia,clothing,Outerwear,unisex,"Columbia Pike Lake II Hooded Insulated Jacket - Kids' — outerwear tracked across 1 store. We compare live prices, stock and coupons so you always land on the cheapest active listing.",,,jackets; outerwear,3.9,41,1798,false,https://www.rei.com/media/product/234827,rei,100,100,IN STOCK,https://www.rei.com/product/234827/columbia-pike-lake-ii-hooded-insulated-jacket-kids
PI-0076,columbia-arcadia-ii-jacket-girls,Arcadia II Jacket - Girls',columbia,clothing,Outerwear,unisex,"Columbia Arcadia II Jacket - Girls' — outerwear tracked across 1 store. We compare live prices, stock and coupons so you always land on the cheapest active listing.",,,jackets; outerwear,3.8,184,1435,false,https://www.rei.com/media/product/234832,rei,65,80,IN STOCK,https://www.rei.com/product/234832/columbia-arcadia-ii-jacket-girls
PI-0077,columbia-hikebound-ii-jacket-boys,Hikebound II Jacket - Boys',columbia,clothing,Outerwear,unisex,"Columbia Hikebound II Jacket - Boys' — outerwear tracked across 1 store. We compare live prices, stock and coupons so you always land on the cheapest active listing.",,,jackets; outerwear,4.3,203,1672,false,https://www.rei.com/media/product/251447,rei,70,70,IN STOCK,https://www.rei.com/product/251447/columbia-hikebound-ii-jacket-boys
PI-0078,columbia-mountain-croo-iii-mid-down-jacket-women-s,Mountain Croo III Mid Down Jacket - Women's,columbia,clothing,Outerwear,women,"Columbia Mountain Croo III Mid Down Jacket - Women's — outerwear tracked across 1 store. We compare live prices, stock and coupons so you always land on the cheapest active listing.",,,jackets; outerwear,3.8,50,5593,false,https://www.rei.com/media/product/251727,rei,209.73,280,IN STOCK,https://www.rei.com/product/251727/columbia-mountain-croo-iii-mid-down-jacket-womens
PI-0079,columbia-northwest-explorer-3l-shell-jacket-women-s,Northwest Explorer 3L Shell Jacket - Women's,columbia,clothing,Outerwear,women,"Columbia Northwest Explorer 3L Shell Jacket - Women's — outerwear tracked across 1 store. We compare live prices, stock and coupons so you always land on the cheapest active listing.",,,jackets; outerwear,4.3,69,190,false,https://www.rei.com/media/product/C10590,rei,139.73,220,IN STOCK,https://www.rei.com/product/C10590/columbia-northwest-explorer-3l-shell-jacket-womens
PI-0080,columbia-trailborne-insulated-jacket-women-s,Trailborne Insulated Jacket - Women's,columbia,clothing,Outerwear,women,"Columbia Trailborne Insulated Jacket - Women's — outerwear tracked across 1 store. We compare live prices, stock and coupons so you always land on the cheapest active listing.",,,jackets; outerwear,4.7,195,4058,false,https://www.rei.com/media/product/C08941,rei,230,230,IN STOCK,https://www.rei.com/product/C08941/columbia-trailborne-insulated-jacket-womens
PI-0081,the-north-face-antora-rain-hoodie-women-s,Antora Rain Hoodie - Women's,the-north-face,clothing,Outerwear,women,"The North Face Antora Rain Hoodie - Women's — outerwear tracked across 1 store. We compare live prices, stock and coupons so you always land on the cheapest active listing.",,,jackets; outerwear,3.8,214,4415,false,https://www.rei.com/media/product/201850,rei,98.93,140,IN STOCK,https://www.rei.com/product/201850/the-north-face-antora-rain-hoodie-womens
PI-0082,the-north-face-antora-rain-hoodie-men-s,Antora Rain Hoodie - Men's,the-north-face,mens-clothing,Outerwear,men,"The North Face Antora Rain Hoodie - Men's — outerwear tracked across 1 store. We compare live prices, stock and coupons so you always land on the cheapest active listing.",,,jackets; outerwear,4.3,233,1500,false,https://www.rei.com/media/product/236395,rei,97.93,140,IN STOCK,https://www.rei.com/product/236395/the-north-face-antora-rain-hoodie-mens
PI-0083,the-north-face-hydrenalite-down-hoodie-women-s,Hydrenalite Down Hoodie - Women's,the-north-face,clothing,Outerwear,women,"The North Face Hydrenalite Down Hoodie - Women's — outerwear tracked across 1 store. We compare live prices, stock and coupons so you always land on the cheapest active listing.",,,jackets; outerwear,4.8,52,3417,false,https://www.rei.com/media/product/194886,rei,109.83,250,IN STOCK,https://www.rei.com/product/194886/the-north-face-hydrenalite-down-hoodie-womens
PI-0084,the-north-face-yumiori-off-peak-full-zip-jacket-women-s,Yumiori Off Peak Full-Zip Jacket - Women's,the-north-face,clothing,Outerwear,women,"The North Face Yumiori Off Peak Full-Zip Jacket - Women's — outerwear tracked across 1 store. We compare live prices, stock and coupons so you always land on the cheapest active listing.",,,jackets; outerwear,3.9,71,6294,false,https://www.rei.com/media/product/C00697,rei,105.93,150,IN STOCK,https://www.rei.com/product/C00697/the-north-face-yumiori-off-peak-full-zip-jacket-womens
PI-0085,the-north-face-alta-vista-rain-jacket-women-s,Alta Vista Rain Jacket - Women's,the-north-face,clothing,Outerwear,women,"The North Face Alta Vista Rain Jacket - Women's — outerwear tracked across 1 store. We compare live prices, stock and coupons so you always land on the cheapest active listing.",,,jackets; outerwear,4.4,90,7525,false,https://www.rei.com/media/product/242819,rei,112.93,160,IN STOCK,https://www.rei.com/product/242819/the-north-face-alta-vista-rain-jacket-womens
PI-0086,the-north-face-alta-vista-rain-jacket-men-s,Alta Vista Rain Jacket - Men's,the-north-face,mens-clothing,Outerwear,men,"The North Face Alta Vista Rain Jacket - Men's — outerwear tracked across 1 store. We compare live prices, stock and coupons so you always land on the cheapest active listing.",,,jackets; outerwear,4.9,109,3320,true,https://www.rei.com/media/product/236398,rei,111.93,160,IN STOCK,https://www.rei.com/product/236398/the-north-face-alta-vista-rain-jacket-mens
PI-0087,the-north-face-yumiori-off-peak-half-zip-jacket-women-s,Yumiori Off Peak Half-Zip Jacket - Women's,the-north-face,clothing,Outerwear,women,"The North Face Yumiori Off Peak Half-Zip Jacket - Women's — outerwear tracked across 1 store. We compare live prices, stock and coupons so you always land on the cheapest active listing.",,,jackets; outerwear,4,128,5131,false,https://www.rei.com/media/product/C00698,rei,98.93,140,IN STOCK,https://www.rei.com/product/C00698/the-north-face-yumiori-off-peak-half-zip-jacket-womens
PI-0088,the-north-face-retro-denali-jacket-men-s,Retro Denali Jacket - Men's,the-north-face,mens-clothing,Outerwear,men,"The North Face Retro Denali Jacket - Men's — outerwear tracked across 1 store. We compare live prices, stock and coupons so you always land on the cheapest active listing.",,,jackets; outerwear,4.9,43,2670,false,https://www.rei.com/media/product/236515,rei,139.93,200,IN STOCK,https://www.rei.com/product/236515/the-north-face-retro-denali-jacket-mens
PI-0089,the-north-face-tnf-range-down-hooded-jacket-women-s,TNF Range Down Hooded Jacket - Women's,the-north-face,clothing,Outerwear,women,"The North Face TNF Range Down Hooded Jacket - Women's — outerwear tracked across 1 store. We compare live prices, stock and coupons so you always land on the cheapest active listing.",,,jackets; outerwear,4,62,8103,false,https://www.rei.com/media/product/C11889,rei,259.73,350,IN STOCK,https://www.rei.com/product/C11889/the-north-face-tnf-range-down-hooded-jacket-womens
PI-0090,the-north-face-tek-approach-jacket-men-s,Tek Approach Jacket - Men's,the-north-face,mens-clothing,Outerwear,men,"The North Face Tek Approach Jacket - Men's — outerwear tracked across 1 store. We compare live prices, stock and coupons so you always land on the cheapest active listing.",,,jackets; outerwear,4.6,204,1993,false,https://www.rei.com/media/product/243267,rei,111.93,160,IN STOCK,https://www.rei.com/product/243267/the-north-face-tek-approach-jacket-mens
PI-0091,the-north-face-tek-approach-jacket-women-s,Tek Approach Jacket - Women's,the-north-face,clothing,Outerwear,women,"The North Face Tek Approach Jacket - Women's — outerwear tracked across 1 store. We compare live prices, stock and coupons so you always land on the cheapest active listing.",,,jackets; outerwear,4.1,185,740,true,https://www.rei.com/media/product/242899,rei,112.93,160,IN STOCK,https://www.rei.com/product/242899/the-north-face-tek-approach-jacket-womens
PI-0092,the-north-face-antora-rain-jacket-girls,Antora Rain Jacket - Girls',the-north-face,clothing,Outerwear,unisex,"The North Face Antora Rain Jacket - Girls' — outerwear tracked across 1 store. We compare live prices, stock and coupons so you always land on the cheapest active listing.",,,jackets; outerwear,3.6,166,559,false,https://www.rei.com/media/product/234909,rei,69.93,100,IN STOCK,https://www.rei.com/product/234909/the-north-face-antora-rain-jacket-girls
PI-0093,the-north-face-cedar-trail-grid-fleece-quarter-zip-pullover-men-s,Cedar Trail Grid Fleece Quarter-Zip Pullover - Men's,the-north-face,mens-clothing,Outerwear,men,"The North Face Cedar Trail Grid Fleece Quarter-Zip Pullover - Men's — outerwear tracked across 1 store. We compare live prices, stock and coupons so you always land on the cheapest active listing.",,,jackets; outerwear,4.5,147,5798,false,https://www.rei.com/media/product/243114,rei,59.93,80,IN STOCK,https://www.rei.com/product/243114/the-north-face-cedar-trail-grid-fleece-quarter-zip-pullover-mens
PI-0094,the-north-face-thermoball-hooded-jacket-kids,ThermoBall Hooded Jacket - Kids',the-north-face,clothing,Outerwear,unisex,"The North Face ThermoBall Hooded Jacket - Kids' — outerwear tracked across 1 store. We compare live prices, stock and coupons so you always land on the cheapest active listing.",,,jackets; outerwear,3.8,80,1557,false,https://www.rei.com/media/product/251335,rei,69.83,150,IN STOCK,https://www.rei.com/product/251335/the-north-face-thermoball-hooded-jacket-kids
PI-0095,the-north-face-valley-view-jacket-men-s,Valley View Jacket - Men's,the-north-face,mens-clothing,Outerwear,men,"The North Face Valley View Jacket - Men's — outerwear tracked across 1 store. We compare live prices, stock and coupons so you always land on the cheapest active listing.",,,jackets; outerwear,4.7,61,4520,true,https://www.rei.com/media/product/C01568,rei,209.93,300,IN STOCK,https://www.rei.com/product/C01568/the-north-face-valley-view-jacket-mens
PI-0096,the-north-face-reversible-perrito-hooded-insulated-jacket-boys,Reversible Perrito Hooded Insulated Jacket - Boys',the-north-face,clothing,Outerwear,unisex,"The North Face Reversible Perrito Hooded Insulated Jacket - Boys' — outerwear tracked across 1 store. We compare live prices, stock and coupons so you always land on the cheapest active listing.",,,jackets; outerwear,4.2,42,251,false,https://www.rei.com/media/product/246677,rei,90.93,130,IN STOCK,https://www.rei.com/product/246677/the-north-face-reversible-perrito-hooded-insulated-jacket-boys
PI-0097,the-north-face-thermoball-hooded-insulated-jacket-kids,ThermoBall Hooded Insulated Jacket - Kids',the-north-face,clothing,Outerwear,unisex,"The North Face ThermoBall Hooded Insulated Jacket - Kids' — outerwear tracked across 1 store. We compare live prices, stock and coupons so you always land on the cheapest active listing.",,,jackets; outerwear,3.7,223,5766,true,https://www.rei.com/media/product/C11851,rei,99.73,140,IN STOCK,https://www.rei.com/product/C11851/the-north-face-thermoball-hooded-insulated-jacket-kids
PI-0098,the-north-face-lhotse-lt-insulated-jacket-women-s,Lhotse LT Insulated Jacket - Women's,the-north-face,clothing,Outerwear,women,"The North Face Lhotse LT Insulated Jacket - Women's — outerwear tracked across 1 store. We compare live prices, stock and coupons so you always land on the cheapest active listing.",,,jackets; outerwear,4.8,52,5599,false,https://www.rei.com/media/product/C07130,rei,190,190,IN STOCK,https://www.rei.com/product/C07130/the-north-face-lhotse-lt-insulated-jacket-womens
PI-0099,the-north-face-hikesteller-parka-women-s,Hikesteller Parka - Women's,the-north-face,clothing,Outerwear,women,"The North Face Hikesteller Parka - Women's — outerwear tracked across 1 store. We compare live prices, stock and coupons so you always land on the cheapest active listing.",,,jackets; outerwear,4.3,233,3348,false,https://www.rei.com/media/product/C01557,rei,161.93,230,IN STOCK,https://www.rei.com/product/C01557/the-north-face-hikesteller-parka-womens
PI-0100,the-north-face-quest-mono-jacket-women-s,Quest Mono Jacket - Women's,the-north-face,clothing,Outerwear,women,"The North Face Quest Mono Jacket - Women's — outerwear tracked across 1 store. We compare live prices, stock and coupons so you always land on the cheapest active listing.",,,jackets; outerwear,4.6,62,1617,false,https://www.rei.com/media/product/C07134,rei,140,140,IN STOCK,https://www.rei.com/product/C07134/the-north-face-quest-mono-jacket-womens
PI-0101,ralph-lauren-polo-black-eau-de-toilette-spray,Polo Black Eau de Toilette Spray,ralph-lauren,beauty,Fragrance,unisex,"Ralph Lauren Polo Black Eau de Toilette Spray — fragrance tracked across 1 store. We compare live prices, stock and coupons so you always land on the cheapest active listing.",Black,,fragrance; fragrance,4.1,43,4858,false,https://n.nordstrommedia.com/it/939790c6-1af1-4205-97a9-070a590c52a8.jpeg,nordstrom-rack,84,84,IN STOCK,https://www.nordstromrack.com/s/ralph-lauren-polo-black-eau-de-toilette-spray/7622288
PI-0102,ralph-lauren-3-pack-slim-fit-crewneck-t-shirt,3-Pack Slim Fit Crewneck T-Shirt,ralph-lauren,mens-clothing,T-Shirts,men,"Ralph Lauren 3-Pack Slim Fit Crewneck T-Shirt — t-shirts tracked across 1 store. We compare live prices, stock and coupons so you always land on the cheapest active listing.",,,t-shirts; t-shirts,4.2,100,439,false,https://n.nordstrommedia.com/it/e9eae822-5ab1-403d-9173-9ed98c8eb4f5.jpeg,nordstrom-rack,34.98,55,IN STOCK,https://www.nordstromrack.com/s/3-pack-slim-fit-crewneck-t-shirt/6589287
PI-0103,ralph-lauren-floral-mesh-polo,Floral Mesh Polo,ralph-lauren,mens-clothing,Polos,men,"Ralph Lauren Floral Mesh Polo — polos tracked across 1 store. We compare live prices, stock and coupons so you always land on the cheapest active listing.",Floral,,polos; polos,3.7,81,2300,true,https://n.nordstrommedia.com/it/e9eae822-5ab1-403d-9173-9ed98c8eb4f5.jpeg,nordstrom-rack,41.96,125,IN STOCK,https://www.nordstromrack.com/s/polo-ralph-lauren-floral-mesh-polo/7622288
PI-0104,ralph-lauren-sailboat-print-camp-shirt,Sailboat Print Camp Shirt,ralph-lauren,mens-clothing,Shirts,men,"Ralph Lauren Sailboat Print Camp Shirt — shirts tracked across 1 store. We compare live prices, stock and coupons so you always land on the cheapest active listing.",,,shirts; shirts,3.8,138,645,false,https://n.nordstrommedia.com/it/7b1f43c9-3028-4654-949a-8d821b00af4b.jpeg,nordstrom-rack,56.22,168,IN STOCK,https://www.nordstromrack.com/s/sailboat-print-camp-shirt/7785944
PI-0105,ralph-lauren-stripe-cutoff-denim-carpenter-shorts,Stripe Cutoff Denim Carpenter Shorts,ralph-lauren,mens-clothing,Shorts,men,"Ralph Lauren Stripe Cutoff Denim Carpenter Shorts — shorts tracked across 1 store. We compare live prices, stock and coupons so you always land on the cheapest active listing.",Denim,,shorts; shorts,4.7,119,7034,false,https://n.nordstrommedia.com/it/6b0b0eb2-9e1b-4368-819a-c8da31c6266f.jpeg,nordstrom-rack,64.98,148,IN STOCK,https://www.nordstromrack.com/s/stripe-cutoff-denim-carpenter-shorts/7819386
PI-0106,ralph-lauren-sullivan-slim-tapered-leg-knit-pants,Sullivan Slim Tapered Leg Knit Pants,ralph-lauren,mens-clothing,Pants,men,"Ralph Lauren Sullivan Slim Tapered Leg Knit Pants — pants tracked across 1 store. We compare live prices, stock and coupons so you always land on the cheapest active listing.",Red,,pants; pants,4.8,176,3499,false,https://n.nordstrommedia.com/it/e4496ad0-5b6e-4e78-af24-4f0c69b99ce7.jpeg,nordstrom-rack,79.98,168,IN STOCK,https://www.nordstromrack.com/s/sullivan-slim-tapered-leg-knit-pants/7845624
PI-0107,ralph-lauren-relaxed-tapered-ankle-jeans,Relaxed Tapered Ankle Jeans,ralph-lauren,clothing,Jeans,women,"Ralph Lauren Relaxed Tapered Ankle Jeans — jeans tracked across 1 store. We compare live prices, stock and coupons so you always land on the cheapest active listing.",Red,,jeans; jeans,4.3,157,1688,false,https://n.nordstrommedia.com/it/a4cf957d-aa42-4596-952e-e11ee37d9677.jpeg,nordstrom-rack,58.48,225,IN STOCK,https://www.nordstromrack.com/s/relaxed-tapered-ankle-jeans/8102798
PI-0108,ralph-lauren-polo-earth-eau-de-toilette-set,Polo Earth Eau de Toilette Set,ralph-lauren,beauty,Fragrance,unisex,"Ralph Lauren Polo Earth Eau de Toilette Set — fragrance tracked across 1 store. We compare live prices, stock and coupons so you always land on the cheapest active listing.",,,fragrance; fragrance,4.8,110,1735,false,https://n.nordstrommedia.com/it/7d222c90-a147-41e3-810a-027c6a6bfc9b.jpeg,nordstrom-rack,52.98,109,IN STOCK,https://www.nordstromrack.com/s/polo-earth-eau-de-toilette-set/8698512
PI-0109,ralph-lauren-mercerized-cotton-sleep-t-shirt,Mercerized Cotton Sleep T-Shirt,ralph-lauren,mens-clothing,Sleepwear,men,"Ralph Lauren Mercerized Cotton Sleep T-Shirt — sleepwear tracked across 1 store. We compare live prices, stock and coupons so you always land on the cheapest active listing.",,,sleepwear; sleepwear,4.3,91,3342,true,https://n.nordstrommedia.com/it/48e063e0-19d2-4822-9ac9-30e278ab6b2d.jpeg,nordstrom-rack,19.98,45,IN STOCK,https://www.nordstromrack.com/s/mercerized-cotton-sleep-t-shirt/8839953
PI-0110,ralph-lauren-classic-fit-plaid-cotton-oxford-button-down-shirt,Classic Fit Plaid Cotton Oxford Button-Down Shirt,ralph-lauren,mens-clothing,Shirts,men,"Ralph Lauren Classic Fit Plaid Cotton Oxford Button-Down Shirt — shirts tracked across 1 store. We compare live prices, stock and coupons so you always land on the cheapest active listing.",,,shirts; shirts,4.9,59,2464,true,https://n.nordstrommedia.com/it/20785696-1c28-4f6d-b295-7883048b948a.jpeg,nordstrom-rack,59.98,125,IN STOCK,https://www.nordstromrack.com/s/classic-fit-plaid-cotton-oxford-button-down-shirt/8840025
PI-0111,ralph-lauren-floral-mesh-polo-2,Floral Mesh Polo (2),ralph-lauren,mens-clothing,Polos,men,"Ralph Lauren Floral Mesh Polo (2) — polos tracked across 1 store. We compare live prices, stock and coupons so you always land on the cheapest active listing.",Floral,,polos; polos,4.4,40,2707,true,https://n.nordstrommedia.com/it/39b44839-801f-4430-bde9-a5558637a4ec.jpeg,nordstrom-rack,41.96,125,IN STOCK,https://www.nordstromrack.com/s/polo-ralph-lauren-floral-mesh-polo/7622288-b
PI-0112,ralph-lauren-sailboat-print-camp-shirt-2,Sailboat Print Camp Shirt (2),ralph-lauren,mens-clothing,Shirts,men,"Ralph Lauren Sailboat Print Camp Shirt (2) — shirts tracked across 1 store. We compare live prices, stock and coupons so you always land on the cheapest active listing.",,,shirts; shirts,4.5,97,2158,false,https://n.nordstrommedia.com/it/10a14b2d-fe76-49b8-834e-7317a943606a.jpeg,nordstrom-rack,56.22,168,IN STOCK,https://www.nordstromrack.com/s/sailboat-print-camp-shirt/7785944-b
PI-0113,ralph-lauren-stripe-cutoff-denim-carpenter-shorts-2,Stripe Cutoff Denim Carpenter Shorts (2),ralph-lauren,mens-clothing,Shorts,men,"Ralph Lauren Stripe Cutoff Denim Carpenter Shorts (2) — shorts tracked across 1 store. We compare live prices, stock and coupons so you always land on the cheapest active listing.",Denim,,shorts; shorts,4,78,5517,false,https://n.nordstrommedia.com/it/e156f439-8708-40b6-aabc-a3b5588a1151.jpeg,nordstrom-rack,64.98,148,IN STOCK,https://www.nordstromrack.com/s/stripe-cutoff-denim-carpenter-shorts/7819386-b
PI-0114,ralph-lauren-sullivan-slim-tapered-leg-knit-pants-2,Sullivan Slim Tapered Leg Knit Pants (2),ralph-lauren,mens-clothing,Pants,men,"Ralph Lauren Sullivan Slim Tapered Leg Knit Pants (2) — pants tracked across 1 store. We compare live prices, stock and coupons so you always land on the cheapest active listing.",Red,,pants; pants,4.1,135,1692,false,https://n.nordstrommedia.com/it/79ac1dca-2094-4d7d-941d-38fd46ff90b4.jpeg,nordstrom-rack,79.98,168,IN STOCK,https://www.nordstromrack.com/s/sullivan-slim-tapered-leg-knit-pants/7845624-b
PI-0115,ralph-lauren-stretch-cotton-rib-triangle-bralette,Stretch Cotton Rib Triangle Bralette,ralph-lauren,clothing,Intimates,women,"Ralph Lauren Stretch Cotton Rib Triangle Bralette — intimates tracked across 1 store. We compare live prices, stock and coupons so you always land on the cheapest active listing.",,,intimates; intimates,3.6,116,2399,true,https://n.nordstrommedia.com/it/2db93b35-f4cd-4258-9642-0bf233dcdaa0.jpeg,nordstrom-rack,39.98,68,IN STOCK,https://www.nordstromrack.com/s/stretch-cotton-rib-triangle-bralette/7904411
PI-0116,ralph-lauren-classic-fit-plaid-cotton-oxford-button-down-shirt-2,Classic Fit Plaid Cotton Oxford Button-Down Shirt (2),ralph-lauren,mens-clothing,Shirts,men,"Ralph Lauren Classic Fit Plaid Cotton Oxford Button-Down Shirt (2) — shirts tracked across 1 store. We compare live prices, stock and coupons so you always land on the cheapest active listing.",,,shirts; shirts,3.7,173,5298,false,https://n.nordstrommedia.com/it/07641611-a612-41dd-9431-fe01cde229fd.jpeg,nordstrom-rack,59.98,125,IN STOCK,https://www.nordstromrack.com/s/classic-fit-plaid-cotton-oxford-button-down-shirt/8031236
PI-0117,ralph-lauren-classic-fit-plaid-cotton-twill-button-down-shirt,Classic Fit Plaid Cotton Twill Button-Down Shirt,ralph-lauren,mens-clothing,Shirts,men,"Ralph Lauren Classic Fit Plaid Cotton Twill Button-Down Shirt — shirts tracked across 1 store. We compare live prices, stock and coupons so you always land on the cheapest active listing.",,,shirts; shirts,4.6,154,7895,false,https://n.nordstrommedia.com/it/a4cf957d-aa42-4596-952e-e11ee37d9677.jpeg,nordstrom-rack,59.98,125,IN STOCK,https://www.nordstromrack.com/s/classic-fit-plaid-cotton-twill-button-down-shirt/8102798
PI-0118,ralph-lauren-kids-floral-smocked-romper,Kids' Floral Smocked Romper,ralph-lauren,kids-clothing,Kids,unisex,"Ralph Lauren Kids' Floral Smocked Romper — kids tracked across 1 store. We compare live prices, stock and coupons so you always land on the cheapest active listing.",Floral,,kids; kids,3.7,107,520,false,https://n.nordstrommedia.com/it/7d222c90-a147-41e3-810a-027c6a6bfc9b.jpeg,nordstrom-rack,23.98,85,IN STOCK,https://www.nordstromrack.com/s/kids-floral-smocked-romper/8698512
PI-0119,ralph-lauren-rustic-twill-cargo-pants,Rustic Twill Cargo Pants,ralph-lauren,mens-clothing,Pants,men,"Ralph Lauren Rustic Twill Cargo Pants — pants tracked across 1 store. We compare live prices, stock and coupons so you always land on the cheapest active listing.",,,pants; pants,4.6,88,3483,false,https://n.nordstrommedia.com/it/48e063e0-19d2-4822-9ac9-30e278ab6b2d.jpeg,nordstrom-rack,84.48,298,IN STOCK,https://www.nordstromrack.com/s/rustic-twill-cargo-pants/8839953
PI-0120,ralph-lauren-wrap-tech-jersey-athletic-joggers,Wrap Tech Jersey Athletic Joggers,ralph-lauren,mens-sportswear,Joggers,men,"Ralph Lauren Wrap Tech Jersey Athletic Joggers — joggers tracked across 1 store. We compare live prices, stock and coupons so you always land on the cheapest active listing.",,,joggers; joggers,4.4,80,3659,true,https://n.nordstrommedia.com/it/20785696-1c28-4f6d-b295-7883048b948a.jpeg,nordstrom-rack,49.99,168,IN STOCK,https://www.nordstromrack.com/s/wrap-tech-jersey-athletic-joggers/8840025
PI-0121,tommy-hilfiger-twill-tailored-suit-separate-pants,Twill Tailored Suit Separate Pants,tommy-hilfiger,mens-clothing,Apparel,men,"Tommy Hilfiger Twill Tailored Suit Separate Pants — apparel tracked across 1 store. We compare live prices, stock and coupons so you always land on the cheapest active listing.",Red,,apparel; apparel,3.9,61,3768,false,https://n.nordstrommedia.com/it/2af9c48d-6da7-4311-ab09-07749efbbc28.jpeg,nordstrom-rack,54.98,95,IN STOCK,https://www.nordstromrack.com/s/tommy-hilfiger-twill-tailored-suit-separate-pants
PI-0122,tommy-hilfiger-crew-neck-lounge-t-shirt,Crew Neck Lounge T-Shirt,tommy-hilfiger,mens-clothing,Apparel,men,"Tommy Hilfiger Crew Neck Lounge T-Shirt — apparel tracked across 1 store. We compare live prices, stock and coupons so you always land on the cheapest active listing.",,,apparel; apparel,4.8,42,5925,false,https://n.nordstrommedia.com/it/d961e9cd-0f51-4c24-a25b-d72071f468a3.jpeg,nordstrom-rack,12.98,24,IN STOCK,https://www.nordstromrack.com/s/tommy-hilfiger-crew-neck-lounge-t-shirt
PI-0123,tommy-hilfiger-fine-sport-sneaker,Fine Sport Sneaker,tommy-hilfiger,shoes,Shoes,women,"Tommy Hilfiger Fine Sport Sneaker — shoes tracked across 1 store. We compare live prices, stock and coupons so you always land on the cheapest active listing.",,,shoes; shoes,4.3,223,7898,false,https://n.nordstrommedia.com/it/2d8a06cb-368b-47df-ad72-12045731e308.jpeg,nordstrom-rack,49.98,79,IN STOCK,https://www.nordstromrack.com/s/tommy-hilfiger-fine-sport-sneaker
PI-0124,tommy-hilfiger-glitter-slide-sandal,Glitter Slide Sandal,tommy-hilfiger,shoes,Shoes,women,"Tommy Hilfiger Glitter Slide Sandal — shoes tracked across 1 store. We compare live prices, stock and coupons so you always land on the cheapest active listing.",,,shoes; shoes,3.8,204,2713,false,https://n.nordstrommedia.com/it/d7aa0a44-2b16-457f-b7f2-59d1ffeb706d.jpeg,nordstrom-rack,29.98,45,IN STOCK,https://www.nordstromrack.com/s/tommy-hilfiger-glitter-slide-sandal
PI-0125,tommy-hilfiger-anni-slip-on-sneaker,Anni Slip-On Sneaker,tommy-hilfiger,shoes,Shoes,women,"Tommy Hilfiger Anni Slip-On Sneaker — shoes tracked across 1 store. We compare live prices, stock and coupons so you always land on the cheapest active listing.",,,shoes; shoes,4.7,185,6044,false,https://n.nordstrommedia.com/it/ff7d13ce-bca4-45df-9c37-4d77ac1b1c92.jpeg,nordstrom-rack,39.98,65,IN STOCK,https://www.nordstromrack.com/s/tommy-hilfiger-anni-slip-on-sneaker
PI-0126,tommy-hilfiger-lezari-slip-on-sneaker,Lezari Slip-On Sneaker,tommy-hilfiger,shoes,Shoes,women,"Tommy Hilfiger Lezari Slip-On Sneaker — shoes tracked across 1 store. We compare live prices, stock and coupons so you always land on the cheapest active listing.",,,shoes; shoes,4.2,166,3953,false,https://n.nordstrommedia.com/it/59c22830-a453-49ce-a375-e526a557d7b4.jpeg,nordstrom-rack,39.98,65,IN STOCK,https://www.nordstromrack.com/s/tommy-hilfiger-lezari-slip-on-sneaker
PI-0127,tommy-hilfiger-fentii-sneaker,Fentii Sneaker,tommy-hilfiger,shoes,Shoes,women,"Tommy Hilfiger Fentii Sneaker — shoes tracked across 1 store. We compare live prices, stock and coupons so you always land on the cheapest active listing.",,,shoes; shoes,3.7,147,602,false,https://n.nordstrommedia.com/it/5bbdf7ba-fad9-4250-8680-7757b818cac0.jpeg,nordstrom-rack,39.98,69,IN STOCK,https://www.nordstromrack.com/s/tommy-hilfiger-fentii-sneaker-women
PI-0128,tommy-hilfiger-lendar-sneaker,Lendar Sneaker,tommy-hilfiger,mens-shoes,Shoes,men,"Tommy Hilfiger Lendar Sneaker — shoes tracked across 1 store. We compare live prices, stock and coupons so you always land on the cheapest active listing.",,,shoes; shoes,4.6,128,707,false,https://n.nordstrommedia.com/it/576d26b6-94ae-4979-9475-0dbded0bdb50.jpeg,nordstrom-rack,39.98,89,IN STOCK,https://www.nordstromrack.com/s/tommy-hilfiger-lendar-sneaker
PI-0129,tommy-hilfiger-zeghora-floral-sleeveless-dress,Zeghora Floral Sleeveless Dress,tommy-hilfiger,clothing,Dresses,women,"Tommy Hilfiger Zeghora Floral Sleeveless Dress — dresses tracked across 1 store. We compare live prices, stock and coupons so you always land on the cheapest active listing.",Floral,,dresses; dresses,4.1,109,720,false,https://n.nordstrommedia.com/it/944e515f-1991-4161-b014-8172e868c3fd.jpeg,nordstrom-rack,29.98,99,IN STOCK,https://www.nordstromrack.com/s/zeghora-floral-sleeveless-dress
PI-0130,tommy-hilfiger-kozal-slip-on-sneaker,Kozal Slip-On Sneaker,tommy-hilfiger,mens-shoes,Shoes,men,"Tommy Hilfiger Kozal Slip-On Sneaker — shoes tracked across 1 store. We compare live prices, stock and coupons so you always land on the cheapest active listing.",,,shoes; shoes,4.5,71,4362,false,https://n.nordstrommedia.com/it/828583b0-7a93-472b-babe-a099930369b8.jpeg,nordstrom-rack,44.98,89,IN STOCK,https://www.nordstromrack.com/s/tommy-hilfiger-kozal-slip-on-sneaker-men
PI-0131,tommy-hilfiger-sarifina-knotted-strap-sandal,Sarifina Knotted Strap Sandal,tommy-hilfiger,shoes,Shoes,women,"Tommy Hilfiger Sarifina Knotted Strap Sandal — shoes tracked across 1 store. We compare live prices, stock and coupons so you always land on the cheapest active listing.",,,shoes; shoes,3.6,90,3605,false,https://n.nordstrommedia.com/it/ef38e544-810e-49cd-a0f3-8a6a8f22c53d.jpeg,nordstrom-rack,30.23,89,IN STOCK,https://www.nordstromrack.com/s/tommy-hilfiger-sarifina-knotted-strap-sandal-women
PI-0132,tommy-hilfiger-lexxa-sneaker,Lexxa Sneaker,tommy-hilfiger,shoes,Shoes,women,"Tommy Hilfiger Lexxa Sneaker — shoes tracked across 1 store. We compare live prices, stock and coupons so you always land on the cheapest active listing.",,,shoes; shoes,4.1,109,168,false,https://n.nordstrommedia.com/it/10e8667e-45e3-40d6-b505-fd1244c78b01.jpeg,nordstrom-rack,39.98,65,IN STOCK,https://www.nordstromrack.com/s/tommy-hilfiger-lexxa-sneaker-women
PI-0133,tommy-hilfiger-sesame-chelsea-boot,Sesame Chelsea Boot,tommy-hilfiger,mens-shoes,Shoes,men,"Tommy Hilfiger Sesame Chelsea Boot — shoes tracked across 1 store. We compare live prices, stock and coupons so you always land on the cheapest active listing.",,,shoes; shoes,4.6,128,2357,false,https://n.nordstrommedia.com/it/9f2031ab-cd9d-4289-802a-619059a9c903.jpeg,nordstrom-rack,54.98,119,IN STOCK,https://www.nordstromrack.com/s/tommy-hilfiger-sesame-chelsea-boot-men
PI-0134,tommy-hilfiger-slim-fit-non-iron-dress-shirt,Slim Fit Non-Iron Dress Shirt,tommy-hilfiger,mens-clothing,Dresses,men,"Tommy Hilfiger Slim Fit Non-Iron Dress Shirt — dresses tracked across 1 store. We compare live prices, stock and coupons so you always land on the cheapest active listing.",,,dresses; dresses,3.9,195,6918,false,https://n.nordstrommedia.com/it/3c5e68ec-5f07-44ee-8cac-a46bbca993d5.jpeg,nordstrom-rack,34.98,79.51,IN STOCK,https://www.nordstromrack.com/s/tommy-hilfiger-slim-fit-non-iron-dress-shirt
PI-0135,tommy-hilfiger-slim-fit-non-iron-cotton-dress-shirt,Slim Fit Non-Iron Cotton Dress Shirt,tommy-hilfiger,mens-clothing,Dresses,men,"Tommy Hilfiger Slim Fit Non-Iron Cotton Dress Shirt — dresses tracked across 1 store. We compare live prices, stock and coupons so you always land on the cheapest active listing.",,,dresses; dresses,4.4,214,7439,false,https://n.nordstrommedia.com/it/e5293eb5-9dd2-4d02-a1ba-b1b1eca322e8.jpeg,nordstrom-rack,34.98,79.51,IN STOCK,https://www.nordstromrack.com/s/tommy-hilfiger-slim-fit-non-iron-cotton-dress-shirt
PI-0136,tommy-hilfiger-ribby-low-top-sneaker,Ribby Low Top Sneaker,tommy-hilfiger,mens-shoes,Shoes,men,"Tommy Hilfiger Ribby Low Top Sneaker — shoes tracked across 1 store. We compare live prices, stock and coupons so you always land on the cheapest active listing.",,,shoes; shoes,4.9,233,580,true,https://n.nordstrommedia.com/it/334fb31f-909a-4ae2-b982-ebb84f96f620.jpeg,nordstrom-rack,49.98,89,IN STOCK,https://www.nordstromrack.com/s/tommy-hilfiger-ribby-low-top-sneaker-men
PI-0137,tommy-hilfiger-mixed-media-high-low-dress,Mixed Media High-Low Dress,tommy-hilfiger,clothing,Dresses,women,"Tommy Hilfiger Mixed Media High-Low Dress — dresses tracked across 1 store. We compare live prices, stock and coupons so you always land on the cheapest active listing.",,,dresses; dresses,4,52,1193,false,https://n.nordstrommedia.com/it/c2825141-937e-431e-98f2-8d5bffdf1d61.jpeg,nordstrom-rack,44.98,119,IN STOCK,https://www.nordstromrack.com/s/tommy-hilfiger-mixed-media-high-low-dress
PI-0138,tommy-hilfiger-regular-fit-wrinkle-resistant-cotton-dress-shirt,Regular Fit Wrinkle Resistant Cotton Dress Shirt,tommy-hilfiger,mens-clothing,Dresses,men,"Tommy Hilfiger Regular Fit Wrinkle Resistant Cotton Dress Shirt — dresses tracked across 1 store. We compare live prices, stock and coupons so you always land on the cheapest active listing.",Tan,,dresses; dresses,4.7,119,3618,false,https://n.nordstrommedia.com/it/0788fbfb-beeb-455b-a197-70c925da3755.jpeg,nordstrom-rack,34.98,79.51,IN STOCK,https://www.nordstromrack.com/s/tommy-hilfiger-regular-fit-wrinkle-resistant-cotton-dress-shirt-big-tall
PI-0139,tommy-hilfiger-maisie-sneaker,Maisie Sneaker,tommy-hilfiger,shoes,Shoes,women,"Tommy Hilfiger Maisie Sneaker — shoes tracked across 1 store. We compare live prices, stock and coupons so you always land on the cheapest active listing.",,,shoes; shoes,3.8,138,6403,true,https://n.nordstrommedia.com/it/4b2a8076-7a89-4ed2-bbd1-d54ae3be3e1a.jpeg,nordstrom-rack,24.98,75,IN STOCK,https://www.nordstromrack.com/s/tommy-hilfiger-maisie-sneaker-women
PI-0140,tommy-hilfiger-lexei-sneaker,Lexei Sneaker,tommy-hilfiger,shoes,Shoes,women,"Tommy Hilfiger Lexei Sneaker — shoes tracked across 1 store. We compare live prices, stock and coupons so you always land on the cheapest active listing.",,,shoes; shoes,4,66,4149,false,https://n.nordstrommedia.com/it/7ef05132-25c8-477c-84dd-61b98c4e3b8a.jpeg,nordstrom-rack,39.98,69,IN STOCK,https://www.nordstromrack.com/s/tommy-hilfiger-lexei-sneaker-women
PI-0141,calvin-klein-convertible-strap-lightly-lined-demi-bra,Convertible Strap Lightly Lined Demi Bra,calvin-klein,clothing,Underwear,women,"Calvin Klein Convertible Strap Lightly Lined Demi Bra — underwear tracked across 1 store. We compare live prices, stock and coupons so you always land on the cheapest active listing.",,,underwear; underwear,4.9,47,6086,false,https://n.nordstrommedia.com/it/1bd39aa5-a7a0-4059-bfc5-92b815b4b0be.jpeg,nordstrom-rack,19.98,42,IN STOCK,https://www.nordstromrack.com/s/calvin-klein-convertible-strap-lightly-lined-demi-bra-regular-plus-size-a-ddd-cups
PI-0142,calvin-klein-sleeveless-sheath-dress,Sleeveless Sheath Dress,calvin-klein,clothing,Dresses,women,"Calvin Klein Sleeveless Sheath Dress — dresses tracked across 1 store. We compare live prices, stock and coupons so you always land on the cheapest active listing.",,,dresses; dresses,3.6,104,5147,false,https://n.nordstrommedia.com/it/508c5367-0be7-4dd6-a32a-8e17cbfc76cd.jpeg,nordstrom-rack,19.98,99.98,IN STOCK,https://www.nordstromrack.com/s/calvin-klein-sleeveless-sheath-dress
PI-0143,calvin-klein-boxer-briefs-pack-of-3,Boxer Briefs - Pack of 3,calvin-klein,mens-clothing,Underwear,men,"Calvin Klein Boxer Briefs - Pack of 3 — underwear tracked across 1 store. We compare live prices, stock and coupons so you always land on the cheapest active listing.",,,underwear; underwear,4.5,85,5384,false,https://n.nordstrommedia.com/it/a4355fcc-ea99-4745-9fa3-b62fb60081fb.jpeg,nordstrom-rack,24.98,39.51,IN STOCK,https://www.nordstromrack.com/s/calvin-klein-boxer-briefs-pack-of-3
PI-0144,calvin-klein-3-pack-cotton-crewneck-undershirts,3-Pack Cotton Crewneck Undershirts,calvin-klein,mens-clothing,Underwear,men,"Calvin Klein 3-Pack Cotton Crewneck Undershirts — underwear tracked across 1 store. We compare live prices, stock and coupons so you always land on the cheapest active listing.",,,underwear; underwear,4.8,190,7361,false,https://n.nordstrommedia.com/it/a86bd086-3847-4d72-8b5b-2cd6780bbd7c.jpeg,nordstrom-rack,24.98,39.51,IN STOCK,https://www.nordstromrack.com/s/calvin-klein-3-pack-cotton-crewneck-undershirts
PI-0145,calvin-klein-push-up-underwire-plunge-bra,Push-up Underwire Plunge Bra,calvin-klein,clothing,Underwear,women,"Calvin Klein Push-up Underwire Plunge Bra — underwear tracked across 1 store. We compare live prices, stock and coupons so you always land on the cheapest active listing.",,,underwear; underwear,4.3,171,2662,false,https://n.nordstrommedia.com/it/35961272-765d-480e-a481-1a06f7ee1afc.jpeg,nordstrom-rack,19.98,42,IN STOCK,https://www.nordstromrack.com/s/calvin-klein-push-up-underwire-plunge-bra
PI-0146,calvin-klein-3-pack-cotton-v-neck-t-shirt,3-Pack Cotton V-Neck T-Shirt,calvin-klein,mens-clothing,Apparel,men,"Calvin Klein 3-Pack Cotton V-Neck T-Shirt — apparel tracked across 1 store. We compare live prices, stock and coupons so you always land on the cheapest active listing.",,,apparel; apparel,4.4,228,4839,false,https://n.nordstrommedia.com/it/c0f01b8a-3744-4e74-8883-f37eaf2f0256.jpeg,nordstrom-rack,19.98,39.51,IN STOCK,https://www.nordstromrack.com/s/calvin-klein-3-pack-cotton-v-neck-t-shirt
PI-0147,calvin-klein-two-button-short-jacket,Two Button Short Jacket,calvin-klein,clothing,Apparel,women,"Calvin Klein Two Button Short Jacket — apparel tracked across 1 store. We compare live prices, stock and coupons so you always land on the cheapest active listing.",,,apparel; apparel,3.9,209,6500,false,https://n.nordstrommedia.com/it/7fc36e8b-e2ed-47f2-990c-9b615aefbfd4.jpeg,nordstrom-rack,59.98,129,IN STOCK,https://www.nordstromrack.com/s/calvin-klein-two-button-short-jacket
PI-0148,calvin-klein-wide-leg-pants,Wide Leg Pants,calvin-klein,clothing,Apparel,women,"Calvin Klein Wide Leg Pants — apparel tracked across 1 store. We compare live prices, stock and coupons so you always land on the cheapest active listing.",,,apparel; apparel,4.2,114,7629,false,https://n.nordstrommedia.com/it/5466ff54-2445-43b9-a7c2-e10d161b9386.jpeg,nordstrom-rack,39.98,89,IN STOCK,https://www.nordstromrack.com/s/wide-leg-pants
PI-0149,calvin-klein-cotton-classic-fit-brief-pack-of-4,Cotton Classic Fit Brief - Pack of 4,calvin-klein,mens-clothing,Underwear,men,"Calvin Klein Cotton Classic Fit Brief - Pack of 4 — underwear tracked across 1 store. We compare live prices, stock and coupons so you always land on the cheapest active listing.",,,underwear; underwear,3.7,95,5294,true,https://n.nordstrommedia.com/it/073abd2b-a137-4f65-83c4-8e21ddff2314.jpeg,nordstrom-rack,24.98,39.51,IN STOCK,https://www.nordstromrack.com/s/cotton-classic-fit-brief-pack-of-4
PI-0150,calvin-klein-boxer-briefs-pack-of-3-2,Boxer Briefs - Pack of 3 (2),calvin-klein,mens-clothing,Underwear,men,"Calvin Klein Boxer Briefs - Pack of 3 (2) — underwear tracked across 1 store. We compare live prices, stock and coupons so you always land on the cheapest active listing.",,,underwear; underwear,4.1,57,7956,true,https://n.nordstrommedia.com/it/cd49548e-dc8e-480c-93a1-c46893efa0c8.jpeg,nordstrom-rack,24.98,47.51,IN STOCK,https://www.nordstromrack.com/s/calvin-klein-boxer-briefs-pack-of-3
PI-0151,calvin-klein-motive-cotton-boyshorts-pack-of-3,Motive Cotton Boyshorts - Pack of 3,calvin-klein,clothing,Apparel,women,"Calvin Klein Motive Cotton Boyshorts - Pack of 3 — apparel tracked across 1 store. We compare live prices, stock and coupons so you always land on the cheapest active listing.",,,apparel; apparel,4.6,76,3287,false,https://n.nordstrommedia.com/it/3f3fd0fd-3cbe-4557-84e8-9060a31bd30c.jpeg,nordstrom-rack,19.98,45,IN STOCK,https://www.nordstromrack.com/s/calvin-klein-motive-cotton-boyshorts-pack-of-3
PI-0152,calvin-klein-logo-assorted-thongs-pack-of-3,Logo Assorted Thongs - Pack of 3,calvin-klein,clothing,Underwear,women,"Calvin Klein Logo Assorted Thongs - Pack of 3 — underwear tracked across 1 store. We compare live prices, stock and coupons so you always land on the cheapest active listing.",,,underwear; underwear,4.5,219,5398,false,https://n.nordstrommedia.com/it/09b37d59-085a-4099-a556-eca9f4f1fd39.jpeg,nordstrom-rack,11.67,45,IN STOCK,https://www.nordstromrack.com/s/calvin-klein-logo-assorted-thongs-pack-of-3
PI-0153,calvin-klein-carousel-3-pack-bikini-panty-set,Carousel 3-Pack Bikini Panty Set,calvin-klein,clothing,Underwear,women,"Calvin Klein Carousel 3-Pack Bikini Panty Set — underwear tracked across 1 store. We compare live prices, stock and coupons so you always land on the cheapest active listing.",,,underwear; underwear,3.6,238,5823,false,https://n.nordstrommedia.com/it/255b87a7-9759-4ed2-9c85-26e439e4ddba.jpeg,nordstrom-rack,17.98,35,IN STOCK,https://www.nordstromrack.com/s/calvin-klein-carousel-3-pack-bikini-panty-set
PI-0154,calvin-klein-logo-bikini-pack-of-5,Logo Bikini - Pack of 5,calvin-klein,clothing,Underwear,women,"Calvin Klein Logo Bikini - Pack of 5 — underwear tracked across 1 store. We compare live prices, stock and coupons so you always land on the cheapest active listing.",,,underwear; underwear,4.7,133,2232,false,https://n.nordstrommedia.com/it/792f9093-18ad-47ca-b814-6d43bae5f48a.jpeg,nordstrom-rack,26.98,49,IN STOCK,https://www.nordstromrack.com/s/calvin-klein-logo-bikini-pack-of-5
PI-0155,calvin-klein-comfort-mid-rise-hipster-pack-of-3,Comfort Mid Rise Hipster - Pack of 3,calvin-klein,clothing,Underwear,women,"Calvin Klein Comfort Mid Rise Hipster - Pack of 3 — underwear tracked across 1 store. We compare live prices, stock and coupons so you always land on the cheapest active listing.",,,underwear; underwear,3.8,152,6117,false,https://n.nordstrommedia.com/it/8ac39fb7-b113-4a98-a76f-a1760e057002.jpeg,nordstrom-rack,17.98,45,IN STOCK,https://www.nordstromrack.com/s/calvin-klein-comfort-mid-rise-hipster-pack-of-3
PI-0156,calvin-klein-stretch-cotton-camisole-shorts-pajamas,Stretch Cotton Camisole & Shorts Pajamas,calvin-klein,clothing,Sleepwear,women,"Calvin Klein Stretch Cotton Camisole & Shorts Pajamas — sleepwear tracked across 1 store. We compare live prices, stock and coupons so you always land on the cheapest active listing.",,,sleepwear; sleepwear,3.7,95,1878,true,https://n.nordstrommedia.com/it/9c585b32-bc0b-4e3a-b291-364383f6628a.jpeg,nordstrom-rack,17.22,68,IN STOCK,https://www.nordstromrack.com/s/calvin-klein-stretch-cotton-camisole-shorts-pajamas
PI-0157,calvin-klein-gloria-d-orsay-pump,Gloria d'Orsay Pump,calvin-klein,shoes,Shoes,women,"Calvin Klein Gloria d'Orsay Pump — shoes tracked across 1 store. We compare live prices, stock and coupons so you always land on the cheapest active listing.",,,shoes; shoes,4.2,114,3851,false,https://n.nordstrommedia.com/it/74bae58b-1fc5-4ded-97e8-15cf49137a7e.jpeg,nordstrom-rack,38.98,109,IN STOCK,https://www.nordstromrack.com/s/calvin-klein-gloria-dorsay-pump-women
PI-0158,calvin-klein-brady-pump,Brady Pump,calvin-klein,shoes,Shoes,women,"Calvin Klein Brady Pump — shoes tracked across 1 store. We compare live prices, stock and coupons so you always land on the cheapest active listing.",,,shoes; shoes,4.3,105,4044,false,https://n.nordstrommedia.com/it/0facdb3f-82c3-496a-b077-df9afb8e0b27.jpeg,nordstrom-rack,79.98,99,IN STOCK,https://www.nordstromrack.com/s/calvin-klein-brady-pump-women
PI-0159,calvin-klein-tegin-sandal,Tegin Sandal,calvin-klein,shoes,Shoes,women,"Calvin Klein Tegin Sandal — shoes tracked across 1 store. We compare live prices, stock and coupons so you always land on the cheapest active listing.",,,shoes; shoes,4.8,124,3809,false,https://n.nordstrommedia.com/it/e33b97c1-a2da-4cef-a3ec-b023cd901f90.jpeg,nordstrom-rack,59.98,59.98,IN STOCK,https://www.nordstromrack.com/s/calvin-klein-tegin-sandal-women
PI-0160,calvin-klein-v-neck-t-shirt-shorts-2-piece-pajama-set,V-Neck T-Shirt & Shorts 2-Piece Pajama Set,calvin-klein,clothing,Sleepwear,women,"Calvin Klein V-Neck T-Shirt & Shorts 2-Piece Pajama Set — sleepwear tracked across 1 store. We compare live prices, stock and coupons so you always land on the cheapest active listing.",,,sleepwear; sleepwear,4.8,68,5601,false,https://n.nordstrommedia.com/it/32223e4e-0b47-467e-aafe-1c2f3369bb80.jpeg,nordstrom-rack,22.98,68,IN STOCK,https://www.nordstromrack.com/s/calvin-klein-v-neck-t-shirt-shorts-2-piece-pajama-set
PI-0161,lacoste-12-12-chronograph-silicone-strap-watch-44mm,"12.12 Chronograph Silicone Strap Watch, 44mm",lacoste,mens-watches,Accessories,men,"Lacoste 12.12 Chronograph Silicone Strap Watch, 44mm — accessories tracked across 1 store. We compare live prices, stock and coupons so you always land on the cheapest active listing.",,,accessories; accessories,3.7,89,5028,false,https://n.nordstrommedia.com/it/a4946972-5056-4dca-87c1-47eff0b76a8f.jpeg,nordstrom-rack,99.98,175,IN STOCK,https://www.nordstromrack.com/s/lacoste-12-12-chronograph-silicone-strap-watch-44mm
PI-0162,lacoste-relaxed-twill-drawstring-shorts,Relaxed Twill Drawstring Shorts,lacoste,mens-clothing,Apparel,men,"Lacoste Relaxed Twill Drawstring Shorts — apparel tracked across 1 store. We compare live prices, stock and coupons so you always land on the cheapest active listing.",,,apparel; apparel,4.6,70,4937,false,https://n.nordstrommedia.com/it/0831b487-146f-444f-af3e-0120b5747cda.jpeg,nordstrom-rack,49.98,105,IN STOCK,https://www.nordstromrack.com/s/lacoste-relaxed-twill-drawstring-shorts
PI-0163,lacoste-slim-fit-joggers,Slim Fit Joggers,lacoste,mens-sportswear,Apparel,men,"Lacoste Slim Fit Joggers — apparel tracked across 1 store. We compare live prices, stock and coupons so you always land on the cheapest active listing.",,,apparel; apparel,4.1,51,8066,true,https://n.nordstrommedia.com/it/3c727ecb-039d-473e-afe0-85c0fa7fa7e5.jpeg,nordstrom-rack,74.98,130,IN STOCK,https://www.nordstromrack.com/s/lacoste-slim-fit-joggers
PI-0164,lacoste-logo-embossed-sweatpants,Logo Embossed Sweatpants,lacoste,mens-clothing,Apparel,men,"Lacoste Logo Embossed Sweatpants — apparel tracked across 1 store. We compare live prices, stock and coupons so you always land on the cheapest active listing.",,,apparel; apparel,4.2,192,1325,false,https://n.nordstrommedia.com/it/3b2f281d-e939-4f51-ae14-8a2360073201.jpeg,nordstrom-rack,89.98,150,IN STOCK,https://www.nordstromrack.com/s/lacoste-logo-embossed-sweatpants
PI-0165,lacoste-x-bandier-slim-fit-piqu-polo,x BANDIER Slim Fit Piqué Polo,lacoste,clothing,Apparel,women,"Lacoste x BANDIER Slim Fit Piqué Polo — apparel tracked across 1 store. We compare live prices, stock and coupons so you always land on the cheapest active listing.",,,apparel; apparel,4.7,211,6928,false,https://n.nordstrommedia.com/it/13386244-bd6b-4e69-922e-720429239739.jpeg,nordstrom-rack,59.98,110,IN STOCK,https://www.nordstromrack.com/s/lacoste-x-bandier-slim-fit-piqu-polo
PI-0166,lacoste-libson-bracelet-watch-42mm,"Libson Bracelet Watch, 42mm",lacoste,jewelry,Accessories,men,"Lacoste Libson Bracelet Watch, 42mm — accessories tracked across 1 store. We compare live prices, stock and coupons so you always land on the cheapest active listing.",,,accessories; accessories,3.8,230,5501,false,https://n.nordstrommedia.com/it/39a5fb53-bd3f-41d9-93df-6355c2b61f1d.jpeg,nordstrom-rack,109.98,185,IN STOCK,https://www.nordstromrack.com/s/lacoste-libson-bracelet-watch-42mm
PI-0167,lacoste-touch-of-pink-eau-de-toilette,Touch of Pink Eau de Toilette,lacoste,beauty,Fragrance,women,"Lacoste Touch of Pink Eau de Toilette — fragrance tracked across 1 store. We compare live prices, stock and coupons so you always land on the cheapest active listing.",Pink,,fragrance; fragrance,4.3,49,638,false,https://n.nordstrommedia.com/it/512e2699-e366-4894-aa38-6e3bd0fe174f.jpeg,nordstrom-rack,49.98,90,IN STOCK,https://www.nordstromrack.com/s/lacoste-touch-of-pink-eau-de-toilette
PI-0168,lacoste-regular-fit-performance-golf-short-sleeve-button-up-shirt,Regular Fit Performance Golf Short Sleeve Button-Up Shirt,lacoste,mens-clothing,Apparel,men,"Lacoste Regular Fit Performance Golf Short Sleeve Button-Up Shirt — apparel tracked across 1 store. We compare live prices, stock and coupons so you always land on the cheapest active listing.",,,apparel; apparel,3.6,116,1623,false,https://n.nordstrommedia.com/it/970f51a2-7dc4-4bc8-a60c-3c76a0117c87.jpeg,nordstrom-rack,69.98,140,IN STOCK,https://www.nordstromrack.com/s/lacoste-regular-fit-performance-golf-short-sleeve-button-up-shirt
PI-0169,lacoste-relaxed-cotton-twill-shorts,Relaxed Cotton Twill Shorts,lacoste,mens-clothing,Apparel,men,"Lacoste Relaxed Cotton Twill Shorts — apparel tracked across 1 store. We compare live prices, stock and coupons so you always land on the cheapest active listing.",,,apparel; apparel,4.1,135,3540,false,https://n.nordstrommedia.com/it/be55e522-cbae-4bda-a57f-8d6e6cab3d46.jpeg,nordstrom-rack,49.98,98,IN STOCK,https://www.nordstromrack.com/s/lacoste-relaxed-cotton-twill-shorts
PI-0170,lacoste-low-top-sneaker,Low Top Sneaker,lacoste,mens-shoes,Shoes,men,"Lacoste Low Top Sneaker — shoes tracked across 1 store. We compare live prices, stock and coupons so you always land on the cheapest active listing.",,,shoes; shoes,4.3,99,8082,false,https://n.nordstrommedia.com/it/03f54623-8276-4a21-9401-9a781549b817.jpeg,nordstrom-rack,59.98,80,IN STOCK,https://www.nordstromrack.com/s/lacoste-low-top-sneaker-men
PI-0171,lacoste-low-top-sneaker-2,Low Top Sneaker (2),lacoste,mens-shoes,Shoes,men,"Lacoste Low Top Sneaker (2) — shoes tracked across 1 store. We compare live prices, stock and coupons so you always land on the cheapest active listing.",,,shoes; shoes,4.8,118,313,false,https://n.nordstrommedia.com/it/989c9bce-4156-48f6-98df-c48f656bb1bf.jpeg,nordstrom-rack,49.98,70,IN STOCK,https://www.nordstromrack.com/s/lacoste-low-top-sneaker-men
PI-0172,lacoste-low-top-court-sneaker,Low Top Court Sneaker,lacoste,mens-shoes,Shoes,men,"Lacoste Low Top Court Sneaker — shoes tracked across 1 store. We compare live prices, stock and coupons so you always land on the cheapest active listing.",,,shoes; shoes,3.9,137,828,false,https://n.nordstrommedia.com/it/f0ece375-e83f-4a2f-a76a-76f74dd30c2e.jpeg,nordstrom-rack,59.98,80,IN STOCK,https://www.nordstromrack.com/s/lacoste-low-top-court-sneaker-men
PI-0173,lacoste-low-top-sneaker-3,Low Top Sneaker (3),lacoste,mens-shoes,Shoes,men,"Lacoste Low Top Sneaker (3) — shoes tracked across 1 store. We compare live prices, stock and coupons so you always land on the cheapest active listing.",,,shoes; shoes,4.4,156,7921,true,https://n.nordstrommedia.com/it/fd8689ab-edda-46e8-bc18-eea02ef9ffa7.jpeg,nordstrom-rack,59.98,80,IN STOCK,https://www.nordstromrack.com/s/lacoste-low-top-sneaker-men
PI-0174,lacoste-double-face-organic-cotton-blend-piqu-sweatpants,Double Face Organic Cotton Blend Piqué Sweatpants,lacoste,mens-clothing,Apparel,men,"Lacoste Double Face Organic Cotton Blend Piqué Sweatpants — apparel tracked across 1 store. We compare live prices, stock and coupons so you always land on the cheapest active listing.",,,apparel; apparel,4.9,175,6414,true,https://n.nordstrommedia.com/it/528f42a3-7a38-4f7c-a41d-93693693940f.jpeg,nordstrom-rack,79.98,150,IN STOCK,https://www.nordstromrack.com/s/lacoste-double-face-organic-cotton-blend-piqu-sweatpants
PI-0175,lacoste-relaxed-fit-cotton-sweatpants,Relaxed Fit Cotton Sweatpants,lacoste,clothing,Apparel,unisex,"Lacoste Relaxed Fit Cotton Sweatpants — apparel tracked across 1 store. We compare live prices, stock and coupons so you always land on the cheapest active listing.",,,apparel; apparel,4,194,899,false,https://n.nordstrommedia.com/it/9741b426-c369-4203-abf8-83e1a7bd203f.jpeg,nordstrom-rack,49.98,140,IN STOCK,https://www.nordstromrack.com/s/lacoste-relaxed-fit-cotton-sweatpants
PI-0176,lacoste-mainsail-chronograph-bracelet-watch-43mm,"Mainsail Chronograph Bracelet Watch, 43mm",lacoste,jewelry,Accessories,men,"Lacoste Mainsail Chronograph Bracelet Watch, 43mm — accessories tracked across 1 store. We compare live prices, stock and coupons so you always land on the cheapest active listing.",,,accessories; accessories,4.5,163,7856,false,https://n.nordstrommedia.com/it/fd92b03e-d8be-4f00-a37c-45bd902a428c.jpeg,nordstrom-rack,114.98,195,IN STOCK,https://www.nordstromrack.com/s/lacoste-mainsail-chronograph-bracelet-watch-43mm
PI-0177,lacoste-everett-mesh-strap-watch-40mm,"Everett Mesh Strap Watch, 40mm",lacoste,mens-watches,Accessories,men,"Lacoste Everett Mesh Strap Watch, 40mm — accessories tracked across 1 store. We compare live prices, stock and coupons so you always land on the cheapest active listing.",,,accessories; accessories,4,144,7923,false,https://n.nordstrommedia.com/it/60d96cb5-bfe1-43eb-a036-2dc4122d2ee7.jpeg,nordstrom-rack,109.98,195,IN STOCK,https://www.nordstromrack.com/s/everett-mesh-strap-watch-40mm
PI-0178,lacoste-club-mesh-strap-watch-42mm,"Club Mesh Strap Watch, 42mm",lacoste,mens-watches,Accessories,men,"Lacoste Club Mesh Strap Watch, 42mm — accessories tracked across 1 store. We compare live prices, stock and coupons so you always land on the cheapest active listing.",,,accessories; accessories,4.9,125,4294,false,https://n.nordstrommedia.com/it/aa0d3eba-1c1c-4ef2-9254-69099423a803.jpeg,nordstrom-rack,104.98,185,IN STOCK,https://www.nordstromrack.com/s/club-mesh-strap-watch-42mm
PI-0179,lacoste-eau-blanc-eau-de-parfum,Eau Blanc Eau de Parfum,lacoste,grooming,Fragrance,men,"Lacoste Eau Blanc Eau de Parfum — fragrance tracked across 1 store. We compare live prices, stock and coupons so you always land on the cheapest active listing.",,,fragrance; fragrance,4.4,106,1039,false,https://n.nordstrommedia.com/it/c60a162e-c1b2-44f8-bb2e-0e172f188de8.jpeg,nordstrom-rack,62.98,99,IN STOCK,https://www.nordstromrack.com/s/lacoste-eau-blanc-eau-de-parfum
PI-0180,lacoste-serve-slide-sandal,Serve Slide Sandal,lacoste,mens-shoes,Shoes,men,"Lacoste Serve Slide Sandal — shoes tracked across 1 store. We compare live prices, stock and coupons so you always land on the cheapest active listing.",,,shoes; shoes,3.8,94,6105,false,https://n.nordstrommedia.com/it/80139498-7881-49d1-907e-38489228e6a7.jpeg,nordstrom-rack,16.23,40,IN STOCK,https://www.nordstromrack.com/s/lacoste-serve-slide-sandal-men
PI-0181,hugo-boss-piro-solid-polo,Piro Solid Polo,hugo-boss,mens-clothing,Apparel,men,"Hugo Boss Piro Solid Polo — apparel tracked across 1 store. We compare live prices, stock and coupons so you always land on the cheapest active listing.",,,apparel; apparel,4.7,75,702,false,https://n.nordstrommedia.com/it/d8dac170-3713-40aa-9feb-87172d4ac5e2.jpeg,nordstrom-rack,59.98,88,IN STOCK,https://www.nordstromrack.com/s/piro-solid-polo
PI-0182,hugo-boss-bay-slide-sandal,Bay Slide Sandal,hugo-boss,mens-shoes,Shoes,men,"Hugo Boss Bay Slide Sandal — shoes tracked across 1 store. We compare live prices, stock and coupons so you always land on the cheapest active listing.",,,shoes; shoes,4.8,132,7377,false,https://n.nordstrommedia.com/it/a0af2170-597b-48d6-898e-8e63bfdf9a22.jpeg,nordstrom-rack,23.98,80,IN STOCK,https://www.nordstromrack.com/s/boss-bay-slide-sandal-men
PI-0183,hugo-boss-men-s-ease-pajama-shorts,Men's Ease Pajama Shorts,hugo-boss,mens-clothing,Sleepwear,men,"Hugo Boss Men's Ease Pajama Shorts — sleepwear tracked across 1 store. We compare live prices, stock and coupons so you always land on the cheapest active listing.",,,sleepwear; sleepwear,4.3,113,8084,true,https://n.nordstrommedia.com/it/f13acf96-e68c-494a-aa84-fdd4224dda74.jpeg,nordstrom-rack,31.47,79,IN STOCK,https://www.nordstromrack.com/s/boss-mens-ease-pajama-shorts
PI-0184,hugo-boss-men-s-ease-pajama-joggers,Men's Ease Pajama Joggers,hugo-boss,mens-sportswear,Sleepwear,men,"Hugo Boss Men's Ease Pajama Joggers — sleepwear tracked across 1 store. We compare live prices, stock and coupons so you always land on the cheapest active listing.",,,sleepwear; sleepwear,4.6,206,4259,false,https://n.nordstrommedia.com/it/bad87842-73ca-4914-8349-71b17c65055c.jpeg,nordstrom-rack,29.98,89,IN STOCK,https://www.nordstromrack.com/s/boss-mens-ease-pajama-joggers
PI-0185,hugo-boss-men-s-ease-track-jacket,Men's Ease Track Jacket,hugo-boss,mens-sportswear,Apparel,men,"Hugo Boss Men's Ease Track Jacket — apparel tracked across 1 store. We compare live prices, stock and coupons so you always land on the cheapest active listing.",,,apparel; apparel,3.9,151,3842,false,https://n.nordstrommedia.com/it/a2709cfe-2dc3-4167-aff6-cf0b664f79f9.jpeg,nordstrom-rack,38.98,99,IN STOCK,https://www.nordstromrack.com/s/boss-mens-ease-track-jacket
PI-0186,hugo-boss-umbe-casual-leather-belt,Umbe Casual Leather Belt,hugo-boss,mens-accessories,Accessories,men,"Hugo Boss Umbe Casual Leather Belt — accessories tracked across 1 store. We compare live prices, stock and coupons so you always land on the cheapest active listing.",,,accessories; accessories,3.6,168,7069,false,https://n.nordstrommedia.com/it/e39b40e3-644b-455f-9310-92abb2c2b3f6.jpeg,nordstrom-rack,39.98,55,IN STOCK,https://www.nordstromrack.com/s/boss-umbe-casual-leather-belt
PI-0187,hugo-boss-uland-leather-belt,Uland Leather Belt,hugo-boss,mens-accessories,Accessories,men,"Hugo Boss Uland Leather Belt — accessories tracked across 1 store. We compare live prices, stock and coupons so you always land on the cheapest active listing.",,,accessories; accessories,4.1,187,7312,false,https://n.nordstrommedia.com/it/64a8ff21-86e7-4de4-a2fa-f0d4e0b57637.jpeg,nordstrom-rack,39.98,55,IN STOCK,https://www.nordstromrack.com/s/boss-uland-leather-belt
PI-0188,hugo-boss-uran-leather-belt,Uran Leather Belt,hugo-boss,mens-accessories,Accessories,men,"Hugo Boss Uran Leather Belt — accessories tracked across 1 store. We compare live prices, stock and coupons so you always land on the cheapest active listing.",,,accessories; accessories,4,130,5295,false,https://n.nordstrommedia.com/it/60e8f31a-b91c-4898-83af-86b3cdb293db.jpeg,nordstrom-rack,39.98,50,IN STOCK,https://www.nordstromrack.com/s/boss-uran-leather-belt
PI-0189,hugo-boss-tenore-quarter-zip-sweater,Tenore Quarter Zip Sweater,hugo-boss,mens-clothing,Apparel,men,"Hugo Boss Tenore Quarter Zip Sweater — apparel tracked across 1 store. We compare live prices, stock and coupons so you always land on the cheapest active listing.",,,apparel; apparel,4.5,149,1062,true,https://n.nordstrommedia.com/it/ea9b7c3b-059e-4824-ad17-9e0fea0ffe0a.jpeg,nordstrom-rack,89.98,128,IN STOCK,https://www.nordstromrack.com/s/boss-tenore-quarter-zip-sweater
PI-0190,hugo-boss-cotton-curved-logo-t-shirt,Cotton Curved Logo T-Shirt,hugo-boss,mens-clothing,Apparel,men,"Hugo Boss Cotton Curved Logo T-Shirt — apparel tracked across 1 store. We compare live prices, stock and coupons so you always land on the cheapest active listing.",,,apparel; apparel,4.5,83,4712,false,https://n.nordstrommedia.com/it/f5231288-79e0-426d-8a39-5d036e093f9e.jpeg,nordstrom-rack,34.98,58,IN STOCK,https://www.nordstromrack.com/s/boss-cotton-curved-logo-t-shirt
PI-0191,hugo-boss-colyn-hybrid-leather-sneaker,Colyn Hybrid Leather Sneaker,hugo-boss,mens-shoes,Shoes,men,"Hugo Boss Colyn Hybrid Leather Sneaker — shoes tracked across 1 store. We compare live prices, stock and coupons so you always land on the cheapest active listing.",,,shoes; shoes,4,64,6523,false,https://n.nordstrommedia.com/it/143b8e83-08c9-48d2-a1bf-13a0d3982472.jpeg,nordstrom-rack,99.98,160,IN STOCK,https://www.nordstromrack.com/s/boss-colyn-hybrid-leather-sneaker-men
PI-0192,hugo-boss-colby-leather-derby,Colby Leather Derby,hugo-boss,mens-shoes,Shoes,men,"Hugo Boss Colby Leather Derby — shoes tracked across 1 store. We compare live prices, stock and coupons so you always land on the cheapest active listing.",,,shoes; shoes,4.1,121,4006,false,https://n.nordstrommedia.com/it/373b88d5-e634-4b86-acec-e57f1ccf5edc.jpeg,nordstrom-rack,99.98,180,IN STOCK,https://www.nordstromrack.com/s/boss-colby-leather-derby-men
PI-0193,hugo-boss-grady-driving-loafer,Grady Driving Loafer,hugo-boss,mens-shoes,Shoes,men,"Hugo Boss Grady Driving Loafer — shoes tracked across 1 store. We compare live prices, stock and coupons so you always land on the cheapest active listing.",,,shoes; shoes,3.6,102,981,false,https://n.nordstrommedia.com/it/c1e6332f-ceee-4701-aea3-d6cf52bc5e8b.jpeg,nordstrom-rack,99.98,160,IN STOCK,https://www.nordstromrack.com/s/boss-grady-driving-loafer-men
PI-0194,hugo-boss-sean-slide-sandal,Sean Slide Sandal,hugo-boss,mens-shoes,Shoes,men,"Hugo Boss Sean Slide Sandal — shoes tracked across 1 store. We compare live prices, stock and coupons so you always land on the cheapest active listing.",,,shoes; shoes,3.7,159,1580,false,https://n.nordstrommedia.com/it/21bb15ef-e5a2-4139-ac6b-e0657485252f.jpeg,nordstrom-rack,18.72,50,IN STOCK,https://www.nordstromrack.com/s/boss-sean-slide-sandal-men
PI-0195,hugo-boss-parkour-runner-sneaker,Parkour Runner Sneaker,hugo-boss,mens-shoes,Shoes,men,"Hugo Boss Parkour Runner Sneaker — shoes tracked across 1 store. We compare live prices, stock and coupons so you always land on the cheapest active listing.",,,shoes; shoes,4.6,140,6215,false,https://n.nordstrommedia.com/it/003467d0-2a86-42ed-b99d-0743fc2b4870.jpeg,nordstrom-rack,79.98,160,IN STOCK,https://www.nordstromrack.com/s/boss-parkour-runner-sneaker-men
PI-0196,hugo-boss-stiven-sneaker,Stiven Sneaker,hugo-boss,mens-shoes,Shoes,men,"Hugo Boss Stiven Sneaker — shoes tracked across 1 store. We compare live prices, stock and coupons so you always land on the cheapest active listing.",,,shoes; shoes,4.7,197,4742,false,https://n.nordstrommedia.com/it/3ee65770-a0a4-4391-b122-63fe9328a364.jpeg,nordstrom-rack,64.98,160,IN STOCK,https://www.nordstromrack.com/s/boss-stiven-sneaker-men
PI-0197,hugo-boss-kirk-slide-sandal,Kirk Slide Sandal,hugo-boss,mens-shoes,Shoes,men,"Hugo Boss Kirk Slide Sandal — shoes tracked across 1 store. We compare live prices, stock and coupons so you always land on the cheapest active listing.",,,shoes; shoes,4.2,178,591,false,https://n.nordstrommedia.com/it/3e6a277e-f63f-441e-ae08-118a85287ecc.jpeg,nordstrom-rack,34.98,80,IN STOCK,https://www.nordstromrack.com/s/boss-kirk-slide-sandal-men
PI-0198,hugo-boss-max-kent-sharp-fit-cotton-dress-shirt,Max Kent Sharp Fit Cotton Dress Shirt,hugo-boss,mens-clothing,Dresses,men,"Hugo Boss Max Kent Sharp Fit Cotton Dress Shirt — dresses tracked across 1 store. We compare live prices, stock and coupons so you always land on the cheapest active listing.",,,dresses; dresses,4.3,235,7408,false,https://n.nordstrommedia.com/it/6dbdc5f8-4b7d-4e20-97fa-b8a2386c8a08.jpeg,nordstrom-rack,69.98,128,IN STOCK,https://www.nordstromrack.com/s/boss-max-kent-sharp-fit-cotton-dress-shirt
PI-0199,hugo-boss-kent-sharp-fit-cotton-dress-shirt,Kent Sharp Fit Cotton Dress Shirt,hugo-boss,mens-clothing,Dresses,men,"Hugo Boss Kent Sharp Fit Cotton Dress Shirt — dresses tracked across 1 store. We compare live prices, stock and coupons so you always land on the cheapest active listing.",,,dresses; dresses,3.8,216,371,false,https://n.nordstrommedia.com/it/7132dfcd-7657-40bb-9015-db6afe5c85f5.jpeg,nordstrom-rack,69.98,128,IN STOCK,https://www.nordstromrack.com/s/boss-kent-sharp-fit-cotton-dress-shirt
PI-0200,hugo-boss-colby-loafer,Colby Loafer,hugo-boss,mens-shoes,Shoes,men,"Hugo Boss Colby Loafer — shoes tracked across 1 store. We compare live prices, stock and coupons so you always land on the cheapest active listing.",,,shoes; shoes,4.3,233,3156,false,https://n.nordstrommedia.com/it/43faad82-207c-4a9c-a6e9-9faf0d1d3287.jpeg,nordstrom-rack,89.98,180,IN STOCK,https://www.nordstromrack.com/s/boss-colby-loafer-men
PI-0001,michael-kors-piper-flat-pumps,Piper flat pumps,michael-kors,shoes,Women's Shoes,women,"Michael Kors Piper flat pumps — women's shoes tracked across 1 store. We compare live prices, stock and coupons so you always land on the cheapest active listing.",,,shoes; women-s-shoes,4.6,106,6983,false,https://cdn-images.farfetch-contents.com/36/75/57/84/36755784_71055541_480.jpg,farfetch-store,274,274,IN STOCK,https://www.farfetch.com/shopping/women/michael-kors-piper-flat-pumps-item-36755784.aspx
PI-0002,michael-kors-keaton-leather-sneakers,Keaton leather sneakers,michael-kors,shoes,Women's Shoes,women,"Michael Kors Keaton leather sneakers — women's shoes tracked across 1 store. We compare live prices, stock and coupons so you always land on the cheapest active listing.",,,shoes; women-s-shoes,4.1,87,300,false,https://cdn-images.farfetch-contents.com/23/36/69/37/23366937_53786135_480.jpg,farfetch-store,205,205,IN STOCK,https://www.farfetch.com/shopping/women/michael-kors-keaton-leather-sneakers-item-23366937.aspx
PI-0003,michael-kors-pointed-toe-chain-detail-ballet-flats,Pointed-toe chain-detail ballet flats,michael-kors,shoes,Women's Shoes,women,"Michael Kors Pointed-toe chain-detail ballet flats — women's shoes tracked across 1 store. We compare live prices, stock and coupons so you always land on the cheapest active listing.",,,shoes; women-s-shoes,3.6,68,1025,false,https://cdn-images.farfetch-contents.com/33/80/56/54/33805654_64661770_480.jpg,farfetch-store,236,236,IN STOCK,https://www.farfetch.com/shopping/women/michael-kors-pointed-toe-chain-detail-ballet-flats-item-33805654.aspx
PI-0004,michael-kors-50mm-blake-combat-boots,50mm Blake combat boots,michael-kors,shoes,Women's Shoes,women,"Michael Kors 50mm Blake combat boots — women's shoes tracked across 1 store. We compare live prices, stock and coupons so you always land on the cheapest active listing.",,,shoes; women-s-shoes,4.5,49,466,false,https://cdn-images.farfetch-contents.com/30/74/10/08/30741008_60847661_480.jpg,farfetch-store,182,362,IN STOCK,https://www.farfetch.com/shopping/women/michael-kors-50mm-blake-combat-boots-item-30741008.aspx
PI-0005,michael-kors-peyton-fringed-woven-sandals,Peyton fringed woven sandals,michael-kors,shoes,Women's Shoes,women,"Michael Kors Peyton fringed woven sandals — women's shoes tracked across 1 store. We compare live prices, stock and coupons so you always land on the cheapest active listing.",,,shoes; women-s-shoes,4,230,5341,false,https://cdn-images.farfetch-contents.com/36/28/29/29/36282929_68054303_480.jpg,farfetch-store,189,254,IN STOCK,https://www.farfetch.com/shopping/women/michael-kors-peyton-fringed-woven-sandals-item-36282929.aspx
PI-0006,michael-kors-cherie-logo-print-pumps,Cherie logo-print pumps,michael-kors,shoes,Women's Shoes,women,"Michael Kors Cherie logo-print pumps — women's shoes tracked across 1 store. We compare live prices, stock and coupons so you always land on the cheapest active listing.",,,shoes; women-s-shoes,4.9,211,6064,true,https://cdn-images.farfetch-contents.com/36/75/63/91/36756391_69553469_480.jpg,farfetch-store,299,299,IN STOCK,https://www.farfetch.com/shopping/women/michael-kors-cherie-logo-print-pumps-item-36756391.aspx
PI-0007,michael-kors-rhodes-panelled-suede-sneakers,Rhodes panelled suede sneakers,michael-kors,shoes,Women's Shoes,women,"Michael Kors Rhodes panelled suede sneakers — women's shoes tracked across 1 store. We compare live prices, stock and coupons so you always land on the cheapest active listing.",,,shoes; women-s-shoes,4.4,192,3299,false,https://cdn-images.farfetch-contents.com/37/07/34/43/37073443_69580115_480.jpg,farfetch-store,207,207,IN STOCK,https://www.farfetch.com/shopping/women/michael-kors-rhodes-panelled-suede-sneakers-item-37073443.aspx
PI-0008,michael-kors-satin-belted-jumpsuit,Satin belted jumpsuit,michael-kors,clothing,Women's Clothing,women,"Michael Kors Satin belted jumpsuit — women's clothing tracked across 1 store. We compare live prices, stock and coupons so you always land on the cheapest active listing.",,,clothing; women-s-clothing,3.9,173,2106,false,https://cdn-images.farfetch-contents.com/36/75/64/60/36756460_69451163_480.jpg,farfetch-store,492,492,IN STOCK,https://www.farfetch.com/shopping/women/michael-kors-satin-belted-jumpsuit-item-36756460.aspx
PI-0009,michael-kors-ruched-mini-dress,Ruched mini dress,michael-kors,clothing,Women's Clothing,women,"Michael Kors Ruched mini dress — women's clothing tracked across 1 store. We compare live prices, stock and coupons so you always land on the cheapest active listing.",,,dresses; women-s-clothing,4.8,154,4369,false,https://cdn-images.farfetch-contents.com/36/75/57/59/36755759_69424828_480.jpg,farfetch-store,206,206,IN STOCK,https://www.farfetch.com/shopping/women/michael-kors-ruched-mini-dress-item-36755759.aspx
PI-0010,michael-kors-pleated-ribbed-skirt,Pleated ribbed skirt,michael-kors,clothing,Women's Clothing,women,"Michael Kors Pleated ribbed skirt — women's clothing tracked across 1 store. We compare live prices, stock and coupons so you always land on the cheapest active listing.",,,clothing; women-s-clothing,3.8,116,6897,false,https://cdn-images.farfetch-contents.com/34/38/71/97/34387197_66914118_480.jpg,farfetch-store,354,354,IN STOCK,https://www.farfetch.com/shopping/women/michael-kors-pleated-ribbed-skirt-item-34387197.aspx
PI-0011,michael-kors-smocked-tie-neck-blouse,Smocked tie-neck blouse,michael-kors,clothing,Women's Clothing,women,"Michael Kors Smocked tie-neck blouse — women's clothing tracked across 1 store. We compare live prices, stock and coupons so you always land on the cheapest active listing.",,,clothing; women-s-clothing,4.3,135,1460,false,https://cdn-images.farfetch-contents.com/36/75/65/07/36756507_69451322_480.jpg,farfetch-store,422,422,IN STOCK,https://www.farfetch.com/shopping/women/michael-kors-smocked-tie-neck-blouse-item-36756507.aspx
PI-0012,michael-kors-monogram-trousers,Monogram trousers,michael-kors,clothing,Women's Clothing,women,"Michael Kors Monogram trousers — women's clothing tracked across 1 store. We compare live prices, stock and coupons so you always land on the cheapest active listing.",,,clothing; women-s-clothing,4.8,154,6265,false,https://cdn-images.farfetch-contents.com/32/92/63/96/32926396_65061529_480.jpg,farfetch-store,193,382,IN STOCK,https://www.farfetch.com/shopping/women/michael-kors-monogram-trousers-item-32926396.aspx
PI-0013,michael-kors-pleated-linen-short,Pleated linen short,michael-kors,clothing,Women's Clothing,women,"Michael Kors Pleated linen short — women's clothing tracked across 1 store. We compare live prices, stock and coupons so you always land on the cheapest active listing.",,,clothing; women-s-clothing,3.9,173,4638,false,https://cdn-images.farfetch-contents.com/34/38/71/77/34387177_66113709_480.jpg,farfetch-store,215,255,IN STOCK,https://www.farfetch.com/shopping/women/michael-kors-pleated-linen-short-item-34387177.aspx
PI-0014,michael-kors-smocked-tiered-midi-dress,Smocked tiered midi dress,michael-kors,clothing,Women's Clothing,women,"Michael Kors Smocked tiered midi dress — women's clothing tracked across 1 store. We compare live prices, stock and coupons so you always land on the cheapest active listing.",Red,,dresses; women-s-clothing,4.6,40,2995,false,https://cdn-images.farfetch-contents.com/36/75/64/54/36756454_69441690_480.jpg,farfetch-store,525,525,IN STOCK,https://www.farfetch.com/shopping/women/michael-kors-smocked-tiered-midi-dress-item-36756454.aspx
PI-0015,michael-kors-sheila-small-crossbody-bag,Sheila small crossbody bag,michael-kors,bags,Women's Bags,women,"Michael Kors Sheila small crossbody bag — women's bags tracked across 1 store. We compare live prices, stock and coupons so you always land on the cheapest active listing.",,,bags; women-s-bags,3.7,59,2160,false,https://cdn-images.farfetch-contents.com/35/47/08/98/35470898_66725315_480.jpg,farfetch-store,264.27,554.27,IN STOCK,https://www.farfetch.com/shopping/women/michael-kors-bolsa-crossbody-sheila-pequena-item-35470898.aspx
PI-0016,michael-kors-quinn-medium-tote-bag,Quinn medium tote bag,michael-kors,bags,Women's Bags,women,"Michael Kors Quinn medium tote bag — women's bags tracked across 1 store. We compare live prices, stock and coupons so you always land on the cheapest active listing.",,,bags; women-s-bags,4.2,78,3885,true,https://cdn-images.farfetch-contents.com/36/75/63/95/36756395_70301924_480.jpg,farfetch-store,436.81,436.81,IN STOCK,https://www.farfetch.com/shopping/women/michael-kors-tote-quinn-mediano-item-36756395.aspx
PI-0017,michael-kors-wristlet-shoulder-bag,Wristlet shoulder bag,michael-kors,bags,Women's Bags,women,"Michael Kors Wristlet shoulder bag — women's bags tracked across 1 store. We compare live prices, stock and coupons so you always land on the cheapest active listing.",,,bags; women-s-bags,4.7,97,1870,false,https://cdn-images.farfetch-contents.com/31/86/27/77/31862777_61839190_480.jpg,farfetch-store,206.81,206.81,IN STOCK,https://www.farfetch.com/shopping/women/michael-kors-bolsa-de-hombro-wristlet-item-31862777.aspx
PI-0018,michael-kors-hudson-commuter-backpack,Hudson Commuter backpack,michael-kors,bags,Women's Bags,women,"Michael Kors Hudson Commuter backpack — women's bags tracked across 1 store. We compare live prices, stock and coupons so you always land on the cheapest active listing.",,,bags; women-s-bags,4,164,1095,false,https://cdn-images.farfetch-contents.com/23/92/60/72/23926072_55148680_480.jpg,farfetch-store,443.73,639.95,IN STOCK,https://www.farfetch.com/shopping/women/michael-kors-mochila-hudson-commuter-item-23926072.aspx
PI-0019,michael-kors-jana-mini-leather-crossbody-bag,Jana mini leather crossbody bag,michael-kors,bags,Women's Bags,women,"Michael Kors Jana mini leather crossbody bag — women's bags tracked across 1 store. We compare live prices, stock and coupons so you always land on the cheapest active listing.",,,bags; women-s-bags,4.5,183,3332,true,https://cdn-images.farfetch-contents.com/36/75/57/99/36755799_70089446_480.jpg,farfetch-store,392.11,392.11,IN STOCK,https://www.farfetch.com/shopping/women/michael-kors-bolsa-crossbody-jana-mini-de-piel-item-36755799.aspx
PI-0020,michael-kors-jaycee-extra-small-backpack,Jaycee extra-small backpack,michael-kors,bags,Women's Bags,women,"Michael Kors Jaycee extra-small backpack — women's bags tracked across 1 store. We compare live prices, stock and coupons so you always land on the cheapest active listing.",,,bags; women-s-bags,3.7,209,5292,false,https://cdn-images.farfetch-contents.com/35/63/02/26/35630226_67116792_480.jpg,farfetch-store,258.65,616.16,IN STOCK,https://www.farfetch.com/shopping/women/michael-kors-mochila-jaycee-extrapequena-item-35630226.aspx
PI-0021,michael-kors-logo-print-tote-bag,Logo-print tote bag,michael-kors,bags,Women's Bags,women,"Michael Kors Logo-print tote bag — women's bags tracked across 1 store. We compare live prices, stock and coupons so you always land on the cheapest active listing.",,,bags; women-s-bags,4.2,228,2503,false,https://cdn-images.farfetch-contents.com/28/94/43/55/28944355_58415383_480.jpg,farfetch-store,362.7,362.7,IN STOCK,https://www.farfetch.com/shopping/women/michael-kors-tote-con-logo-estampado-item-28944355.aspx
PI-0001,coach-logo-plaque-stud-earrings,logo-plaque stud earrings,coach,jewelry,Jewelry-Accessories,women,"Coach logo-plaque stud earrings — jewelry-accessories tracked across 1 store. We compare live prices, stock and coupons so you always land on the cheapest active listing.",,,jewelry-accessories; jewelry-accessories,4.6,106,6983,false,https://cdn-images.farfetch-contents.com/38/16/44/18/38164418_71474498_480.jpg,farfetch-store,83,83,IN STOCK,https://www.farfetch.com/shopping/women/coach-logo-plaque-stud-earrings-item-38164418.aspx
PI-0002,coach-logo-plaque-bracelet,logo-plaque bracelet,coach,jewelry,Jewelry-Accessories,women,"Coach logo-plaque bracelet — jewelry-accessories tracked across 1 store. We compare live prices, stock and coupons so you always land on the cheapest active listing.",,,jewelry-accessories; jewelry-accessories,4.1,87,300,false,https://cdn-images.farfetch-contents.com/38/16/35/60/38163560_71242356_480.jpg,farfetch-store,129,129,IN STOCK,https://www.farfetch.com/shopping/women/coach-logo-plaque-bracelet-item-38163560.aspx
PI-0003,coach-26-tabby-shoulder-bag,26 Tabby shoulder bag,coach,bags,Bags,women,"Coach 26 Tabby shoulder bag — bags tracked across 1 store. We compare live prices, stock and coupons so you always land on the cheapest active listing.",,,bags; bags,3.6,68,1025,false,https://cdn-images.farfetch-contents.com/25/79/30/55/25793055_55910259_480.jpg,farfetch-store,550,550,IN STOCK,https://www.farfetch.com/shopping/women/coach-26-tabby-shoulder-bag-item-25793055.aspx
PI-0004,coach-logo-pendant-pearl-detail-necklace,logo-pendant pearl-detail necklace,coach,jewelry,Jewelry-Accessories,women,"Coach logo-pendant pearl-detail necklace — jewelry-accessories tracked across 1 store. We compare live prices, stock and coupons so you always land on the cheapest active listing.",,,jewelry-accessories; jewelry-accessories,4.5,49,466,false,https://cdn-images.farfetch-contents.com/38/16/33/83/38163383_71345033_480.jpg,farfetch-store,129,129,IN STOCK,https://www.farfetch.com/shopping/women/coach-logo-pendant-pearl-detail-necklace-item-38163383.aspx
PI-0005,coach-23-lana-tote-bag,23 Lana tote bag,coach,bags,Bags,women,"Coach 23 Lana tote bag — bags tracked across 1 store. We compare live prices, stock and coupons so you always land on the cheapest active listing.",,,bags; bags,4,230,5341,false,https://cdn-images.farfetch-contents.com/29/02/99/58/29029958_58260146_480.jpg,farfetch-store,462,462,IN STOCK,https://www.farfetch.com/shopping/women/coach-23-lana-tote-bag-item-29029958.aspx
PI-0006,coach-logo-plaque-leather-cardholder,logo-plaque leather cardholder,coach,bags,Bags,women,"Coach logo-plaque leather cardholder — bags tracked across 1 store. We compare live prices, stock and coupons so you always land on the cheapest active listing.",,,bags; bags,4.9,211,6064,true,https://cdn-images.farfetch-contents.com/21/34/85/45/21348545_51538319_480.jpg,farfetch-store,124,124,IN STOCK,https://www.farfetch.com/shopping/women/coach-logo-plaque-leather-cardholder-item-21348545.aspx
PI-0007,coach-tabby-20-leather-shoulder-bag,Tabby 20 leather shoulder bag,coach,bags,Bags,women,"Coach Tabby 20 leather shoulder bag — bags tracked across 1 store. We compare live prices, stock and coupons so you always land on the cheapest active listing.",,,bags; bags,4.4,192,3299,false,https://cdn-images.farfetch-contents.com/26/61/94/16/26619416_69502809_480.jpg,farfetch-store,350,350,IN STOCK,https://www.farfetch.com/shopping/women/coach-tabby-20-leather-shoulder-bag-item-26619416.aspx
PI-0008,coach-39-brooklyn-logo-tote-bag,39 Brooklyn logo tote bag,coach,bags,Bags,women,"Coach 39 Brooklyn logo tote bag — bags tracked across 1 store. We compare live prices, stock and coupons so you always land on the cheapest active listing.",,,bags; bags,3.9,173,2106,false,https://cdn-images.farfetch-contents.com/34/96/75/02/34967502_67022450_480.jpg,farfetch-store,498,498,IN STOCK,https://www.farfetch.com/shopping/women/coach-39-brooklyn-logo-tote-bag-item-34967502.aspx
PI-0009,coach-crystal-embellished-buckle-fastening-sandals,crystal-embellished buckle-fastening sandals,coach,shoes,Shoes,women,"Coach crystal-embellished buckle-fastening sandals — shoes tracked across 1 store. We compare live prices, stock and coupons so you always land on the cheapest active listing.",,,shoes; shoes,4.8,154,4369,false,https://cdn-images.farfetch-contents.com/36/52/92/30/36529230_69109860_480.jpg,farfetch-store,185,185,IN STOCK,https://www.farfetch.com/shopping/women/coach-crystal-embellished-buckle-fastening-sandals-item-36529230.aspx
PI-0010,coach-leah-patent-leather-loafers,Leah patent-leather loafers,coach,shoes,Shoes,women,"Coach Leah patent-leather loafers — shoes tracked across 1 store. We compare live prices, stock and coupons so you always land on the cheapest active listing.",,,shoes; shoes,3.8,116,6897,false,https://cdn-images.farfetch-contents.com/21/45/42/62/21454262_51412033_480.jpg,farfetch-store,146,195,IN STOCK,https://www.farfetch.com/shopping/women/coach-leah-patent-leather-loafers-item-21454262.aspx
PI-0011,coach-tabby-leather-shoulder-bag,Tabby leather shoulder bag,coach,bags,Bags,women,"Coach Tabby leather shoulder bag — bags tracked across 1 store. We compare live prices, stock and coupons so you always land on the cheapest active listing.",,,bags; bags,4.3,135,1460,false,https://cdn-images.farfetch-contents.com/32/39/24/93/32392493_63695383_480.jpg,farfetch-store,597,597,IN STOCK,https://www.farfetch.com/shopping/women/coach-tabby-leather-shoulder-bag-item-32392493.aspx
PI-0012,coach-lana-shoulder-bag-19,Lana shoulder bag 19,coach,bags,Bags,women,"Coach Lana shoulder bag 19 — bags tracked across 1 store. We compare live prices, stock and coupons so you always land on the cheapest active listing.",,,bags; bags,4.8,154,6265,false,https://cdn-images.farfetch-contents.com/36/73/68/07/36736807_69357935_480.jpg,farfetch-store,509,509,IN STOCK,https://www.farfetch.com/shopping/women/coach-lana-shoulder-bag-19-item-36736807.aspx
PI-0013,coach-tabby-26-shoulder-bag,Tabby 26 shoulder bag,coach,bags,Bags,women,"Coach Tabby 26 shoulder bag — bags tracked across 1 store. We compare live prices, stock and coupons so you always land on the cheapest active listing.",,,bags; bags,3.9,173,4638,false,https://cdn-images.farfetch-contents.com/32/16/79/00/32167900_62113094_480.jpg,farfetch-store,751,751,IN STOCK,https://www.farfetch.com/shopping/women/coach-tabby-26-shoulder-bag-item-32167900.aspx
PI-0014,coach-heart-floral-charm-necklace,heart floral charm necklace,coach,jewelry,Jewelry-Accessories,women,"Coach heart floral charm necklace — jewelry-accessories tracked across 1 store. We compare live prices, stock and coupons so you always land on the cheapest active listing.",Floral,,jewelry-accessories; jewelry-accessories,4.6,40,2995,false,https://cdn-images.farfetch-contents.com/33/24/01/83/33240183_64382242_480.jpg,farfetch-store,143,186,IN STOCK,https://www.farfetch.com/shopping/women/coach-heart-floral-charm-necklace-item-33240183.aspx
PI-0015,coach-tabby-flap-shoulder-bag,Tabby flap shoulder bag,coach,bags,Bags,women,"Coach Tabby flap shoulder bag — bags tracked across 1 store. We compare live prices, stock and coupons so you always land on the cheapest active listing.",,,bags; bags,3.7,59,2160,false,https://cdn-images.farfetch-contents.com/32/00/95/40/32009540_61942927_480.jpg,farfetch-store,438,438,IN STOCK,https://www.farfetch.com/shopping/women/coach-tabby-flap-shoulder-bag-item-32009540.aspx
PI-0016,coach-empire-top-handle-leather-tote-bag,Empire top-handle leather tote bag,coach,bags,Bags,women,"Coach Empire top-handle leather tote bag — bags tracked across 1 store. We compare live prices, stock and coupons so you always land on the cheapest active listing.",,,bags; bags,4.2,78,3885,true,https://cdn-images.farfetch-contents.com/31/08/47/51/31084751_60182173_480.jpg,farfetch-store,521,521,IN STOCK,https://www.farfetch.com/shopping/women/coach-empire-top-handle-leather-tote-bag-item-31084751.aspx
PI-0017,coach-brooklyn-39-shoulder-bag,Brooklyn 39 shoulder bag,coach,bags,Bags,women,"Coach Brooklyn 39 shoulder bag — bags tracked across 1 store. We compare live prices, stock and coupons so you always land on the cheapest active listing.",,,bags; bags,4.7,97,1870,false,https://cdn-images.farfetch-contents.com/30/84/54/99/30845499_59686743_480.jpg,farfetch-store,528,528,IN STOCK,https://www.farfetch.com/shopping/women/coach-brooklyn-39-shoulder-bag-item-30845499.aspx
PI-0018,coach-pebbled-leather-zip-around-wallet,pebbled leather zip-around wallet,coach,bags,Bags,women,"Coach pebbled leather zip-around wallet — bags tracked across 1 store. We compare live prices, stock and coupons so you always land on the cheapest active listing.",,,bags; bags,4,164,1095,false,https://cdn-images.farfetch-contents.com/37/39/55/05/37395505_70065294_480.jpg,farfetch-store,122,122,IN STOCK,https://www.farfetch.com/shopping/women/coach-pebbled-leather-zip-around-wallet-item-37395505.aspx
PI-0019,coach-tabby-26-logo-plaque-shoulder-bag,Tabby 26 logo-plaque shoulder bag,coach,bags,Bags,women,"Coach Tabby 26 logo-plaque shoulder bag — bags tracked across 1 store. We compare live prices, stock and coupons so you always land on the cheapest active listing.",,,bags; bags,4.5,183,3332,true,https://cdn-images.farfetch-contents.com/36/50/02/41/36500241_68583399_480.jpg,farfetch-store,846,846,IN STOCK,https://www.farfetch.com/shopping/women/coach-tabby-26-logo-plaque-shoulder-bag-item-36500241.aspx
PI-0020,coach-empire-carryall-34-leather-shoulder-bag,Empire Carryall 34 leather shoulder bag,coach,bags,Bags,women,"Coach Empire Carryall 34 leather shoulder bag — bags tracked across 1 store. We compare live prices, stock and coupons so you always land on the cheapest active listing.",,,bags; bags,3.7,209,5292,false,https://cdn-images.farfetch-contents.com/31/13/73/05/31137305_60344361_480.jpg,farfetch-store,495,828,IN STOCK,https://www.farfetch.com/shopping/women/coach-empire-carryall-34-leather-shoulder-bag-item-31137305.aspx
PI-0021,kate-spade-crystal-embellished-huggie-earrings,crystal-embellished huggie earrings,kate-spade,jewelry,Jewelry-Accessories,women,"Kate Spade crystal-embellished huggie earrings — jewelry-accessories tracked across 1 store. We compare live prices, stock and coupons so you always land on the cheapest active listing.",,,jewelry-accessories; jewelry-accessories,4.2,228,2503,false,https://cdn-images.farfetch-contents.com/38/16/33/65/38163365_71727444_480.jpg,farfetch-store,84.22,84.22,IN STOCK,https://www.farfetch.com/shopping/women/kate-spade-crystal-embellished-huggie-earrings-item-38163365.aspx
PI-0022,kate-spade-faux-fur-collar-jacket,faux-fur collar jacket,kate-spade,clothing,Clothing,women,"Kate Spade faux-fur collar jacket — clothing tracked across 1 store. We compare live prices, stock and coupons so you always land on the cheapest active listing.",,,clothing; clothing,4.1,171,1030,false,https://cdn-images.farfetch-contents.com/33/29/96/76/33299676_64195145_480.jpg,farfetch-store,428.92,550.45,IN STOCK,https://www.farfetch.com/shopping/women/kate-spade-faux-fur-collar-jacket-item-33299676.aspx
PI-0023,kate-spade-deco-tote-bag,Deco tote bag,kate-spade,bags,Bags,women,"Kate Spade Deco tote bag — bags tracked across 1 store. We compare live prices, stock and coupons so you always land on the cheapest active listing.",,,bags; bags,4.6,190,3937,false,https://cdn-images.farfetch-contents.com/25/63/33/82/25633382_55653403_480.jpg,farfetch-store,467.17,467.17,IN STOCK,https://www.farfetch.com/shopping/women/kate-spade-deco-tote-bag-item-25633382.aspx
PI-0024,kate-spade-safety-pin-besties-bracelets,safety-pin besties bracelets,kate-spade,jewelry,Jewelry-Accessories,women,"Kate Spade safety-pin besties bracelets — jewelry-accessories tracked across 1 store. We compare live prices, stock and coupons so you always land on the cheapest active listing.",,,jewelry-accessories; jewelry-accessories,4.3,85,6536,false,https://cdn-images.farfetch-contents.com/38/16/33/58/38163358_71454788_480.jpg,farfetch-store,96.45,96.45,IN STOCK,https://www.farfetch.com/shopping/women/kate-spade-safety-pin-besties-bracelets-item-38163358.aspx
PI-0025,kate-spade-summer-daze-fish-motif-necklace,Summer Daze fish-motif necklace,kate-spade,jewelry,Jewelry-Accessories,women,"Kate Spade Summer Daze fish-motif necklace — jewelry-accessories tracked across 1 store. We compare live prices, stock and coupons so you always land on the cheapest active listing.",,,jewelry-accessories; jewelry-accessories,4.8,104,4725,false,https://cdn-images.farfetch-contents.com/36/66/91/11/36669111_71106228_480.jpg,farfetch-store,84.22,84.22,IN STOCK,https://www.farfetch.com/shopping/women/kate-spade-summer-daze-fish-motif-necklace-item-36669111.aspx
PI-0026,kate-spade-mini-deco-embellished-shoulder-bag,mini Deco embellished shoulder bag,kate-spade,bags,Bags,women,"Kate Spade mini Deco embellished shoulder bag — bags tracked across 1 store. We compare live prices, stock and coupons so you always land on the cheapest active listing.",,,bags; bags,4.7,47,7718,false,https://cdn-images.farfetch-contents.com/33/08/40/30/33084030_63710104_480.jpg,farfetch-store,336.39,467.65,IN STOCK,https://www.farfetch.com/shopping/women/kate-spade-mini-deco-embellished-shoulder-bag-item-33084030.aspx
PI-0027,kate-spade-harmony-orb-strap-sandals,Harmony orb strap sandals,kate-spade,shoes,Shoes,women,"Kate Spade Harmony orb strap sandals — shoes tracked across 1 store. We compare live prices, stock and coupons so you always land on the cheapest active listing.",,,shoes; shoes,3.8,66,2267,false,https://cdn-images.farfetch-contents.com/33/78/00/03/33780003_64920189_480.jpg,farfetch-store,155.98,216.83,IN STOCK,https://www.farfetch.com/shopping/women/kate-spade-harmony-orb-strap-sandals-item-33780003.aspx
PI-0028,kate-spade-crystal-embellished-clover-earrings,crystal-embellished clover earrings,kate-spade,jewelry,Jewelry-Accessories,women,"Kate Spade crystal-embellished clover earrings — jewelry-accessories tracked across 1 store. We compare live prices, stock and coupons so you always land on the cheapest active listing.",,,jewelry-accessories; jewelry-accessories,3.9,57,5564,false,https://cdn-images.farfetch-contents.com/37/86/78/77/37867877_70867532_480.jpg,farfetch-store,96.45,96.45,IN STOCK,https://www.farfetch.com/shopping/women/kate-spade-crystal-embellished-clover-earrings-item-37867877.aspx
PI-0029,kate-spade-do-it-all-studded-leather-tote-bag,Do It All studded leather tote bag,kate-spade,bags,Bags,women,"Kate Spade Do It All studded leather tote bag — bags tracked across 1 store. We compare live prices, stock and coupons so you always land on the cheapest active listing.",,,bags; bags,4.4,76,3185,false,https://cdn-images.farfetch-contents.com/33/77/94/23/33779423_64949924_480.jpg,farfetch-store,343.4,436.02,IN STOCK,https://www.farfetch.com/shopping/women/kate-spade-do-it-all-studded-leather-tote-bag-item-33779423.aspx
PI-0030,kate-spade-embellished-ring-shoulder-bag,embellished ring shoulder bag,kate-spade,bags,Bags,women,"Kate Spade embellished ring shoulder bag — bags tracked across 1 store. We compare live prices, stock and coupons so you always land on the cheapest active listing.",,,bags; bags,3.6,218,6475,false,https://cdn-images.farfetch-contents.com/32/56/49/49/32564949_62875666_480.jpg,farfetch-store,867.3,867.3,IN STOCK,https://www.farfetch.com/shopping/women/kate-spade-emblellished-ring-shoulder-bag-item-32564949.aspx
PI-0031,kate-spade-deco-mini-cross-body-bag,Deco Mini cross body bag,kate-spade,bags,Bags,women,"Kate Spade Deco Mini cross body bag — bags tracked across 1 store. We compare live prices, stock and coupons so you always land on the cheapest active listing.",,,bags; bags,4.5,199,3482,true,https://cdn-images.farfetch-contents.com/25/53/38/79/25533879_55647697_480.jpg,farfetch-store,393.61,393.61,IN STOCK,https://www.farfetch.com/shopping/women/kate-spade-deco-mini-cross-body-bag-item-25533879.aspx
PI-0032,kate-spade-sam-icon-sneakers,Sam Icon sneakers,kate-spade,shoes,Shoes,women,"Kate Spade Sam Icon sneakers — shoes tracked across 1 store. We compare live prices, stock and coupons so you always land on the cheapest active listing.",,,shoes; shoes,4.6,56,869,false,https://cdn-images.farfetch-contents.com/33/78/00/48/33780048_64927292_480.jpg,farfetch-store,209.75,222,IN STOCK,https://www.farfetch.com/shopping/women/kate-spade-sam-icon-sneakers-item-33780048.aspx
PI-0033,kate-spade-clover-embellished-bangle-bracelet,clover-embellished bangle bracelet,kate-spade,jewelry,Jewelry-Accessories,women,"Kate Spade clover-embellished bangle bracelet — jewelry-accessories tracked across 1 store. We compare live prices, stock and coupons so you always land on the cheapest active listing.",,,jewelry-accessories; jewelry-accessories,4.1,237,2680,false,https://cdn-images.farfetch-contents.com/31/64/11/73/31641173_61552613_480.jpg,farfetch-store,145.71,189.4,IN STOCK,https://www.farfetch.com/shopping/women/kate-spade-clover-embellished-bangle-bracelet-item-31641173.aspx
PI-0034,kate-spade-duo-suede-cross-body-bag,Duo suede cross body bag,kate-spade,bags,Bags,women,"Kate Spade Duo suede cross body bag — bags tracked across 1 store. We compare live prices, stock and coupons so you always land on the cheapest active listing.",,,bags; bags,4.4,142,5361,false,https://cdn-images.farfetch-contents.com/32/56/80/38/32568038_62985931_480.jpg,farfetch-store,340.02,436.39,IN STOCK,https://www.farfetch.com/shopping/women/kate-spade-duo-suede-cross-body-bag-item-32568038.aspx
PI-0035,kate-spade-foil-emboss-logo-bag-charm,foil emboss-logo bag charm,kate-spade,bags,Bags,women,"Kate Spade foil emboss-logo bag charm — bags tracked across 1 store. We compare live prices, stock and coupons so you always land on the cheapest active listing.",,,bags; bags,3.9,123,5718,false,https://cdn-images.farfetch-contents.com/34/76/31/64/34763164_66564956_480.jpg,farfetch-store,130.06,130.06,IN STOCK,https://www.farfetch.com/shopping/women/kate-spade-foil-emboss-logo-bag-charm-item-34763164.aspx
PI-0036,kate-spade-precious-delights-hoop-earrings,Precious Delights hoop earrings,kate-spade,jewelry,Jewelry-Accessories,women,"Kate Spade Precious Delights hoop earrings — jewelry-accessories tracked across 1 store. We compare live prices, stock and coupons so you always land on the cheapest active listing.",,,jewelry-accessories; jewelry-accessories,4,180,6359,false,https://cdn-images.farfetch-contents.com/22/24/71/60/22247160_52118882_480.jpg,farfetch-store,101.24,112.48,IN STOCK,https://www.farfetch.com/shopping/women/kate-spade-precious-delights-hoop-earrings-item-22247160.aspx
PI-0037,kate-spade-deco-tote-bag-2,Deco tote bag (2),kate-spade,bags,Bags,women,"Kate Spade Deco tote bag (2) — bags tracked across 1 store. We compare live prices, stock and coupons so you always land on the cheapest active listing.",,,bags; bags,4.9,161,276,true,https://cdn-images.farfetch-contents.com/25/63/28/46/25632846_55653082_480.jpg,farfetch-store,489.98,489.98,IN STOCK,https://www.farfetch.com/shopping/women/kate-spade-deco-tote-bag-item-25632846.aspx
PI-0038,kate-spade-say-i-do-crystal-embellished-block-heel-sandals,Say I Do crystal-embellished block-heel sandals,kate-spade,shoes,Shoes,women,"Kate Spade Say I Do crystal-embellished block-heel sandals — shoes tracked across 1 store. We compare live prices, stock and coupons so you always land on the cheapest active listing.",,,shoes; shoes,3.8,66,2237,false,https://cdn-images.farfetch-contents.com/38/21/87/58/38218758_71304304_480.jpg,farfetch-store,314.02,314.02,IN STOCK,https://www.farfetch.com/shopping/women/kate-spade-say-i-do-crystal-embellished-block-heel-sandals-item-38218758.aspx
PI-0039,kate-spade-safety-pin-engraved-logo-bracelet,safety-pin engraved-logo bracelet,kate-spade,jewelry,Jewelry-Accessories,women,"Kate Spade safety-pin engraved-logo bracelet — jewelry-accessories tracked across 1 store. We compare live prices, stock and coupons so you always land on the cheapest active listing.",,,jewelry-accessories; jewelry-accessories,4.7,47,3902,false,https://cdn-images.farfetch-contents.com/38/23/63/62/38236362_71406620_480.jpg,farfetch-store,96.45,96.45,IN STOCK,https://www.farfetch.com/shopping/women/kate-spade-safety-pin-engraved-logo-bracelet-item-38236362.aspx
PI-0040,kate-spade-harmony-stud-earrings,Harmony stud earrings,kate-spade,jewelry,Jewelry-Accessories,women,"Kate Spade Harmony stud earrings — jewelry-accessories tracked across 1 store. We compare live prices, stock and coupons so you always land on the cheapest active listing.",,,jewelry-accessories; jewelry-accessories,4.1,223,2550,false,https://cdn-images.farfetch-contents.com/36/43/71/42/36437142_68628600_480.jpg,farfetch-store,72.02,72.02,IN STOCK,https://www.farfetch.com/shopping/women/kate-spade-harmony-stud-earrings-item-36437142.aspx
PI-0041,marc-jacobs-the-canvas-small-tote-bag,The Canvas Small Tote Bag,marc-jacobs,bags,Bags,women,"Marc Jacobs The Canvas Small Tote Bag — bags tracked across 1 store. We compare live prices, stock and coupons so you always land on the cheapest active listing.",,,bags; bags,4.6,42,3973,false,https://cdn-images.farfetch-contents.com/19/36/41/78/19364178_53566556_480.jpg,farfetch-store,231.05,231.05,IN STOCK,https://www.farfetch.com/shopping/women/marc-jacobs--item-19364178.aspx
PI-0042,marc-jacobs-the-sak-belt-leather-shoulder-bag,The Sak Belt Leather Shoulder Bag,marc-jacobs,bags,Bags,women,"Marc Jacobs The Sak Belt Leather Shoulder Bag — bags tracked across 1 store. We compare live prices, stock and coupons so you always land on the cheapest active listing.",,,bags; bags,3.7,61,7384,false,https://cdn-images.farfetch-contents.com/34/32/04/90/34320490_67831159_480.jpg,farfetch-store,683.75,683.75,IN STOCK,https://www.farfetch.com/shopping/women/marc-jacobs--item-34320490.aspx
PI-0043,marc-jacobs-mini-vanity-cross-body-bag,Mini Vanity Cross Body Bag,marc-jacobs,bags,Bags,women,"Marc Jacobs Mini Vanity Cross Body Bag — bags tracked across 1 store. We compare live prices, stock and coupons so you always land on the cheapest active listing.",,,bags; bags,4.2,80,6123,true,https://cdn-images.farfetch-contents.com/31/82/92/12/31829212_62760978_480.jpg,farfetch-store,253.43,428.88,IN STOCK,https://www.farfetch.com/shopping/women/marc-jacobs--item-31829212.aspx
PI-0044,marc-jacobs-the-sak-leather-shoulder-bag,The Sak Leather Shoulder Bag,marc-jacobs,bags,Bags,women,"Marc Jacobs The Sak Leather Shoulder Bag — bags tracked across 1 store. We compare live prices, stock and coupons so you always land on the cheapest active listing.",,,bags; bags,4.9,147,7798,false,https://cdn-images.farfetch-contents.com/34/32/04/46/34320446_67759704_480.jpg,farfetch-store,683.75,683.75,IN STOCK,https://www.farfetch.com/shopping/women/marc-jacobs--item-34320446.aspx
PI-0045,marc-jacobs-everyday-vanity-leather-cross-body-bag,Everyday Vanity Leather Cross Body Bag,marc-jacobs,bags,Bags,women,"Marc Jacobs Everyday Vanity Leather Cross Body Bag — bags tracked across 1 store. We compare live prices, stock and coupons so you always land on the cheapest active listing.",,,bags; bags,4,166,2321,false,https://cdn-images.farfetch-contents.com/31/82/91/02/31829102_62665974_480.jpg,farfetch-store,345.13,345.13,IN STOCK,https://www.farfetch.com/shopping/women/marc-jacobs--item-31829102.aspx
PI-0046,marc-jacobs-the-belt-sak-bag,The Belt Sak Bag,marc-jacobs,bags,Bags,women,"Marc Jacobs The Belt Sak Bag — bags tracked across 1 store. We compare live prices, stock and coupons so you always land on the cheapest active listing.",,,bags; bags,4.5,185,2356,false,https://cdn-images.farfetch-contents.com/34/32/15/49/34321549_67719696_480.jpg,farfetch-store,683.75,683.75,IN STOCK,https://www.farfetch.com/shopping/women/marc-jacobs--item-34321549.aspx
PI-0047,marc-jacobs-the-tote-medium-bag,The Tote Medium Bag,marc-jacobs,bags,Bags,women,"Marc Jacobs The Tote Medium Bag — bags tracked across 1 store. We compare live prices, stock and coupons so you always land on the cheapest active listing.",,,bags; bags,3.6,204,439,true,https://cdn-images.farfetch-contents.com/37/11/05/58/37110558_69779672_480.jpg,farfetch-store,196.39,196.39,IN STOCK,https://www.farfetch.com/shopping/women/marc-jacobs--item-37110558.aspx
PI-0048,marc-jacobs-the-72-spring-sneakers,The '72 Spring Sneakers,marc-jacobs,shoes,Shoes,women,"Marc Jacobs The '72 Spring Sneakers — shoes tracked across 1 store. We compare live prices, stock and coupons so you always land on the cheapest active listing.",,,shoes; shoes,4.3,71,1618,false,https://cdn-images.farfetch-contents.com/30/92/92/35/30929235_60946628_480.jpg,farfetch-store,388.45,388.45,IN STOCK,https://www.farfetch.com/shopping/women/marc-jacobs-72-item-30929235.aspx
PI-0049,marc-jacobs-sabrina-ballerina-flats,Sabrina Ballerina Flats,marc-jacobs,shoes,Shoes,women,"Marc Jacobs Sabrina Ballerina Flats — shoes tracked across 1 store. We compare live prices, stock and coupons so you always land on the cheapest active listing.",,,shoes; shoes,4.8,90,4627,false,https://cdn-images.farfetch-contents.com/31/82/91/71/31829171_62692560_480.jpg,farfetch-store,229.6,383.39,IN STOCK,https://www.farfetch.com/shopping/women/marc-jacobs--item-31829171.aspx
PI-0050,marc-jacobs-the-72-spring-sneakers-2,The '72 Spring Sneakers (2),marc-jacobs,shoes,Shoes,women,"Marc Jacobs The '72 Spring Sneakers (2) — shoes tracked across 1 store. We compare live prices, stock and coupons so you always land on the cheapest active listing.",,,shoes; shoes,4,232,5051,false,https://cdn-images.farfetch-contents.com/31/82/82/85/31828285_62666084_480.jpg,farfetch-store,345.13,345.13,IN STOCK,https://www.farfetch.com/shopping/women/marc-jacobs-72-item-31828285.aspx
PI-0051,marc-jacobs-black-midi-dress,Black Midi Dress,marc-jacobs,clothing,Dresses,women,"Marc Jacobs Black Midi Dress — dresses tracked across 1 store. We compare live prices, stock and coupons so you always land on the cheapest active listing.",Black,,dresses; dresses,4.9,213,3240,false,https://cdn-images.farfetch-contents.com/33/83/93/28/33839328_64635201_480.jpg,farfetch-store,363.18,605.78,IN STOCK,https://www.farfetch.com/shopping/women/marc-jacobs--item-33839328.aspx
PI-0052,marc-jacobs-layered-satin-slip-skirt,Layered Satin Slip Skirt,marc-jacobs,clothing,Clothing,women,"Marc Jacobs Layered Satin Slip Skirt — clothing tracked across 1 store. We compare live prices, stock and coupons so you always land on the cheapest active listing.",Red,,clothing; clothing,4.4,194,7509,false,https://cdn-images.farfetch-contents.com/37/13/54/21/37135421_70897682_480.jpg,farfetch-store,558.12,558.12,IN STOCK,https://www.farfetch.com/shopping/women/marc-jacobs--item-37135421.aspx
PI-0053,marc-jacobs-faux-fur-shrunken-trucker-jacket,Faux Fur Shrunken Trucker Jacket,marc-jacobs,clothing,Clothing,women,"Marc Jacobs Faux Fur Shrunken Trucker Jacket — clothing tracked across 1 store. We compare live prices, stock and coupons so you always land on the cheapest active listing.",,,clothing; clothing,3.9,175,2058,false,https://cdn-images.farfetch-contents.com/37/13/61/70/37136170_70796871_480.jpg,farfetch-store,599.28,599.28,IN STOCK,https://www.farfetch.com/shopping/women/marc-jacobs--item-37136170.aspx
PI-0054,marc-jacobs-glam-mirror-shoulder-bag,Glam Mirror Shoulder Bag,marc-jacobs,bags,Bags,women,"Marc Jacobs Glam Mirror Shoulder Bag — bags tracked across 1 store. We compare live prices, stock and coupons so you always land on the cheapest active listing.",,,bags; bags,4.8,156,3497,false,https://cdn-images.farfetch-contents.com/31/36/85/09/31368509_60816876_480.jpg,farfetch-store,402.17,402.17,IN STOCK,https://www.farfetch.com/shopping/women/marc-jacobs--item-31368509.aspx
PI-0055,marc-jacobs-oversized-bow-floral-canvas-medium-tote-bag,Oversized Bow Floral Canvas Medium Tote Bag,marc-jacobs,bags,Bags,women,"Marc Jacobs Oversized Bow Floral Canvas Medium Tote Bag — bags tracked across 1 store. We compare live prices, stock and coupons so you always land on the cheapest active listing.",Floral,,bags; bags,4.3,137,4484,false,https://cdn-images.farfetch-contents.com/37/13/55/07/37135507_70797838_480.jpg,farfetch-store,430.33,430.33,IN STOCK,https://www.farfetch.com/shopping/women/marc-jacobs--item-37135507.aspx
PI-0056,marc-jacobs-pop-j-mark-ankle-boots,Pop J Mark Ankle Boots,marc-jacobs,shoes,Shoes,women,"Marc Jacobs Pop J Mark Ankle Boots — shoes tracked across 1 store. We compare live prices, stock and coupons so you always land on the cheapest active listing.",,,shoes; shoes,3.8,118,5473,false,https://cdn-images.farfetch-contents.com/37/13/53/87/37135387_71145155_480.jpg,farfetch-store,560.29,560.29,IN STOCK,https://www.farfetch.com/shopping/women/marc-jacobs-j-item-37135387.aspx
PI-0057,marc-jacobs-babe-mini-vanity-bag,Babe Mini Vanity Bag,marc-jacobs,bags,Bags,women,"Marc Jacobs Babe Mini Vanity Bag — bags tracked across 1 store. We compare live prices, stock and coupons so you always land on the cheapest active listing.",,,bags; bags,4.7,99,4970,false,https://cdn-images.farfetch-contents.com/37/13/54/87/37135487_70796546_480.jpg,farfetch-store,268.59,268.59,IN STOCK,https://www.farfetch.com/shopping/women/marc-jacobs--item-37135487.aspx
PI-0058,marc-jacobs-bow-lace-up-ballerina-shoes,Bow Lace-Up Ballerina Shoes,marc-jacobs,shoes,Shoes,women,"Marc Jacobs Bow Lace-Up Ballerina Shoes — shoes tracked across 1 store. We compare live prices, stock and coupons so you always land on the cheapest active listing.",,,shoes; shoes,4.2,80,6899,false,https://cdn-images.farfetch-contents.com/37/13/54/03/37135403_71145844_480.jpg,farfetch-store,365.34,365.34,IN STOCK,https://www.farfetch.com/shopping/women/marc-jacobs--item-37135403.aspx
PI-0059,marc-jacobs-logo-print-bow-print-t-shirt,Logo-Print Bow-Print T-Shirt,marc-jacobs,clothing,Clothing,women,"Marc Jacobs Logo-Print Bow-Print T-Shirt — clothing tracked across 1 store. We compare live prices, stock and coupons so you always land on the cheapest active listing.",,,clothing; clothing,3.7,61,6656,false,https://cdn-images.farfetch-contents.com/37/13/54/10/37135410_70901190_480.jpg,farfetch-store,119.13,119.13,IN STOCK,https://www.farfetch.com/shopping/women/marc-jacobs--item-37135410.aspx
PI-0060,marc-jacobs-polka-dot-cut-out-dress,Polka Dot Cut-Out Dress,marc-jacobs,clothing,Dresses,women,"Marc Jacobs Polka Dot Cut-Out Dress — dresses tracked across 1 store. We compare live prices, stock and coupons so you always land on the cheapest active listing.",,,dresses; dresses,3.9,107,4768,false,https://cdn-images.farfetch-contents.com/30/92/91/25/30929125_60947673_480.jpg,farfetch-store,605.78,605.78,IN STOCK,https://www.farfetch.com/shopping/women/marc-jacobs--item-30929125.aspx
PI-0061,tory-burch-romy-leather-shoulder-bag,Romy leather shoulder bag,tory-burch,bags,Bags,women,"Tory Burch Romy leather shoulder bag — bags tracked across 1 store. We compare live prices, stock and coupons so you always land on the cheapest active listing.",,,bags; bags,4.8,88,4781,false,https://cdn-images.farfetch-contents.com/37/37/18/51/37371851_70056601_480.jpg,farfetch-store,389.13,389.13,IN STOCK,https://www.farfetch.com/shopping/women/tory-burch-sac-porte-epaule-romy-en-cuir-item-37371851.aspx
PI-0062,tory-burch-ines-slippers,Ines slippers,tory-burch,clothing,Clothing,women,"Tory Burch Ines slippers — clothing tracked across 1 store. We compare live prices, stock and coupons so you always land on the cheapest active listing.",,,clothing; clothing,4.9,145,4158,true,https://cdn-images.farfetch-contents.com/27/45/81/58/27458158_57230691_480.jpg,farfetch-store,268.48,268.48,IN STOCK,https://www.farfetch.com/shopping/women/tory-burch-chaussons-ines-item-27458158.aspx
PI-0063,tory-burch-lee-radziwill-double-small-handbag,Lee Radziwill Double small handbag,tory-burch,bags,Bags,women,"Tory Burch Lee Radziwill Double small handbag — bags tracked across 1 store. We compare live prices, stock and coupons so you always land on the cheapest active listing.",,,bags; bags,4.4,126,5491,false,https://cdn-images.farfetch-contents.com/34/57/59/12/34575912_65685090_480.jpg,farfetch-store,815.22,815.22,IN STOCK,https://www.farfetch.com/shopping/women/tory-burch-petit-sac-a-main-lee-radziwill-double-item-34575912.aspx
PI-0064,tory-burch-charlie-quilted-leather-mini-bag,Charlie quilted leather mini bag,tory-burch,bags,Bags,women,"Tory Burch Charlie quilted leather mini bag — bags tracked across 1 store. We compare live prices, stock and coupons so you always land on the cheapest active listing.",,,bags; bags,4.5,183,332,false,https://cdn-images.farfetch-contents.com/36/39/73/90/36397390_68256672_480.jpg,farfetch-store,508.7,508.7,IN STOCK,https://www.farfetch.com/shopping/women/tory-burch-mini-sac-charlie-en-cuir-matelasse-item-36397390.aspx
PI-0065,tory-burch-fleming-quilted-mini-tote-bag,Fleming quilted mini tote bag,tory-burch,bags,Bags,women,"Tory Burch Fleming quilted mini tote bag — bags tracked across 1 store. We compare live prices, stock and coupons so you always land on the cheapest active listing.",,,bags; bags,4,164,7521,false,https://cdn-images.farfetch-contents.com/25/37/48/37/25374837_55887053_480.jpg,farfetch-store,465.22,465.22,IN STOCK,https://www.farfetch.com/shopping/women/tory-burch-mini-cabas-fleming-a-design-matelasse-item-25374837.aspx
PI-0066,tory-burch-romy-slim-design-handbag,Romy slim design handbag,tory-burch,bags,Bags,women,"Tory Burch Romy slim design handbag — bags tracked across 1 store. We compare live prices, stock and coupons so you always land on the cheapest active listing.",,,bags; bags,4.1,221,7362,false,https://cdn-images.farfetch-contents.com/31/80/66/06/31806606_62940382_480.jpg,farfetch-store,309.78,309.78,IN STOCK,https://www.farfetch.com/shopping/women/tory-burch-sac-a-main-romy-a-design-fin-item-31806606.aspx
PI-0067,tory-burch-mini-miller-flip-flops,Mini Miller flip flops,tory-burch,clothing,Clothing,women,"Tory Burch Mini Miller flip flops — clothing tracked across 1 store. We compare live prices, stock and coupons so you always land on the cheapest active listing.",,,clothing; clothing,3.6,202,3337,false,https://cdn-images.farfetch-contents.com/29/65/13/17/29651317_59813190_480.jpg,farfetch-store,106.52,106.52,IN STOCK,https://www.farfetch.com/shopping/women/tory-burch-tongs-mini-miller-item-29651317.aspx
PI-0068,tory-burch-reva-travel-ballet-flats,Reva Travel ballet flats,tory-burch,lifestyle-accessories,Shoes,women,"Tory Burch Reva Travel ballet flats — shoes tracked across 1 store. We compare live prices, stock and coupons so you always land on the cheapest active listing.",,,shoes; shoes,4.1,155,6520,false,https://cdn-images.farfetch-contents.com/31/58/20/77/31582077_60963593_480.jpg,farfetch-store,201.08,201.08,IN STOCK,https://www.farfetch.com/shopping/women/tory-burch-ballerines-reva-travel-item-31582077.aspx
PI-0069,tory-burch-perry-tote-bag,Perry tote bag,tory-burch,bags,Bags,women,"Tory Burch Perry tote bag — bags tracked across 1 store. We compare live prices, stock and coupons so you always land on the cheapest active listing.",,,bags; bags,3.6,136,1829,true,https://cdn-images.farfetch-contents.com/30/10/75/27/30107527_59130824_480.jpg,farfetch-store,314.13,314.13,IN STOCK,https://www.farfetch.com/shopping/women/tory-burch-sac-cabas-perry-item-30107527.aspx
PI-0070,tory-burch-charlie-quilted-shoulder-bag,Charlie quilted shoulder bag,tory-burch,bags,Bags,women,"Tory Burch Charlie quilted shoulder bag — bags tracked across 1 store. We compare live prices, stock and coupons so you always land on the cheapest active listing.",,,bags; bags,4,98,3649,false,https://cdn-images.farfetch-contents.com/36/39/73/81/36397381_68259047_480.jpg,farfetch-store,590.22,590.22,IN STOCK,https://www.farfetch.com/shopping/women/tory-burch-sac-porte-epaule-charlie-a-design-matelasse-item-36397381.aspx
PI-0071,tory-burch-lee-radziwill-double-small-handbag-2,Lee Radziwill Double small handbag (2),tory-burch,bags,Bags,women,"Tory Burch Lee Radziwill Double small handbag (2) — bags tracked across 1 store. We compare live prices, stock and coupons so you always land on the cheapest active listing.",,,bags; bags,4.5,117,6950,true,https://cdn-images.farfetch-contents.com/34/57/59/66/34575966_65688175_480.jpg,farfetch-store,828.27,828.27,IN STOCK,https://www.farfetch.com/shopping/women/tory-burch-petit-sac-a-main-lee-radziwill-double-item-34575966.aspx
PI-0072,tory-burch-jelly-sandals,Jelly sandals,tory-burch,shoes,Shoes,women,"Tory Burch Jelly sandals — shoes tracked across 1 store. We compare live prices, stock and coupons so you always land on the cheapest active listing.",,,shoes; shoes,4.4,60,1127,false,https://cdn-images.farfetch-contents.com/34/38/06/84/34380684_68798381_480.jpg,farfetch-store,167.39,167.39,IN STOCK,https://www.farfetch.com/shopping/women/tory-burch-sandales-jelly-item-34380684.aspx
PI-0073,tory-burch-double-t-sport-slides,Double T Sport slides,tory-burch,shoes,Shoes,women,"Tory Burch Double T Sport slides — shoes tracked across 1 store. We compare live prices, stock and coupons so you always land on the cheapest active listing.",,,shoes; shoes,4.9,79,4748,false,https://cdn-images.farfetch-contents.com/19/04/22/12/19042212_41858969_480.jpg,farfetch-store,218.48,218.48,IN STOCK,https://www.farfetch.com/shopping/women/tory-burch-claquettes-double-t-sport-item-19042212.aspx
PI-0074,tory-burch-lee-radziwill-double-small-handbag-3,Lee Radziwill Double small handbag (3),tory-burch,bags,Bags,women,"Tory Burch Lee Radziwill Double small handbag (3) — bags tracked across 1 store. We compare live prices, stock and coupons so you always land on the cheapest active listing.",,,bags; bags,4.8,222,7099,true,https://cdn-images.farfetch-contents.com/34/57/48/10/34574810_65686262_480.jpg,farfetch-store,633.7,633.7,IN STOCK,https://www.farfetch.com/shopping/women/tory-burch-petit-sac-a-main-lee-radziwill-double-item-34574810.aspx
PI-0075,tory-burch-romy-suede-bag,Romy suede bag,tory-burch,bags,Bags,women,"Tory Burch Romy suede bag — bags tracked across 1 store. We compare live prices, stock and coupons so you always land on the cheapest active listing.",,,bags; bags,3.9,41,1798,false,https://cdn-images.farfetch-contents.com/37/26/35/33/37263533_71050268_480.jpg,farfetch-store,316.3,316.3,IN STOCK,https://www.farfetch.com/shopping/women/tory-burch-sac-romy-en-daim-item-37263533.aspx
PI-0076,tory-burch-kira-sport-sandals,Kira Sport sandals,tory-burch,shoes,Shoes,women,"Tory Burch Kira Sport sandals — shoes tracked across 1 store. We compare live prices, stock and coupons so you always land on the cheapest active listing.",,,shoes; shoes,3.8,184,1435,false,https://cdn-images.farfetch-contents.com/20/47/41/23/20474123_50472173_480.jpg,farfetch-store,242.39,242.39,IN STOCK,https://www.farfetch.com/shopping/women/tory-burch-sandales-kira-sport-item-20474123.aspx
PI-0077,tory-burch-romy-leather-bucket-bag,Romy leather bucket bag,tory-burch,bags,Bags,women,"Tory Burch Romy leather bucket bag — bags tracked across 1 store. We compare live prices, stock and coupons so you always land on the cheapest active listing.",,,bags; bags,4.3,203,1672,false,https://cdn-images.farfetch-contents.com/27/45/90/95/27459095_57232475_480.jpg,farfetch-store,380.43,380.43,IN STOCK,https://www.farfetch.com/shopping/women/tory-burch-sac-seau-romy-en-cuir-item-27459095.aspx
PI-0078,tory-burch-charlie-quilted-mini-shoulder-bag,Charlie quilted mini shoulder bag,tory-burch,bags,Bags,women,"Tory Burch Charlie quilted mini shoulder bag — bags tracked across 1 store. We compare live prices, stock and coupons so you always land on the cheapest active listing.",,,bags; bags,3.8,50,5593,false,https://cdn-images.farfetch-contents.com/36/96/84/45/36968445_69457665_480.jpg,farfetch-store,341.3,341.3,IN STOCK,https://www.farfetch.com/shopping/women/tory-burch-mini-sac-a-bandouliere-charlie-matelasse-item-36968445.aspx
PI-0079,tory-burch-kira-quilted-flip-flops,Kira quilted flip flops,tory-burch,clothing,Clothing,women,"Tory Burch Kira quilted flip flops — clothing tracked across 1 store. We compare live prices, stock and coupons so you always land on the cheapest active listing.",,,clothing; clothing,4.3,69,190,false,https://cdn-images.farfetch-contents.com/29/28/62/59/29286259_58278681_480.jpg,farfetch-store,119.57,119.57,IN STOCK,https://www.farfetch.com/shopping/women/tory-burch-tongs-kira-a-design-matelasse-item-29286259.aspx
PI-0080,tory-burch-charlie-quilted-suede-shoulder-bag,Charlie quilted suede shoulder bag,tory-burch,bags,Bags,women,"Tory Burch Charlie quilted suede shoulder bag — bags tracked across 1 store. We compare live prices, stock and coupons so you always land on the cheapest active listing.",,,bags; bags,4.7,195,4058,false,https://cdn-images.farfetch-contents.com/37/03/30/66/37033066_71101104_480.jpg,farfetch-store,595.65,595.65,IN STOCK,https://www.farfetch.com/shopping/women/tory-burch-sac-porte-epaule-charlie-a-design-matelasse-en-daim-item-37033066.aspx
PI-0081,ted-baker-jonora-dress-with-balloon-sleeves-and-floral-print,Jonora dress with balloon sleeves and floral print,ted-baker,clothing,Dresses,women,"Ted Baker Jonora dress with balloon sleeves and floral print — dresses tracked across 1 store. We compare live prices, stock and coupons so you always land on the cheapest active listing.",Floral,,dresses; dresses,3.8,214,4415,false,https://cdn-images.farfetch-contents.com/36/61/15/22/36611522_68651624_480.jpg,farfetch-store,375,375,IN STOCK,https://www.farfetch.com/shopping/women/ted-baker-vestido-jonora-con-mangas-farol-y-estampado-floral-item-36611522.aspx
PI-0082,ted-baker-jolyye-24mm-watch,Jolyye 24mm watch,ted-baker,jewelry,Jewelry-Accessories,women,"Ted Baker Jolyye 24mm watch — jewelry-accessories tracked across 1 store. We compare live prices, stock and coupons so you always land on the cheapest active listing.",,,jewelry-accessories; jewelry-accessories,4.3,233,1500,false,https://cdn-images.farfetch-contents.com/28/69/87/70/28698770_61031129_480.jpg,farfetch-store,238,281,IN STOCK,https://www.farfetch.com/shopping/women/ted-baker-reloj-jolyye-de-24mm-item-28698770.aspx
PI-0083,ted-baker-kkassia-large-belt-bag-with-woven-design-and-leather-trim,Kkassia large belt bag with woven design and leather trim,ted-baker,bags,Bags,women,"Ted Baker Kkassia large belt bag with woven design and leather trim — bags tracked across 1 store. We compare live prices, stock and coupons so you always land on the cheapest active listing.",,,bags; bags,4.8,52,3417,false,https://cdn-images.farfetch-contents.com/38/42/47/64/38424764_71599091_480.jpg,farfetch-store,207,207,IN STOCK,https://www.farfetch.com/shopping/women/ted-baker-rinonera-kkassia-grande-con-diseno-tejido-y-ribete-de-cuero-item-38424764.aspx
PI-0084,ted-baker-alati-blouse,Alati blouse,ted-baker,clothing,Clothing,women,"Ted Baker Alati blouse — clothing tracked across 1 store. We compare live prices, stock and coupons so you always land on the cheapest active listing.",,,clothing; clothing,3.9,71,6294,false,https://cdn-images.farfetch-contents.com/36/38/81/42/36388142_68226743_480.jpg,farfetch-store,178,178,IN STOCK,https://www.farfetch.com/shopping/women/ted-baker-blusa-alati-item-36388142.aspx
PI-0085,ted-baker-sanderr-sweater,Sanderr sweater,ted-baker,clothing,Clothing,women,"Ted Baker Sanderr sweater — clothing tracked across 1 store. We compare live prices, stock and coupons so you always land on the cheapest active listing.",,,clothing; clothing,4.4,90,7525,false,https://cdn-images.farfetch-contents.com/36/38/81/48/36388148_68223246_480.jpg,farfetch-store,153,153,IN STOCK,https://www.farfetch.com/shopping/women/ted-baker-sueter-sanderr-item-36388148.aspx
PI-0086,ted-baker-rose-trench-coat,Rose trench coat,ted-baker,clothing,Clothing,women,"Ted Baker Rose trench coat — clothing tracked across 1 store. We compare live prices, stock and coupons so you always land on the cheapest active listing.",,,clothing; clothing,4.9,109,3320,true,https://cdn-images.farfetch-contents.com/36/38/82/14/36388214_68252767_480.jpg,farfetch-store,488,488,IN STOCK,https://www.farfetch.com/shopping/women/ted-baker-gabardina-rose-item-36388214.aspx
PI-0087,ted-baker-kander-midi-skirt,Kander midi skirt,ted-baker,clothing,Clothing,women,"Ted Baker Kander midi skirt — clothing tracked across 1 store. We compare live prices, stock and coupons so you always land on the cheapest active listing.",,,clothing; clothing,4,128,5131,false,https://cdn-images.farfetch-contents.com/36/38/81/66/36388166_68278520_480.jpg,farfetch-store,281,281,IN STOCK,https://www.farfetch.com/shopping/women/ted-baker-falda-midi-kander-item-36388166.aspx
PI-0088,ted-baker-aracely-short-dress-with-floral-motif,Aracely short dress with floral motif,ted-baker,clothing,Dresses,women,"Ted Baker Aracely short dress with floral motif — dresses tracked across 1 store. We compare live prices, stock and coupons so you always land on the cheapest active listing.",Floral,,dresses; dresses,4.9,43,2670,false,https://cdn-images.farfetch-contents.com/38/44/97/85/38449785_71718731_480.jpg,farfetch-store,227,227,IN STOCK,https://www.farfetch.com/shopping/women/ted-baker-vestido-corto-aracely-con-motivo-floral-item-38449785.aspx
PI-0089,ted-baker-lileey-16mm-watch,Lileey 16mm watch,ted-baker,jewelry,Jewelry-Accessories,women,"Ted Baker Lileey 16mm watch — jewelry-accessories tracked across 1 store. We compare live prices, stock and coupons so you always land on the cheapest active listing.",,,jewelry-accessories; jewelry-accessories,4,62,8103,false,https://cdn-images.farfetch-contents.com/32/61/95/51/32619551_62949961_480.jpg,farfetch-store,217,311,IN STOCK,https://www.farfetch.com/shopping/women/ted-baker-reloj-lileey-de-16mm-item-32619551.aspx
PI-0090,ted-baker-georie-long-jumpsuit,Georie long jumpsuit,ted-baker,clothing,Clothing,women,"Ted Baker Georie long jumpsuit — clothing tracked across 1 store. We compare live prices, stock and coupons so you always land on the cheapest active listing.",,,clothing; clothing,4.6,204,1993,false,https://cdn-images.farfetch-contents.com/36/38/84/18/36388418_68280970_480.jpg,farfetch-store,326,326,IN STOCK,https://www.farfetch.com/shopping/women/ted-baker-jumpsuit-largo-georie-item-36388418.aspx
PI-0091,ted-baker-louannn-floral-print-t-shirt,Louannn floral print t-shirt,ted-baker,clothing,Clothing,women,"Ted Baker Louannn floral print t-shirt — clothing tracked across 1 store. We compare live prices, stock and coupons so you always land on the cheapest active listing.",Floral,,clothing; clothing,4.1,185,740,true,https://cdn-images.farfetch-contents.com/38/27/01/36/38270136_71388327_480.jpg,farfetch-store,89,89,IN STOCK,https://www.farfetch.com/shopping/women/ted-baker-camiseta-louannn-con-estampado-floral-item-38270136.aspx
PI-0092,ted-baker-shii-bomber-jacket,Shii bomber jacket,ted-baker,clothing,Clothing,women,"Ted Baker Shii bomber jacket — clothing tracked across 1 store. We compare live prices, stock and coupons so you always land on the cheapest active listing.",,,clothing; clothing,3.6,166,559,false,https://cdn-images.farfetch-contents.com/36/38/82/71/36388271_68225168_480.jpg,farfetch-store,222,222,IN STOCK,https://www.farfetch.com/shopping/women/ted-baker-chamarra-bomber-shii-item-36388271.aspx
PI-0093,ted-baker-long-dress-with-lace-up-detail,Long dress with lace-up detail,ted-baker,clothing,Dresses,women,"Ted Baker Long dress with lace-up detail — dresses tracked across 1 store. We compare live prices, stock and coupons so you always land on the cheapest active listing.",,,dresses; dresses,4.5,147,5798,false,https://cdn-images.farfetch-contents.com/36/61/14/51/36611451_68652816_480.jpg,farfetch-store,424,424,IN STOCK,https://www.farfetch.com/shopping/women/ted-baker-vestido-largo-con-cordones-item-36611451.aspx
PI-0094,ted-baker-35-5mm-stainless-steel-watch,35.5mm stainless steel watch,ted-baker,jewelry,Jewelry-Accessories,women,"Ted Baker 35.5mm stainless steel watch — jewelry-accessories tracked across 1 store. We compare live prices, stock and coupons so you always land on the cheapest active listing.",,,jewelry-accessories; jewelry-accessories,3.8,80,1557,false,https://cdn-images.farfetch-contents.com/30/80/50/32/30805032_61037207_480.jpg,farfetch-store,119,125,IN STOCK,https://www.farfetch.com/shopping/women/ted-baker-reloj-de-355mm-en-acero-inoxidable-item-30805032.aspx
PI-0095,ted-baker-marssia-sweatshirt,Marssia sweatshirt,ted-baker,clothing,Clothing,women,"Ted Baker Marssia sweatshirt — clothing tracked across 1 store. We compare live prices, stock and coupons so you always land on the cheapest active listing.",,,clothing; clothing,4.7,61,4520,true,https://cdn-images.farfetch-contents.com/36/38/91/13/36389113_68273363_480.jpg,farfetch-store,138,138,IN STOCK,https://www.farfetch.com/shopping/women/ted-baker-sudadera-marssia-item-36389113.aspx
PI-0096,ted-baker-midi-dress-with-floral-print,Midi dress with floral print,ted-baker,clothing,Dresses,women,"Ted Baker Midi dress with floral print — dresses tracked across 1 store. We compare live prices, stock and coupons so you always land on the cheapest active listing.",Floral,,dresses; dresses,4.2,42,251,false,https://cdn-images.farfetch-contents.com/37/44/85/06/37448506_70194711_480.jpg,farfetch-store,375,375,IN STOCK,https://www.farfetch.com/shopping/women/ted-baker-vestido-midi-con-estampado-floral-item-37448506.aspx
PI-0097,ted-baker-ammy-hearts-34mm-bracelet-and-bracelet-set,Ammy Hearts 34mm bracelet and bracelet set,ted-baker,jewelry,Jewelry-Accessories,women,"Ted Baker Ammy Hearts 34mm bracelet and bracelet set — jewelry-accessories tracked across 1 store. We compare live prices, stock and coupons so you always land on the cheapest active listing.",,,jewelry-accessories; jewelry-accessories,3.7,223,5766,true,https://cdn-images.farfetch-contents.com/32/61/87/26/32618726_62949980_480.jpg,farfetch-store,178,237,IN STOCK,https://www.farfetch.com/shopping/women/ted-baker-set-de-pulsera-y-pulsera-ammy-hearts-de-34mm-item-32618726.aspx
PI-0098,ted-baker-lahnaa-blouse,Lahnaa blouse,ted-baker,clothing,Clothing,women,"Ted Baker Lahnaa blouse — clothing tracked across 1 store. We compare live prices, stock and coupons so you always land on the cheapest active listing.",,,clothing; clothing,4.8,52,5599,false,https://cdn-images.farfetch-contents.com/36/38/83/44/36388344_68306252_480.jpg,farfetch-store,178,178,IN STOCK,https://www.farfetch.com/shopping/women/ted-baker-blusa-lahnaa-item-36388344.aspx
PI-0099,ted-baker-sannii-midi-dress,Sannii midi dress,ted-baker,clothing,Dresses,women,"Ted Baker Sannii midi dress — dresses tracked across 1 store. We compare live prices, stock and coupons so you always land on the cheapest active listing.",,,dresses; dresses,4.3,233,3348,false,https://cdn-images.farfetch-contents.com/36/38/83/58/36388358_68373879_480.jpg,farfetch-store,474,474,IN STOCK,https://www.farfetch.com/shopping/women/ted-baker-vestido-midi-sannii-item-36388358.aspx
PI-0100,ted-baker-layleta-bikini-bottom,Layleta bikini bottom,ted-baker,clothing,Clothing,women,"Ted Baker Layleta bikini bottom — clothing tracked across 1 store. We compare live prices, stock and coupons so you always land on the cheapest active listing.",,,clothing; clothing,4.6,62,1617,false,https://cdn-images.farfetch-contents.com/36/39/76/77/36397677_68741863_480.jpg,farfetch-store,79,79,IN STOCK,https://www.farfetch.com/shopping/women/ted-baker-bikini-bottom-layleta-item-36397677.aspx
PI-0101,prada-small-shoulder-bag-with-buckle-detail,small shoulder bag with buckle detail,prada,bags,Bags,women,"Prada small shoulder bag with buckle detail — bags tracked across 1 store. We compare live prices, stock and coupons so you always land on the cheapest active listing.",,,bags; bags,4.1,43,4858,false,https://cdn-images.farfetch-contents.com/37/65/56/31/37655631_70495506_480.jpg,farfetch-store,1920,1920,IN STOCK,https://www.farfetch.com/shopping/women/prada-bolsa-de-hombro-pequena-con-detalle-de-hebilla-item-37655631.aspx
PI-0102,prada-satin-skirt,satin skirt,prada,clothing,Clothing,women,"Prada satin skirt — clothing tracked across 1 store. We compare live prices, stock and coupons so you always land on the cheapest active listing.",,,clothing; clothing,4.2,100,439,false,https://cdn-images.farfetch-contents.com/37/69/65/32/37696532_70642213_480.jpg,farfetch-store,1740,1740,IN STOCK,https://www.farfetch.com/shopping/women/prada-falda-de-saten-item-37696532.aspx
PI-0103,prada-leather-sneakers-with-back-strap,leather sneakers with back strap,prada,shoes,Shoes,women,"Prada leather sneakers with back strap — shoes tracked across 1 store. We compare live prices, stock and coupons so you always land on the cheapest active listing.",,,shoes; shoes,3.7,81,2300,true,https://cdn-images.farfetch-contents.com/37/35/26/44/37352644_70018297_480.jpg,farfetch-store,252,252,IN STOCK,https://www.farfetch.com/shopping/women/prada-zapatillas-de-piel-con-tira-trasera-item-37352644.aspx
PI-0104,prada-suede-sneakers-with-back-strap,suede sneakers with back strap,prada,shoes,Shoes,women,"Prada suede sneakers with back strap — shoes tracked across 1 store. We compare live prices, stock and coupons so you always land on the cheapest active listing.",,,shoes; shoes,3.8,138,645,false,https://cdn-images.farfetch-contents.com/37/60/79/98/37607998_70399331_480.jpg,farfetch-store,522,522,IN STOCK,https://www.farfetch.com/shopping/women/prada-zapatillas-de-gamuza-con-tira-trasera-item-37607998.aspx
PI-0105,prada-compact-printed-dress,compact printed dress,prada,clothing,Dresses,women,"Prada compact printed dress — dresses tracked across 1 store. We compare live prices, stock and coupons so you always land on the cheapest active listing.",,,dresses; dresses,4.7,119,7034,false,https://cdn-images.farfetch-contents.com/38/04/04/81/38040481_71009422_480.jpg,farfetch-store,1800,1800,IN STOCK,https://www.farfetch.com/shopping/women/prada-vestido-compacto-estampado-item-38040481.aspx
PI-0106,prada-buckle-small-leather-bag,Buckle small leather bag,prada,bags,Bags,women,"Prada Buckle small leather bag — bags tracked across 1 store. We compare live prices, stock and coupons so you always land on the cheapest active listing.",,,bags; bags,4.8,176,3499,false,https://cdn-images.farfetch-contents.com/36/94/33/43/36943343_69232568_480.jpg,farfetch-store,1590,1590,IN STOCK,https://www.farfetch.com/shopping/women/prada-bolsa-de-piel-buckle-pequena-item-36943343.aspx
PI-0107,prada-embroidered-silk-dress,embroidered silk dress,prada,clothing,Dresses,women,"Prada embroidered silk dress — dresses tracked across 1 store. We compare live prices, stock and coupons so you always land on the cheapest active listing.",Red,,dresses; dresses,4.3,157,1688,false,https://cdn-images.farfetch-contents.com/37/77/14/06/37771406_70630267_480.jpg,farfetch-store,1460,1460,IN STOCK,https://www.farfetch.com/shopping/women/prada-vestido-de-seda-con-bordado-item-37771406.aspx
PI-0108,prada-houndstooth-and-fur-jacket,houndstooth and fur jacket,prada,clothing,Clothing,women,"Prada houndstooth and fur jacket — clothing tracked across 1 store. We compare live prices, stock and coupons so you always land on the cheapest active listing.",,,clothing; clothing,4.8,110,1735,false,https://cdn-images.farfetch-contents.com/38/04/05/03/38040503_71007019_480.jpg,farfetch-store,1420,1420,IN STOCK,https://www.farfetch.com/shopping/women/prada-chaqueta-con-motivo-pied-de-poule-y-piel-item-38040503.aspx
PI-0109,prada-poplin-shirt,poplin shirt,prada,clothing,Clothing,women,"Prada poplin shirt — clothing tracked across 1 store. We compare live prices, stock and coupons so you always land on the cheapest active listing.",,,clothing; clothing,4.3,91,3342,true,https://cdn-images.farfetch-contents.com/37/39/01/01/37390101_70063834_480.jpg,farfetch-store,1140,1140,IN STOCK,https://www.farfetch.com/shopping/women/prada-camisa-de-popelina-item-37390101.aspx
PI-0110,prada-bonnie-mini-leather-bag,Bonnie mini leather bag,prada,bags,Bags,women,"Prada Bonnie mini leather bag — bags tracked across 1 store. We compare live prices, stock and coupons so you always land on the cheapest active listing.",,,bags; bags,4.9,59,2464,true,https://cdn-images.farfetch-contents.com/37/46/77/96/37467796_70230142_480.jpg,farfetch-store,2130,2130,IN STOCK,https://www.farfetch.com/shopping/women/prada-bolsa-bonnie-mini-de-piel-item-37467796.aspx
PI-0111,prada-compact-pants-with-trench-coat-fabric,compact pants with trench coat fabric,prada,clothing,Clothing,women,"Prada compact pants with trench coat fabric — clothing tracked across 1 store. We compare live prices, stock and coupons so you always land on the cheapest active listing.",,,clothing; clothing,4.4,40,2707,true,https://cdn-images.farfetch-contents.com/37/83/91/61/37839161_70724998_480.jpg,farfetch-store,1140,1140,IN STOCK,https://www.farfetch.com/shopping/women/prada-pants-compactos-con-gabardina-item-37839161.aspx
PI-0112,prada-wish-bag,Wish bag,prada,bags,Bags,women,"Prada Wish bag — bags tracked across 1 store. We compare live prices, stock and coupons so you always land on the cheapest active listing.",,,bags; bags,4.5,97,2158,false,https://cdn-images.farfetch-contents.com/37/69/65/19/37696519_70667467_480.jpg,farfetch-store,1450,1450,IN STOCK,https://www.farfetch.com/shopping/women/prada-bolsa-wish-item-37696519.aspx
PI-0113,prada-coat-with-buttons,coat with buttons,prada,clothing,Clothing,women,"Prada coat with buttons — clothing tracked across 1 store. We compare live prices, stock and coupons so you always land on the cheapest active listing.",,,clothing; clothing,4,78,5517,false,https://cdn-images.farfetch-contents.com/38/03/99/03/38039903_71013283_480.jpg,farfetch-store,1280,1280,IN STOCK,https://www.farfetch.com/shopping/women/prada-abrigo-con-botones-item-38039903.aspx
PI-0114,prada-leather-sneakers-with-back-strap-2,leather sneakers with back strap (2),prada,shoes,Shoes,women,"Prada leather sneakers with back strap (2) — shoes tracked across 1 store. We compare live prices, stock and coupons so you always land on the cheapest active listing.",,,shoes; shoes,4.1,135,1692,false,https://cdn-images.farfetch-contents.com/37/83/91/80/37839180_70954105_480.jpg,farfetch-store,528,528,IN STOCK,https://www.farfetch.com/shopping/women/prada-zapatillas-de-piel-con-tira-trasera-item-37839180.aspx
PI-0115,prada-devore-satin-dress,devore satin dress,prada,clothing,Dresses,women,"Prada devore satin dress — dresses tracked across 1 store. We compare live prices, stock and coupons so you always land on the cheapest active listing.",,,dresses; dresses,3.6,116,2399,true,https://cdn-images.farfetch-contents.com/37/69/64/94/37696494_70562276_480.jpg,farfetch-store,2000,2000,IN STOCK,https://www.farfetch.com/shopping/women/prada-vestido-de-saten-devore-item-37696494.aspx
PI-0116,prada-cardigan-with-zip,cardigan with zip,prada,clothing,Clothing,women,"Prada cardigan with zip — clothing tracked across 1 store. We compare live prices, stock and coupons so you always land on the cheapest active listing.",,,clothing; clothing,3.7,173,5298,false,https://cdn-images.farfetch-contents.com/37/39/00/75/37390075_70066438_480.jpg,farfetch-store,1960,1960,IN STOCK,https://www.farfetch.com/shopping/women/prada-cardigan-con-cierre-item-37390075.aspx
PI-0117,prada-shoulder-bag-with-logo-plaque,shoulder bag with logo plaque,prada,bags,Bags,women,"Prada shoulder bag with logo plaque — bags tracked across 1 store. We compare live prices, stock and coupons so you always land on the cheapest active listing.",,,bags; bags,4.6,154,7895,false,https://cdn-images.farfetch-contents.com/37/27/27/56/37272756_69858684_480.jpg,farfetch-store,1830,1830,IN STOCK,https://www.farfetch.com/shopping/women/prada-bolsa-de-hombro-con-placa-del-logo-item-37272756.aspx
PI-0118,prada-short-top-with-duchesse-motif,short top with Duchesse motif,prada,clothing,Clothing,women,"Prada short top with Duchesse motif — clothing tracked across 1 store. We compare live prices, stock and coupons so you always land on the cheapest active listing.",,,clothing; clothing,3.7,107,520,false,https://cdn-images.farfetch-contents.com/37/40/93/11/37409311_70098150_480.jpg,farfetch-store,1420,1420,IN STOCK,https://www.farfetch.com/shopping/women/prada-top-corto-con-motivo-duchesse-item-37409311.aspx
PI-0119,prada-cotton-midi-skirt,cotton midi skirt,prada,clothing,Clothing,women,"Prada cotton midi skirt — clothing tracked across 1 store. We compare live prices, stock and coupons so you always land on the cheapest active listing.",,,clothing; clothing,4.6,88,3483,false,https://cdn-images.farfetch-contents.com/37/39/00/69/37390069_70064288_480.jpg,farfetch-store,1750,1750,IN STOCK,https://www.farfetch.com/shopping/women/prada-falda-midi-de-algodon-item-37390069.aspx
PI-0120,prada-leather-flats,leather flats,prada,shoes,Shoes,women,"Prada leather flats — shoes tracked across 1 store. We compare live prices, stock and coupons so you always land on the cheapest active listing.",,,shoes; shoes,4.4,80,3659,true,https://cdn-images.farfetch-contents.com/37/83/91/93/37839193_71039713_480.jpg,farfetch-store,516,516,IN STOCK,https://www.farfetch.com/shopping/women/prada-flats-de-piel-item-37839193.aspx
PI-0121,burberry-heritage-square-sunglasses,Heritage square sunglasses,burberry,accessories,Accessories,women,"Burberry Heritage square sunglasses — accessories tracked across 1 store. We compare live prices, stock and coupons so you always land on the cheapest active listing.",,,accessories; accessories,3.9,61,3768,false,https://cdn-images.farfetch-contents.com/36/32/43/44/36324344_68438503_480.jpg,farfetch-store,430,430,IN STOCK,https://www.farfetch.com/shopping/women/burberry-heritage-square-sunglasses-item-36324344.aspx
PI-0122,burberry-quilted-design-bucket-bag,quilted-design bucket bag,burberry,bags,Bags,women,"Burberry quilted-design bucket bag — bags tracked across 1 store. We compare live prices, stock and coupons so you always land on the cheapest active listing.",,,bags; bags,4.8,42,5925,false,https://cdn-images.farfetch-contents.com/36/10/51/30/36105130_67828998_480.jpg,farfetch-store,970,970,IN STOCK,https://www.farfetch.com/shopping/women/burberry-quilted-design-bucket-bag-item-36105130.aspx
PI-0123,burberry-horseshoe-chain-bag,Horseshoe chain bag,burberry,bags,Bags,women,"Burberry Horseshoe chain bag — bags tracked across 1 store. We compare live prices, stock and coupons so you always land on the cheapest active listing.",,,bags; bags,4.3,223,7898,false,https://cdn-images.farfetch-contents.com/36/73/82/11/36738211_69266580_480.jpg,farfetch-store,1995,1995,IN STOCK,https://www.farfetch.com/shopping/women/burberry-horseshoe-chain-bag-item-36738211.aspx
PI-0124,burberry-nylon-suede-and-leather-eclipse-sneakers,"nylon, suede and leather Eclipse sneakers",burberry,shoes,Shoes,women,"Burberry nylon, suede and leather Eclipse sneakers — shoes tracked across 1 store. We compare live prices, stock and coupons so you always land on the cheapest active listing.",,,shoes; shoes,3.8,204,2713,false,https://cdn-images.farfetch-contents.com/36/75/33/19/36753319_69266606_480.jpg,farfetch-store,390,390,IN STOCK,https://www.farfetch.com/shopping/women/burberry-nylon-suede-and-leather-eclipse-sneakers-item-36753319.aspx
PI-0125,burberry-side-tie-top,side-tie top,burberry,clothing,Clothing,women,"Burberry side-tie top — clothing tracked across 1 store. We compare live prices, stock and coupons so you always land on the cheapest active listing.",,,clothing; clothing,4.7,185,6044,false,https://cdn-images.farfetch-contents.com/35/63/00/92/35630092_66803901_480.jpg,farfetch-store,564,564,IN STOCK,https://www.farfetch.com/shopping/women/burberry-side-tie-top-item-35630092.aspx
PI-0126,burberry-crochet-cotton-blend-dress,crochet cotton blend dress,burberry,clothing,Dresses,women,"Burberry crochet cotton blend dress — dresses tracked across 1 store. We compare live prices, stock and coupons so you always land on the cheapest active listing.",,,dresses; dresses,4.2,166,3953,false,https://cdn-images.farfetch-contents.com/34/70/98/23/34709823_66120584_480.jpg,farfetch-store,1990,1990,IN STOCK,https://www.farfetch.com/shopping/women/burberry-crochet-cotton-blend-dress-item-34709823.aspx
PI-0127,burberry-check-trim-leather-robin-ballerinas,Check-trim leather Robin ballerinas,burberry,shoes,Shoes,women,"Burberry Check-trim leather Robin ballerinas — shoes tracked across 1 store. We compare live prices, stock and coupons so you always land on the cheapest active listing.",,,shoes; shoes,3.7,147,602,false,https://cdn-images.farfetch-contents.com/36/76/20/22/36762022_69266620_480.jpg,farfetch-store,348,348,IN STOCK,https://www.farfetch.com/shopping/women/burberry-check-trim-leather-robin-ballerinas-item-36762022.aspx
PI-0128,burberry-cotton-pique-tennis-dress,cotton pique tennis dress,burberry,clothing,Dresses,women,"Burberry cotton pique tennis dress — dresses tracked across 1 store. We compare live prices, stock and coupons so you always land on the cheapest active listing.",,,dresses; dresses,4.6,128,707,false,https://cdn-images.farfetch-contents.com/36/61/96/16/36619616_68975360_480.jpg,farfetch-store,870,870,IN STOCK,https://www.farfetch.com/shopping/women/burberry-cotton-pique-tennis-dress-item-36619616.aspx
PI-0129,burberry-long-silk-cotton-foxfield-trench-coat,long silk cotton Foxfield trench coat,burberry,clothing,Clothing,women,"Burberry long silk cotton Foxfield trench coat — clothing tracked across 1 store. We compare live prices, stock and coupons so you always land on the cheapest active listing.",,,clothing; clothing,4.1,109,720,false,https://cdn-images.farfetch-contents.com/35/25/38/03/35253803_66904947_480.jpg,farfetch-store,1960,1960,IN STOCK,https://www.farfetch.com/shopping/women/burberry-long-silk-cotton-foxfield-trench-coat-item-35253803.aspx
PI-0130,burberry-medium-check-zip-tote,medium Check zip tote,burberry,bags,Bags,women,"Burberry medium Check zip tote — bags tracked across 1 store. We compare live prices, stock and coupons so you always land on the cheapest active listing.",,,bags; bags,4.5,71,4362,false,https://cdn-images.farfetch-contents.com/36/37/74/63/36377463_68566460_480.jpg,farfetch-store,2150,2150,IN STOCK,https://www.farfetch.com/shopping/women/burberry-medium-check-zip-tote-item-36377463.aspx
PI-0131,burberry-wool-polo-shirt,wool polo shirt,burberry,clothing,Clothing,women,"Burberry wool polo shirt — clothing tracked across 1 store. We compare live prices, stock and coupons so you always land on the cheapest active listing.",,,clothing; clothing,3.6,90,3605,false,https://cdn-images.farfetch-contents.com/36/37/74/67/36377467_68383230_480.jpg,farfetch-store,793,793,IN STOCK,https://www.farfetch.com/shopping/women/burberry-wool-polo-shirt-item-36377467.aspx
PI-0132,burberry-cavalier-check-detail-boots,Cavalier Check-detail boots,burberry,shoes,Shoes,women,"Burberry Cavalier Check-detail boots — shoes tracked across 1 store. We compare live prices, stock and coupons so you always land on the cheapest active listing.",,,shoes; shoes,4.1,109,168,false,https://cdn-images.farfetch-contents.com/37/68/74/81/37687481_70958401_480.jpg,farfetch-store,486,486,IN STOCK,https://www.farfetch.com/shopping/women/burberry-cavalier-check-detail-boots-item-37687481.aspx
PI-0133,burberry-check-slides,Check slides,burberry,shoes,Shoes,women,"Burberry Check slides — shoes tracked across 1 store. We compare live prices, stock and coupons so you always land on the cheapest active listing.",,,shoes; shoes,4.6,128,2357,false,https://cdn-images.farfetch-contents.com/36/32/45/04/36324504_68463316_480.jpg,farfetch-store,425,425,IN STOCK,https://www.farfetch.com/shopping/women/burberry-check-slides-item-36324504.aspx
PI-0134,burberry-check-canvas-highgate-ballerinas,Check canvas Highgate ballerinas,burberry,shoes,Shoes,women,"Burberry Check canvas Highgate ballerinas — shoes tracked across 1 store. We compare live prices, stock and coupons so you always land on the cheapest active listing.",,,shoes; shoes,3.9,195,6918,false,https://cdn-images.farfetch-contents.com/37/68/82/65/37688265_71077378_480.jpg,farfetch-store,432,432,IN STOCK,https://www.farfetch.com/shopping/women/burberry-check-canvas-highgate-ballerinas-item-37688265.aspx
PI-0135,burberry-check-trim-bikini,Check trim bikini,burberry,clothing,Clothing,women,"Burberry Check trim bikini — clothing tracked across 1 store. We compare live prices, stock and coupons so you always land on the cheapest active listing.",,,clothing; clothing,4.4,214,7439,false,https://cdn-images.farfetch-contents.com/20/07/77/79/20077779_70198184_480.jpg,farfetch-store,576,576,IN STOCK,https://www.farfetch.com/shopping/women/burberry-check-trim-bikini-item-20077779.aspx
PI-0136,burberry-quilted-thermoregulated-fernleigh-jacket,quilted thermoregulated Fernleigh jacket,burberry,clothing,Clothing,women,"Burberry quilted thermoregulated Fernleigh jacket — clothing tracked across 1 store. We compare live prices, stock and coupons so you always land on the cheapest active listing.",,,clothing; clothing,4.9,233,580,true,https://cdn-images.farfetch-contents.com/17/54/16/89/17541689_36571268_480.jpg,farfetch-store,1095,1095,IN STOCK,https://www.farfetch.com/shopping/women/burberry-quilted-thermoregulated-fernleigh-jacket-item-17541689.aspx
PI-0137,burberry-gabardine-baseball-cap,Gabardine baseball cap,burberry,accessories,Accessories,women,"Burberry Gabardine baseball cap — accessories tracked across 1 store. We compare live prices, stock and coupons so you always land on the cheapest active listing.",,,accessories; accessories,4,52,1193,false,https://cdn-images.farfetch-contents.com/31/35/38/99/31353899_60972263_480.jpg,farfetch-store,450,450,IN STOCK,https://www.farfetch.com/shopping/women/burberry-gabardine-baseball-cap-item-31353899.aspx
PI-0138,burberry-skinny-check-silk-scarf,skinny Check silk scarf,burberry,accessories,Accessories,women,"Burberry skinny Check silk scarf — accessories tracked across 1 store. We compare live prices, stock and coupons so you always land on the cheapest active listing.",,,accessories; accessories,4.7,119,3618,false,https://cdn-images.farfetch-contents.com/31/86/01/19/31860119_61536078_480.jpg,farfetch-store,275,275,IN STOCK,https://www.farfetch.com/shopping/women/burberry-skinny-check-silk-scarf-item-31860119.aspx
PI-0139,burberry-mid-length-taffeta-kensington-trench-coat,mid-length taffeta Kensington trench coat,burberry,clothing,Clothing,women,"Burberry mid-length taffeta Kensington trench coat — clothing tracked across 1 store. We compare live prices, stock and coupons so you always land on the cheapest active listing.",,,clothing; clothing,3.8,138,6403,true,https://cdn-images.farfetch-contents.com/15/81/97/29/15819729_29040387_480.jpg,farfetch-store,1550,1550,IN STOCK,https://www.farfetch.com/shopping/women/burberry-mid-length-taffeta-kensington-trench-coat-item-15819729.aspx
PI-0140,burberry-mini-check-vanity-bag,mini Check vanity bag,burberry,bags,Bags,women,"Burberry mini Check vanity bag — bags tracked across 1 store. We compare live prices, stock and coupons so you always land on the cheapest active listing.",,,bags; bags,4,66,4149,false,https://cdn-images.farfetch-contents.com/36/32/43/28/36324328_68462867_480.jpg,farfetch-store,1195,1195,IN STOCK,https://www.farfetch.com/shopping/women/burberry-mini-check-vanity-bag-item-36324328.aspx
PI-0141,versace-printed-silk-twill-mini-dress,printed silk twill mini dress,versace,clothing,Dresses,women,"Versace printed silk twill mini dress — dresses tracked across 1 store. We compare live prices, stock and coupons so you always land on the cheapest active listing.",,,dresses; dresses,4.9,47,6086,false,https://cdn-images.farfetch-contents.com/35/03/93/37/35039337_68276917_480.jpg,farfetch-store,980,980,IN STOCK,https://www.farfetch.com/shopping/women/versace-printed-silk-twill-mini-dress-item-35039337.aspx
PI-0142,versace-sea-frames-necklace,sea frames necklace,versace,jewelry,Jewelry-Accessories,women,"Versace sea frames necklace — jewelry-accessories tracked across 1 store. We compare live prices, stock and coupons so you always land on the cheapest active listing.",,,jewelry-accessories; jewelry-accessories,3.6,104,5147,false,https://cdn-images.farfetch-contents.com/35/04/37/52/35043752_67999899_480.jpg,farfetch-store,1697,1697,IN STOCK,https://www.farfetch.com/shopping/women/versace-sea-frames-necklace-item-35043752.aspx
PI-0143,versace-lace-trim-silk-cady-satin-mini-dress,lace-trim silk cady satin mini dress,versace,clothing,Dresses,women,"Versace lace-trim silk cady satin mini dress — dresses tracked across 1 store. We compare live prices, stock and coupons so you always land on the cheapest active listing.",,,dresses; dresses,4.5,85,5384,false,https://cdn-images.farfetch-contents.com/35/03/93/42/35039342_67938535_480.jpg,farfetch-store,1320,1320,IN STOCK,https://www.farfetch.com/shopping/women/versace-lace-trim-silk-cady-satin-mini-dress-item-35039342.aspx
PI-0144,versace-nyx-buckle-detail-sandals,Nyx buckle-detail sandals,versace,shoes,Shoes,women,"Versace Nyx buckle-detail sandals — shoes tracked across 1 store. We compare live prices, stock and coupons so you always land on the cheapest active listing.",,,shoes; shoes,4.8,190,7361,false,https://cdn-images.farfetch-contents.com/37/16/50/94/37165094_69702913_480.jpg,farfetch-store,462,462,IN STOCK,https://www.farfetch.com/shopping/women/versace-nyx-buckle-detail-sandals-item-37165094.aspx
PI-0145,versace-pivot-small-canvas-bucket-bag,Pivot small canvas bucket bag,versace,bags,Bags,women,"Versace Pivot small canvas bucket bag — bags tracked across 1 store. We compare live prices, stock and coupons so you always land on the cheapest active listing.",,,bags; bags,4.3,171,2662,false,https://cdn-images.farfetch-contents.com/36/28/06/82/36280682_68383725_480.jpg,farfetch-store,2299,2299,IN STOCK,https://www.farfetch.com/shopping/women/versace-pivot-small-canvas-bucket-bag-item-36280682.aspx
PI-0146,versace-greca-print-graphic-pattern-dress,Greca-print graphic-pattern dress,versace,clothing,Dresses,women,"Versace Greca-print graphic-pattern dress — dresses tracked across 1 store. We compare live prices, stock and coupons so you always land on the cheapest active listing.",,,dresses; dresses,4.4,228,4839,false,https://cdn-images.farfetch-contents.com/35/04/35/71/35043571_68493628_480.jpg,farfetch-store,1669,1669,IN STOCK,https://www.farfetch.com/shopping/women/versace-greca-print-graphic-pattern-dress-item-35043571.aspx
PI-0147,versace-gianni-nappa-mules-55mm,Gianni nappa mules 55mm,versace,shoes,Shoes,women,"Versace Gianni nappa mules 55mm — shoes tracked across 1 store. We compare live prices, stock and coupons so you always land on the cheapest active listing.",,,shoes; shoes,3.9,209,6500,false,https://cdn-images.farfetch-contents.com/35/04/37/40/35043740_67556173_480.jpg,farfetch-store,300,300,IN STOCK,https://www.farfetch.com/shopping/women/versace-gianni-nappa-mules-55-mm-item-35043740.aspx
PI-0148,versace-embroidered-silk-cady-satin-mini-dress,embroidered silk cady satin mini dress,versace,clothing,Dresses,women,"Versace embroidered silk cady satin mini dress — dresses tracked across 1 store. We compare live prices, stock and coupons so you always land on the cheapest active listing.",Red,,dresses; dresses,4.2,114,7629,false,https://cdn-images.farfetch-contents.com/35/03/93/73/35039373_67938141_480.jpg,farfetch-store,1300,1300,IN STOCK,https://www.farfetch.com/shopping/women/versace-embroidered-silk-cady-satin-mini-dress-item-35039373.aspx
PI-0149,versace-printed-silk-twill-shirt,printed silk twill shirt,versace,clothing,Clothing,women,"Versace printed silk twill shirt — clothing tracked across 1 store. We compare live prices, stock and coupons so you always land on the cheapest active listing.",,,clothing; clothing,3.7,95,5294,true,https://cdn-images.farfetch-contents.com/35/04/36/71/35043671_67939120_480.jpg,farfetch-store,1423,1423,IN STOCK,https://www.farfetch.com/shopping/women/versace-printed-silk-twill-shirt-item-35043671.aspx
PI-0150,versace-severine-leather-shoulder-bag,Severine leather shoulder bag,versace,bags,Bags,women,"Versace Severine leather shoulder bag — bags tracked across 1 store. We compare live prices, stock and coupons so you always land on the cheapest active listing.",,,bags; bags,4.1,57,7956,true,https://cdn-images.farfetch-contents.com/36/28/13/08/36281308_68444925_480.jpg,farfetch-store,1970,1970,IN STOCK,https://www.farfetch.com/shopping/women/versace-severine-leather-shoulder-bag-item-36281308.aspx
PI-0151,versace-nappa-shorts,nappa shorts,versace,clothing,Clothing,women,"Versace nappa shorts — clothing tracked across 1 store. We compare live prices, stock and coupons so you always land on the cheapest active listing.",,,clothing; clothing,4.6,76,3287,false,https://cdn-images.farfetch-contents.com/35/04/35/04/35043504_67937405_480.jpg,farfetch-store,2000,2000,IN STOCK,https://www.farfetch.com/shopping/women/versace-nappa-shorts-item-35043504.aspx
PI-0152,versace-marisa-leather-sandals,Marisa leather sandals,versace,shoes,Shoes,women,"Versace Marisa leather sandals — shoes tracked across 1 store. We compare live prices, stock and coupons so you always land on the cheapest active listing.",,,shoes; shoes,4.5,219,5398,false,https://cdn-images.farfetch-contents.com/34/56/14/49/34561449_70768285_480.jpg,farfetch-store,558,558,IN STOCK,https://www.farfetch.com/shopping/women/versace-marisa-leather-sandals-item-34561449.aspx
PI-0153,versace-irradia-earrings,Irradia earrings,versace,jewelry,Jewelry-Accessories,women,"Versace Irradia earrings — jewelry-accessories tracked across 1 store. We compare live prices, stock and coupons so you always land on the cheapest active listing.",,,jewelry-accessories; jewelry-accessories,3.6,238,5823,false,https://cdn-images.farfetch-contents.com/35/04/35/82/35043582_68166295_480.jpg,farfetch-store,602,602,IN STOCK,https://www.farfetch.com/shopping/women/versace-irradia-earrings-item-35043582.aspx
PI-0154,versace-printed-silk-duchesse-mini-dress,printed silk duchesse mini dress,versace,clothing,Dresses,women,"Versace printed silk duchesse mini dress — dresses tracked across 1 store. We compare live prices, stock and coupons so you always land on the cheapest active listing.",,,dresses; dresses,4.7,133,2232,false,https://cdn-images.farfetch-contents.com/35/04/37/12/35043712_67937427_480.jpg,farfetch-store,1100,1100,IN STOCK,https://www.farfetch.com/shopping/women/versace-printed-silk-duchesse-mini-dress-item-35043712.aspx
PI-0155,versace-gianni-nappa-pumps-90mm,Gianni nappa pumps 90mm,versace,shoes,Shoes,women,"Versace Gianni nappa pumps 90mm — shoes tracked across 1 store. We compare live prices, stock and coupons so you always land on the cheapest active listing.",,,shoes; shoes,3.8,152,6117,false,https://cdn-images.farfetch-contents.com/35/03/93/69/35039369_67854771_480.jpg,farfetch-store,516,516,IN STOCK,https://www.farfetch.com/shopping/women/versace-gianni-nappa-pumps-90-mm-item-35039369.aspx
PI-0156,versace-cotton-poplin-mini-dress,cotton-poplin mini dress,versace,clothing,Dresses,women,"Versace cotton-poplin mini dress — dresses tracked across 1 store. We compare live prices, stock and coupons so you always land on the cheapest active listing.",,,dresses; dresses,3.7,95,1878,true,https://cdn-images.farfetch-contents.com/36/37/90/50/36379050_68381187_480.jpg,farfetch-store,1752,1752,IN STOCK,https://www.farfetch.com/shopping/women/versace-cotton-poplin-mini-dress-item-36379050.aspx
PI-0157,versace-buttoned-striped-polo-shirt,buttoned striped polo shirt,versace,clothing,Clothing,women,"Versace buttoned striped polo shirt — clothing tracked across 1 store. We compare live prices, stock and coupons so you always land on the cheapest active listing.",,,clothing; clothing,4.2,114,3851,false,https://cdn-images.farfetch-contents.com/35/04/35/43/35043543_67988151_480.jpg,farfetch-store,712,712,IN STOCK,https://www.farfetch.com/shopping/women/versace-buttoned-striped-polo-shirt-item-35043543.aspx
PI-0158,versace-bikini-top,bikini top,versace,clothing,Clothing,women,"Versace bikini top — clothing tracked across 1 store. We compare live prices, stock and coupons so you always land on the cheapest active listing.",,,clothing; clothing,4.3,105,4044,false,https://cdn-images.farfetch-contents.com/35/04/36/63/35043663_68265904_480.jpg,farfetch-store,230,230,IN STOCK,https://www.farfetch.com/shopping/women/versace-bikini-top-item-35043663.aspx
PI-0159,versace-embroidered-logo-bikini-bottoms,embroidered-logo bikini bottoms,versace,clothing,Clothing,women,"Versace embroidered-logo bikini bottoms — clothing tracked across 1 store. We compare live prices, stock and coupons so you always land on the cheapest active listing.",Red,,clothing; clothing,4.8,124,3809,false,https://cdn-images.farfetch-contents.com/35/03/94/01/35039401_68695524_480.jpg,farfetch-store,186,186,IN STOCK,https://www.farfetch.com/shopping/women/versace-embroidered-logo-bikini-bottoms-item-35039401.aspx
PI-0160,versace-sophie-thong-strap-mules,Sophie thong-strap mules,versace,shoes,Shoes,women,"Versace Sophie thong-strap mules — shoes tracked across 1 store. We compare live prices, stock and coupons so you always land on the cheapest active listing.",,,shoes; shoes,4.8,68,5601,false,https://cdn-images.farfetch-contents.com/35/04/37/46/35043746_68515732_480.jpg,farfetch-store,472,472,IN STOCK,https://www.farfetch.com/shopping/women/versace-sophie-thong-strap-mules-item-35043746.aspx
PI-0161,gucci-ophidia-small-shoulder-bag,Ophidia small shoulder bag,gucci,bags,Bags,women,"Gucci Ophidia small shoulder bag — bags tracked across 1 store. We compare live prices, stock and coupons so you always land on the cheapest active listing.",,,bags; bags,3.7,89,5028,false,https://cdn-images.farfetch-contents.com/37/87/71/43/37877143_71629391_480.jpg,farfetch-store,1195.65,1195.65,IN STOCK,https://www.farfetch.com/shopping/women/gucci-ophidia-small-shoulder-bag-item-37877143.aspx
PI-0162,gucci-mini-quilted-gg-marmont-bag,mini quilted GG Marmont bag,gucci,bags,Bags,women,"Gucci mini quilted GG Marmont bag — bags tracked across 1 store. We compare live prices, stock and coupons so you always land on the cheapest active listing.",,,bags; bags,4.6,70,4937,false,https://cdn-images.farfetch-contents.com/32/92/94/84/32929484_63269757_480.jpg,farfetch-store,1390.22,1390.22,IN STOCK,https://www.farfetch.com/shopping/women/gucci-mini-sac-a-motif-marmont-matelasse-item-32929484.aspx
PI-0163,gucci-small-quilted-gg-handbag,small quilted GG handbag,gucci,bags,Bags,women,"Gucci small quilted GG handbag — bags tracked across 1 store. We compare live prices, stock and coupons so you always land on the cheapest active listing.",,,bags; bags,4.1,51,8066,true,https://cdn-images.farfetch-contents.com/19/45/62/56/19456256_53167169_480.jpg,farfetch-store,2717.39,2717.39,IN STOCK,https://www.farfetch.com/shopping/women/gucci-petit-sac-a-main-gg-a-design-matelasse-item-19456256.aspx
PI-0164,gucci-small-dionysus-gg-canvas-clutch-bag,small Dionysus GG canvas clutch bag,gucci,bags,Bags,women,"Gucci small Dionysus GG canvas clutch bag — bags tracked across 1 store. We compare live prices, stock and coupons so you always land on the cheapest active listing.",,,bags; bags,4.2,192,1325,false,https://cdn-images.farfetch-contents.com/37/87/71/50/37877150_71628930_480.jpg,farfetch-store,1739.13,1739.13,IN STOCK,https://www.farfetch.com/shopping/women/gucci-small-dionysus-gg-canvas-clutch-bag-item-37877150.aspx
PI-0165,gucci-medium-monogram-tote-bag,medium monogram tote bag,gucci,bags,Bags,women,"Gucci medium monogram tote bag — bags tracked across 1 store. We compare live prices, stock and coupons so you always land on the cheapest active listing.",,,bags; bags,4.7,211,6928,false,https://cdn-images.farfetch-contents.com/37/69/00/83/37690083_71359280_480.jpg,farfetch-store,2391.3,2391.3,IN STOCK,https://www.farfetch.com/shopping/women/gucci-sac-fourre-tout-a-motif-monogramme-medium-item-37690083.aspx
PI-0166,gucci-large-gg-supreme-brera-shoulder-bag,large GG Supreme Brera shoulder bag,gucci,bags,Bags,women,"Gucci large GG Supreme Brera shoulder bag — bags tracked across 1 store. We compare live prices, stock and coupons so you always land on the cheapest active listing.",,,bags; bags,3.8,230,5501,false,https://cdn-images.farfetch-contents.com/35/67/85/65/35678565_67130680_480.jpg,farfetch-store,2391.3,2391.3,IN STOCK,https://www.farfetch.com/shopping/women/gucci-grand-sac-porte-epaule-brera-a-motif-gg-supreme-item-35678565.aspx
PI-0167,gucci-mini-gg-marmont-shoulder-bag,mini GG Marmont shoulder bag,gucci,bags,Bags,women,"Gucci mini GG Marmont shoulder bag — bags tracked across 1 store. We compare live prices, stock and coupons so you always land on the cheapest active listing.",,,bags; bags,4.3,49,638,false,https://cdn-images.farfetch-contents.com/17/34/77/19/17347719_53149487_480.jpg,farfetch-store,2152.17,2152.17,IN STOCK,https://www.farfetch.com/shopping/women/gucci-mini-sac-porte-epaule-a-motif-gg-marmont-item-17347719.aspx
PI-0168,gucci-boston-gg-supreme-mini-bag,Boston GG Supreme mini bag,gucci,bags,Bags,women,"Gucci Boston GG Supreme mini bag — bags tracked across 1 store. We compare live prices, stock and coupons so you always land on the cheapest active listing.",,,bags; bags,3.6,116,1623,false,https://cdn-images.farfetch-contents.com/37/68/90/29/37689029_71845937_480.jpg,farfetch-store,1195.65,1195.65,IN STOCK,https://www.farfetch.com/shopping/women/gucci-boston-gg-supreme-mini-bag-item-37689029.aspx
PI-0169,gucci-gg-marmont-mini-shoulder-bag,GG Marmont mini shoulder bag,gucci,bags,Bags,women,"Gucci GG Marmont mini shoulder bag — bags tracked across 1 store. We compare live prices, stock and coupons so you always land on the cheapest active listing.",,,bags; bags,4.1,135,3540,false,https://cdn-images.farfetch-contents.com/37/80/89/01/37808901_71783338_480.jpg,farfetch-store,1413.04,1413.04,IN STOCK,https://www.farfetch.com/shopping/women/gucci-gg-marmont-mini-shoulder-bag-item-37808901.aspx
PI-0170,gucci-medium-jackie-1961-shoulder-bag,Medium Jackie 1961 shoulder bag,gucci,bags,Bags,women,"Gucci Medium Jackie 1961 shoulder bag — bags tracked across 1 store. We compare live prices, stock and coupons so you always land on the cheapest active listing.",,,bags; bags,4.3,99,8082,false,https://cdn-images.farfetch-contents.com/38/26/45/63/38264563_71690702_480.jpg,farfetch-store,2554.35,2554.35,IN STOCK,https://www.farfetch.com/shopping/women/gucci-medium-jackie-1961-shoulder-bag-item-38264563.aspx
PI-0171,gucci-shoulder-bag-with-logo-plaque,shoulder bag with logo plaque,gucci,bags,Bags,women,"Gucci shoulder bag with logo plaque — bags tracked across 1 store. We compare live prices, stock and coupons so you always land on the cheapest active listing.",,,bags; bags,4.8,118,313,false,https://cdn-images.farfetch-contents.com/37/69/00/72/37690072_71332007_480.jpg,farfetch-store,1793.48,1793.48,IN STOCK,https://www.farfetch.com/shopping/women/gucci-sac-a-bandouliere-a-plaque-logo-item-37690072.aspx
PI-0172,gucci-small-tribeca-tote-bag,small Tribeca tote bag,gucci,bags,Bags,women,"Gucci small Tribeca tote bag — bags tracked across 1 store. We compare live prices, stock and coupons so you always land on the cheapest active listing.",,,bags; bags,3.9,137,828,false,https://cdn-images.farfetch-contents.com/36/50/22/64/36502264_68459441_480.jpg,farfetch-store,1550,1550,IN STOCK,https://www.farfetch.com/shopping/women/gucci-petit-sac-cabas-tribeca-item-36502264.aspx
PI-0173,gucci-jackie-1961-medium-shoulder-bag,Jackie 1961 medium shoulder bag,gucci,bags,Bags,women,"Gucci Jackie 1961 medium shoulder bag — bags tracked across 1 store. We compare live prices, stock and coupons so you always land on the cheapest active listing.",,,bags; bags,4.4,156,7921,true,https://cdn-images.farfetch-contents.com/37/87/64/53/37876453_71629386_480.jpg,farfetch-store,2989.13,2989.13,IN STOCK,https://www.farfetch.com/shopping/women/gucci-jackie-1961-medium-shoulder-bag-item-37876453.aspx
PI-0174,gucci-medium-dionysus-shoulder-bag,medium Dionysus shoulder bag,gucci,bags,Bags,women,"Gucci medium Dionysus shoulder bag — bags tracked across 1 store. We compare live prices, stock and coupons so you always land on the cheapest active listing.",,,bags; bags,4.9,175,6414,true,https://cdn-images.farfetch-contents.com/37/68/90/33/37689033_71843877_480.jpg,farfetch-store,1440,1440,IN STOCK,https://www.farfetch.com/shopping/women/gucci-medium-dionysus-shoulder-bag-item-37689033.aspx
PI-0175,gucci-gg-marmont-medium-shoulder-bag,GG Marmont medium shoulder bag,gucci,bags,Bags,women,"Gucci GG Marmont medium shoulder bag — bags tracked across 1 store. We compare live prices, stock and coupons so you always land on the cheapest active listing.",,,bags; bags,4,194,899,false,https://cdn-images.farfetch-contents.com/37/80/89/08/37808908_71783042_480.jpg,farfetch-store,2500,2500,IN STOCK,https://www.farfetch.com/shopping/women/gucci-gg-marmont-medium-shoulder-bag-item-37808908.aspx
PI-0176,gucci-bamboo-1947-cross-body-bag,Bamboo 1947 cross body bag,gucci,bags,Bags,women,"Gucci Bamboo 1947 cross body bag — bags tracked across 1 store. We compare live prices, stock and coupons so you always land on the cheapest active listing.",,,bags; bags,4.5,163,7856,false,https://cdn-images.farfetch-contents.com/37/69/00/25/37690025_71848739_480.jpg,farfetch-store,1920,1920,IN STOCK,https://www.farfetch.com/shopping/women/gucci-bamboo-1947-cross-body-bag-item-37690025.aspx
PI-0177,gucci-gg-marmont-shoulder-bag,GG Marmont shoulder bag,gucci,bags,Bags,women,"Gucci GG Marmont shoulder bag — bags tracked across 1 store. We compare live prices, stock and coupons so you always land on the cheapest active listing.",,,bags; bags,4,144,7923,false,https://cdn-images.farfetch-contents.com/33/13/84/45/33138445_68202290_480.jpg,farfetch-store,2245.65,2245.65,IN STOCK,https://www.farfetch.com/shopping/women/gucci-sac-a-bandouliere-a-motif-gg-marmont-item-33138445.aspx
PI-0178,gucci-dionysus-goat-leather-shoulder-bag,Dionysus goat leather shoulder bag,gucci,bags,Bags,women,"Gucci Dionysus goat leather shoulder bag — bags tracked across 1 store. We compare live prices, stock and coupons so you always land on the cheapest active listing.",,,bags; bags,4.9,125,4294,false,https://cdn-images.farfetch-contents.com/37/69/00/23/37690023_71845681_480.jpg,farfetch-store,1500,1500,IN STOCK,https://www.farfetch.com/shopping/women/gucci-dionysus-goat-shoulder-bag-item-37690023.aspx
PI-0179,gucci-small-dionysus-leather-shoulder-bag,small Dionysus leather shoulder bag,gucci,bags,Bags,women,"Gucci small Dionysus leather shoulder bag — bags tracked across 1 store. We compare live prices, stock and coupons so you always land on the cheapest active listing.",,,bags; bags,4.4,106,1039,false,https://cdn-images.farfetch-contents.com/37/68/90/30/37689030_71844307_480.jpg,farfetch-store,1956.52,1956.52,IN STOCK,https://www.farfetch.com/shopping/women/gucci-small-dionysus-leather-shoulder-bag-item-37689030.aspx
PI-0180,gucci-jackie-grained-leather-shoulder-bag,Jackie grained leather shoulder bag,gucci,bags,Bags,women,"Gucci Jackie grained leather shoulder bag — bags tracked across 1 store. We compare live prices, stock and coupons so you always land on the cheapest active listing.",,,bags; bags,3.8,94,6105,false,https://cdn-images.farfetch-contents.com/36/44/99/71/36449971_68450682_480.jpg,farfetch-store,1876.08,1876.08,IN STOCK,https://www.farfetch.com/shopping/women/gucci-sac-porte-epaule-jackie-en-cuir-graine-item-36449971.aspx
PI-0001,balenciaga-belted-cotton-shirt,belted cotton shirt,balenciaga,accessories,Accessories,women,"Balenciaga belted cotton shirt — accessories tracked across 1 store. We compare live prices, stock and coupons so you always land on the cheapest active listing.",,,accessories; accessories,4.6,106,6983,false,https://cdn-images.farfetch-contents.com/25/23/77/32/25237732_55456632_480.jpg,farfetch-store,668.35,1987.34,IN STOCK,https://www.farfetch.com/shopping/women/balenciaga-belted-cotton-shirt-item-25237732.aspx
PI-0002,balenciaga-cagole-mules,Cagole mules,balenciaga,shoes,Shoes,women,"Balenciaga Cagole mules — shoes tracked across 1 store. We compare live prices, stock and coupons so you always land on the cheapest active listing.",,,shoes; shoes,4.1,87,300,false,https://cdn-images.farfetch-contents.com/24/17/77/87/24177787_54450766_480.jpg,farfetch-store,294,372.04,IN STOCK,https://www.farfetch.com/shopping/women/balenciaga-cagole-mules-item-24177787.aspx
PI-0003,balenciaga-draped-glittered-mini-dress,draped glittered mini dress,balenciaga,clothing,Dresses,women,"Balenciaga draped glittered mini dress — dresses tracked across 1 store. We compare live prices, stock and coupons so you always land on the cheapest active listing.",Red,,dresses; dresses,3.6,68,1025,false,https://cdn-images.farfetch-contents.com/21/72/91/98/21729198_54176121_480.jpg,farfetch-store,959.49,1586.08,IN STOCK,https://www.farfetch.com/shopping/women/balenciaga-draped-glittered-mini-dress-item-21729198.aspx
PI-0004,balenciaga-cagole-110mm-leather-sandals,Cagole 110mm leather sandals,balenciaga,shoes,Shoes,women,"Balenciaga Cagole 110mm leather sandals — shoes tracked across 1 store. We compare live prices, stock and coupons so you always land on the cheapest active listing.",,,shoes; shoes,4.5,49,466,false,https://cdn-images.farfetch-contents.com/23/38/95/63/23389563_53527758_480.jpg,farfetch-store,252,410.34,IN STOCK,https://www.farfetch.com/shopping/women/balenciaga-cagole-110mm-leather-sandals-item-23389563.aspx
PI-0005,balenciaga-techwear-fitted-long-sleeve-top,techwear fitted long sleeve top,balenciaga,clothing,Clothing,women,"Balenciaga techwear fitted long sleeve top — clothing tracked across 1 store. We compare live prices, stock and coupons so you always land on the cheapest active listing.",,,clothing; clothing,4,230,5341,false,https://cdn-images.farfetch-contents.com/37/94/34/12/37943412_71535025_480.jpg,farfetch-store,592.41,592.41,IN STOCK,https://www.farfetch.com/shopping/women/balenciaga-techwear-fitted-long-sleeve-top-item-37943412.aspx
PI-0006,balenciaga-gaeta-wedge-thong-sandals-in-black,Gaeta wedge thong sandals in black,balenciaga,shoes,Shoes,women,"Balenciaga Gaeta wedge thong sandals in black — shoes tracked across 1 store. We compare live prices, stock and coupons so you always land on the cheapest active listing.",Black,,shoes; shoes,4.9,211,6064,true,https://cdn-images.farfetch-contents.com/37/75/96/69/37759669_70624418_480.jpg,farfetch-store,570,570,IN STOCK,https://www.farfetch.com/shopping/women/balenciaga-gaeta-wedge-thong-sandals-in-black-item-37759669.aspx
PI-0007,balenciaga-logo-print-panelled-leggings,logo-print panelled leggings,balenciaga,sportswear,Clothing,women,"Balenciaga logo-print panelled leggings — clothing tracked across 1 store. We compare live prices, stock and coupons so you always land on the cheapest active listing.",,,clothing; clothing,4.4,192,3299,false,https://cdn-images.farfetch-contents.com/36/62/49/12/36624912_70266848_480.jpg,farfetch-store,279,279,IN STOCK,https://www.farfetch.com/shopping/women/balenciaga-logo-print-panelled-leggings-item-36624912.aspx
PI-0008,balenciaga-twisted-seam-jeans-in-bleach-light-blue,twisted seam jeans in bleach light blue,balenciaga,clothing,Clothing,women,"Balenciaga twisted seam jeans in bleach light blue — clothing tracked across 1 store. We compare live prices, stock and coupons so you always land on the cheapest active listing.",Blue,,clothing; clothing,3.9,173,2106,false,https://cdn-images.farfetch-contents.com/37/37/21/07/37372107_70054351_480.jpg,farfetch-store,1074.67,1074.67,IN STOCK,https://www.farfetch.com/shopping/women/balenciaga-twisted-seam-jeans-in-bleach-light-bleu-item-37372107.aspx
PI-0009,balenciaga-techwear-short-long-sleeve-bodysuit-in-black,techwear short long sleeve bodysuit in black,balenciaga,clothing,Clothing,women,"Balenciaga techwear short long sleeve bodysuit in black — clothing tracked across 1 store. We compare live prices, stock and coupons so you always land on the cheapest active listing.",Black,,clothing; clothing,4.8,154,4369,false,https://cdn-images.farfetch-contents.com/37/31/31/87/37313187_69952397_480.jpg,farfetch-store,1074.67,1074.67,IN STOCK,https://www.farfetch.com/shopping/women/balenciaga-techwear-short-long-sleeve-bodysuit-in-black-item-37313187.aspx
PI-0010,balenciaga-le-city-pouch-shoulder-bag,Le City Pouch shoulder bag,balenciaga,bags,Bags,women,"Balenciaga Le City Pouch shoulder bag — bags tracked across 1 store. We compare live prices, stock and coupons so you always land on the cheapest active listing.",,,bags; bags,3.8,116,6897,false,https://cdn-images.farfetch-contents.com/37/94/33/20/37943320_71539422_480.jpg,farfetch-store,907.59,907.59,IN STOCK,https://www.farfetch.com/shopping/women/balenciaga-le-city-pouch-shoulder-bag-item-37943320.aspx
PI-0011,balenciaga-le-city-bag-medium-in-black,Le City bag medium in black,balenciaga,bags,Bags,women,"Balenciaga Le City bag medium in black — bags tracked across 1 store. We compare live prices, stock and coupons so you always land on the cheapest active listing.",Black,,bags; bags,4.3,135,1460,false,https://cdn-images.farfetch-contents.com/34/27/65/21/34276521_71572511_480.jpg,farfetch-store,2525.33,2525.33,IN STOCK,https://www.farfetch.com/shopping/women/balenciaga-le-city-bag-medium-in-black-item-34276521.aspx
PI-0012,balenciaga-nano-le-city-bag,nano Le City bag,balenciaga,bags,Bags,women,"Balenciaga nano Le City bag — bags tracked across 1 store. We compare live prices, stock and coupons so you always land on the cheapest active listing.",,,bags; bags,4.8,154,6265,false,https://cdn-images.farfetch-contents.com/36/17/31/68/36173168_71303289_480.jpg,farfetch-store,1358.23,1358.23,IN STOCK,https://www.farfetch.com/shopping/women/balenciaga-nano-le-city-bag-item-36173168.aspx
PI-0013,balenciaga-logo-short-sleeves-t-shirt,logo short-sleeves T-shirt,balenciaga,clothing,Clothing,women,"Balenciaga logo short-sleeves T-shirt — clothing tracked across 1 store. We compare live prices, stock and coupons so you always land on the cheapest active listing.",,,clothing; clothing,3.9,173,4638,false,https://cdn-images.farfetch-contents.com/33/29/30/77/33293077_63898525_480.jpg,farfetch-store,477.22,477.22,IN STOCK,https://www.farfetch.com/shopping/women/balenciaga-logo-short-sleeves-t-shirt-item-33293077.aspx
PI-0014,balenciaga-track-trainers-in-black,track trainers in black,balenciaga,sportswear,Clothing,women,"Balenciaga track trainers in black — clothing tracked across 1 store. We compare live prices, stock and coupons so you always land on the cheapest active listing.",Black,,clothing; clothing,4.6,40,2995,false,https://cdn-images.farfetch-contents.com/13/40/79/41/13407941_54383264_480.jpg,farfetch-store,147,147,IN STOCK,https://www.farfetch.com/shopping/women/balenciaga-track-trainers-in-black-item-13407941.aspx
PI-0015,balenciaga-two-button-cotton-blazer,two-button cotton blazer,balenciaga,clothing,Clothing,women,"Balenciaga two-button cotton blazer — clothing tracked across 1 store. We compare live prices, stock and coupons so you always land on the cheapest active listing.",,,clothing; clothing,3.7,59,2160,false,https://cdn-images.farfetch-contents.com/23/73/12/75/23731275_54972261_480.jpg,farfetch-store,1436.71,3422.78,IN STOCK,https://www.farfetch.com/shopping/women/balenciaga-two-button-cotton-blazer-item-23731275.aspx
PI-0016,balenciaga-los-angeles-city-print-layered-dress,Los Angeles city print layered dress,balenciaga,clothing,Dresses,women,"Balenciaga Los Angeles city print layered dress — dresses tracked across 1 store. We compare live prices, stock and coupons so you always land on the cheapest active listing.",Red,,dresses; dresses,4.2,78,3885,true,https://cdn-images.farfetch-contents.com/31/02/20/69/31022069_60182283_480.jpg,farfetch-store,1387.34,1759.49,IN STOCK,https://www.farfetch.com/shopping/women/balenciaga-los-angeles-city-print-layered-dress-item-31022069.aspx
PI-0017,balenciaga-le-city-charm-detail-long-card-holder,Le City charm-detail long card holder,balenciaga,clothing,Clothing,women,"Balenciaga Le City charm-detail long card holder — clothing tracked across 1 store. We compare live prices, stock and coupons so you always land on the cheapest active listing.",,,clothing; clothing,4.7,97,1870,false,https://cdn-images.farfetch-contents.com/36/90/85/86/36908586_69261361_480.jpg,farfetch-store,486.08,486.08,IN STOCK,https://www.farfetch.com/shopping/women/balenciaga-le-city-charm-detail-long-car-holder-item-36908586.aspx
PI-0018,balenciaga-gaeta-leopard-print-wedge-sandals,Gaeta leopard-print wedge sandals,balenciaga,shoes,Shoes,women,"Balenciaga Gaeta leopard-print wedge sandals — shoes tracked across 1 store. We compare live prices, stock and coupons so you always land on the cheapest active listing.",,,shoes; shoes,4,164,1095,false,https://cdn-images.farfetch-contents.com/37/17/37/83/37173783_69746943_480.jpg,farfetch-store,528,528,IN STOCK,https://www.farfetch.com/shopping/women/balenciaga-gaeta-leopard-print-wedge-sandals-item-37173783.aspx
PI-0019,balenciaga-le-city-tote-bag,Le City tote bag,balenciaga,bags,Bags,women,"Balenciaga Le City tote bag — bags tracked across 1 store. We compare live prices, stock and coupons so you always land on the cheapest active listing.",,,bags; bags,4.5,183,3332,true,https://cdn-images.farfetch-contents.com/34/94/32/11/34943211_66387360_480.jpg,farfetch-store,2145.57,2145.57,IN STOCK,https://www.farfetch.com/shopping/women/balenciaga-le-city-tote-bag-item-34943211.aspx
PI-0020,balenciaga-cagole-thong-sandal-in-black,Cagole thong sandal in black,balenciaga,shoes,Shoes,women,"Balenciaga Cagole thong sandal in black — shoes tracked across 1 store. We compare live prices, stock and coupons so you always land on the cheapest active listing.",Black,,shoes; shoes,3.7,209,5292,false,https://cdn-images.farfetch-contents.com/22/98/30/73/22983073_54150608_480.jpg,farfetch-store,393.67,393.67,IN STOCK,https://www.farfetch.com/shopping/women/balenciaga-cagole-thong-sandal-in-black-item-22983073.aspx
PI-0021,saint-laurent-small-envelope-wallet-with-chain,small Envelope wallet with chain,saint-laurent,bags,Bags,women,"Saint Laurent small Envelope wallet with chain — bags tracked across 1 store. We compare live prices, stock and coupons so you always land on the cheapest active listing.",,,bags; bags,4.2,228,2503,false,https://cdn-images.farfetch-contents.com/32/63/36/45/32633645_62867745_480.jpg,farfetch-store,1054.35,1054.35,IN STOCK,https://www.farfetch.com/shopping/women/saint-laurent-kleines-envelope-portemonnaie-mit-kette-item-32633645.aspx
PI-0022,saint-laurent-compact-cassandre-wallet,compact Cassandre wallet,saint-laurent,bags,Bags,women,"Saint Laurent compact Cassandre wallet — bags tracked across 1 store. We compare live prices, stock and coupons so you always land on the cheapest active listing.",,,bags; bags,4.1,171,1030,false,https://cdn-images.farfetch-contents.com/14/56/55/11/14565511_56392356_480.jpg,farfetch-store,372.83,372.83,IN STOCK,https://www.farfetch.com/shopping/women/saint-laurent-kompaktes-cassandre-portemonnaie-item-14565511.aspx
PI-0023,saint-laurent-cassandre-clutch,Cassandre clutch,saint-laurent,bags,Bags,women,"Saint Laurent Cassandre clutch — bags tracked across 1 store. We compare live prices, stock and coupons so you always land on the cheapest active listing.",,,bags; bags,4.6,190,3937,false,https://cdn-images.farfetch-contents.com/12/10/17/23/12101723_54570770_480.jpg,farfetch-store,1410.87,1410.87,IN STOCK,https://www.farfetch.com/shopping/women/saint-laurent-cassandre-clutch-item-12101723.aspx
PI-0024,saint-laurent-cassandre-leather-belt,Cassandre leather belt,saint-laurent,accessories,Accessories,women,"Saint Laurent Cassandre leather belt — accessories tracked across 1 store. We compare live prices, stock and coupons so you always land on the cheapest active listing.",,,accessories; accessories,4.3,85,6536,false,https://cdn-images.farfetch-contents.com/14/36/04/95/14360495_54374618_480.jpg,farfetch-store,418.48,418.48,IN STOCK,https://www.farfetch.com/shopping/women/saint-laurent-cassandre-gurtel-aus-leder-item-14360495.aspx
PI-0025,saint-laurent-le-loafer-smooth-leather-shoes,Le Loafer smooth leather shoes,saint-laurent,shoes,Shoes,women,"Saint Laurent Le Loafer smooth leather shoes — shoes tracked across 1 store. We compare live prices, stock and coupons so you always land on the cheapest active listing.",,,shoes; shoes,4.8,104,4725,false,https://cdn-images.farfetch-contents.com/37/41/89/40/37418940_70217415_480.jpg,farfetch-store,540,540,IN STOCK,https://www.farfetch.com/shopping/women/saint-laurent-le-loafer-schuhe-aus-glattem-leder-item-37418940.aspx
PI-0026,saint-laurent-medium-clutch-with-monogram,medium clutch with monogram,saint-laurent,bags,Bags,women,"Saint Laurent medium clutch with monogram — bags tracked across 1 store. We compare live prices, stock and coupons so you always land on the cheapest active listing.",,,bags; bags,4.7,47,7718,false,https://cdn-images.farfetch-contents.com/15/10/26/14/15102614_25725705_480.jpg,farfetch-store,706.52,706.52,IN STOCK,https://www.farfetch.com/shopping/women/saint-laurent-mittelgroe-clutch-mit-monogramm-item-15102614.aspx
PI-0027,saint-laurent-opyum-sandals-with-logo-heel,Opyum sandals with logo heel,saint-laurent,shoes,Shoes,women,"Saint Laurent Opyum sandals with logo heel — shoes tracked across 1 store. We compare live prices, stock and coupons so you always land on the cheapest active listing.",,,shoes; shoes,3.8,66,2267,false,https://cdn-images.farfetch-contents.com/21/99/29/60/21992960_65046420_480.jpg,farfetch-store,414,414,IN STOCK,https://www.farfetch.com/shopping/women/saint-laurent-opyum-sandalen-mit-logo-absatz-item-21992960.aspx
PI-0028,saint-laurent-mini-le-5-7-shoulder-bag,mini Le 5 à 7 shoulder bag,saint-laurent,bags,Bags,women,"Saint Laurent mini Le 5 à 7 shoulder bag — bags tracked across 1 store. We compare live prices, stock and coupons so you always land on the cheapest active listing.",,,bags; bags,3.9,57,5564,false,https://cdn-images.farfetch-contents.com/18/42/95/06/18429506_54809843_480.jpg,farfetch-store,1590.22,1590.22,IN STOCK,https://www.farfetch.com/shopping/women/saint-laurent-mini-le-5-a-7-schultertasche-item-18429506.aspx
PI-0029,saint-laurent-shoulder-bag-with-logo-plaque,shoulder bag with logo plaque,saint-laurent,bags,Bags,women,"Saint Laurent shoulder bag with logo plaque — bags tracked across 1 store. We compare live prices, stock and coupons so you always land on the cheapest active listing.",,,bags; bags,4.4,76,3185,false,https://cdn-images.farfetch-contents.com/32/06/68/18/32066818_62037516_480.jpg,farfetch-store,1318.48,1318.48,IN STOCK,https://www.farfetch.com/shopping/women/saint-laurent-schultertasche-mit-logo-schild-item-32066818.aspx
PI-0030,saint-laurent-cassandre-card-holder,Cassandre card holder,saint-laurent,clothing,Clothing,women,"Saint Laurent Cassandre card holder — clothing tracked across 1 store. We compare live prices, stock and coupons so you always land on the cheapest active listing.",,,clothing; clothing,3.6,218,6475,false,https://cdn-images.farfetch-contents.com/11/63/73/89/11637389_54975450_480.jpg,farfetch-store,300,300,IN STOCK,https://www.farfetch.com/shopping/women/saint-laurent-cassandre-kartenetui-item-11637389.aspx
PI-0031,saint-laurent-cassandre-metal-and-rhinestone-bracelet,Cassandre metal and rhinestone bracelet,saint-laurent,jewelry,Jewelry-Accessories,women,"Saint Laurent Cassandre metal and rhinestone bracelet — jewelry-accessories tracked across 1 store. We compare live prices, stock and coupons so you always land on the cheapest active listing.",,,jewelry-accessories; jewelry-accessories,4.5,199,3482,true,https://cdn-images.farfetch-contents.com/22/65/87/90/22658790_60128052_480.jpg,farfetch-store,380.43,380.43,IN STOCK,https://www.farfetch.com/shopping/women/saint-laurent-cassandre-armband-aus-metall-und-strass-item-22658790.aspx
PI-0032,saint-laurent-loafer-with-logo-plaque,loafer with logo plaque,saint-laurent,shoes,Shoes,women,"Saint Laurent loafer with logo plaque — shoes tracked across 1 store. We compare live prices, stock and coupons so you always land on the cheapest active listing.",,,shoes; shoes,4.6,56,869,false,https://cdn-images.farfetch-contents.com/32/04/31/26/32043126_61810381_480.jpg,farfetch-store,372,372,IN STOCK,https://www.farfetch.com/shopping/women/saint-laurent-loafer-mit-logo-schild-item-32043126.aspx
PI-0033,saint-laurent-high-waisted-jeans,high-waisted jeans,saint-laurent,clothing,Clothing,women,"Saint Laurent high-waisted jeans — clothing tracked across 1 store. We compare live prices, stock and coupons so you always land on the cheapest active listing.",,,clothing; clothing,4.1,237,2680,false,https://cdn-images.farfetch-contents.com/33/99/23/72/33992372_65500950_480.jpg,farfetch-store,916.3,916.3,IN STOCK,https://www.farfetch.com/shopping/women/saint-laurent-jeans-mit-hohem-bund-item-33992372.aspx
PI-0034,saint-laurent-babylone-smooth-leather-mules,Babylone smooth leather mules,saint-laurent,shoes,Shoes,women,"Saint Laurent Babylone smooth leather mules — shoes tracked across 1 store. We compare live prices, stock and coupons so you always land on the cheapest active listing.",,,shoes; shoes,4.4,142,5361,false,https://cdn-images.farfetch-contents.com/30/10/88/25/30108825_59192890_480.jpg,farfetch-store,396,396,IN STOCK,https://www.farfetch.com/shopping/women/saint-laurent-babylone-mules-aus-glattem-leder-item-30108825.aspx
PI-0035,saint-laurent-classic-belt,classic belt,saint-laurent,accessories,Accessories,women,"Saint Laurent classic belt — accessories tracked across 1 store. We compare live prices, stock and coupons so you always land on the cheapest active listing.",,,accessories; accessories,3.9,123,5718,false,https://cdn-images.farfetch-contents.com/37/85/63/14/37856314_71537729_480.jpg,farfetch-store,444.57,444.57,IN STOCK,https://www.farfetch.com/shopping/women/saint-laurent-klassischer-gurtel-item-37856314.aspx
PI-0036,saint-laurent-quilted-shoulder-bag,quilted shoulder bag,saint-laurent,bags,Bags,women,"Saint Laurent quilted shoulder bag — bags tracked across 1 store. We compare live prices, stock and coupons so you always land on the cheapest active listing.",,,bags; bags,4,180,6359,false,https://cdn-images.farfetch-contents.com/16/08/06/74/16080674_54575355_480.jpg,farfetch-store,1158.7,1158.7,IN STOCK,https://www.farfetch.com/shopping/women/saint-laurent-gesteppte-schultertasche-item-16080674.aspx
PI-0037,saint-laurent-gaby-shoulder-bag,Gaby shoulder bag,saint-laurent,bags,Bags,women,"Saint Laurent Gaby shoulder bag — bags tracked across 1 store. We compare live prices, stock and coupons so you always land on the cheapest active listing.",,,bags; bags,4.9,161,276,true,https://cdn-images.farfetch-contents.com/22/35/08/93/22350893_54809861_480.jpg,farfetch-store,2010.87,2010.87,IN STOCK,https://www.farfetch.com/shopping/women/saint-laurent-gaby-umhangetasche-item-22350893.aspx
PI-0038,saint-laurent-cassandre-card-holder-2,Cassandre card holder (2),saint-laurent,clothing,Clothing,women,"Saint Laurent Cassandre card holder (2) — clothing tracked across 1 store. We compare live prices, stock and coupons so you always land on the cheapest active listing.",,,clothing; clothing,3.8,66,2237,false,https://cdn-images.farfetch-contents.com/14/33/90/53/14339053_54156605_480.jpg,farfetch-store,393.48,393.48,IN STOCK,https://www.farfetch.com/shopping/women/saint-laurent-cassandre-kartenetui-item-14339053.aspx
PI-0039,saint-laurent-ruched-loafer-with-logo-plaque,ruched loafer with logo plaque,saint-laurent,shoes,Shoes,women,"Saint Laurent ruched loafer with logo plaque — shoes tracked across 1 store. We compare live prices, stock and coupons so you always land on the cheapest active listing.",,,shoes; shoes,4.7,47,3902,false,https://cdn-images.farfetch-contents.com/33/13/67/63/33136763_64682762_480.jpg,farfetch-store,360,360,IN STOCK,https://www.farfetch.com/shopping/women/saint-laurent-geraffte-loafer-mit-logo-schild-item-33136763.aspx
PI-0040,saint-laurent-earrings-with-monogram,earrings with monogram,saint-laurent,jewelry,Jewelry-Accessories,women,"Saint Laurent earrings with monogram — jewelry-accessories tracked across 1 store. We compare live prices, stock and coupons so you always land on the cheapest active listing.",,,jewelry-accessories; jewelry-accessories,4.1,223,2550,false,https://cdn-images.farfetch-contents.com/20/01/99/85/20019985_45036899_480.jpg,farfetch-store,507.61,507.61,IN STOCK,https://www.farfetch.com/shopping/women/saint-laurent-ohrringe-mit-monogramm-item-20019985.aspx
PI-0041,valentino-lace-bodysuit,lace bodysuit,valentino,clothing,Clothing,women,"Valentino lace bodysuit — clothing tracked across 1 store. We compare live prices, stock and coupons so you always land on the cheapest active listing.",,,clothing; clothing,4.6,42,3973,false,https://cdn-images.farfetch-contents.com/35/64/92/54/35649254_70191639_480.jpg,farfetch-store,1100,1100,IN STOCK,https://www.farfetch.com/shopping/women/valentino-garavani-body-de-encaje-item-35649254.aspx
PI-0042,valentino-panthea-medium-shoulder-bag,Panthea medium shoulder bag,valentino,bags,Bags,women,"Valentino Panthea medium shoulder bag — bags tracked across 1 store. We compare live prices, stock and coupons so you always land on the cheapest active listing.",,,bags; bags,3.7,61,7384,false,https://cdn-images.farfetch-contents.com/35/66/28/98/35662898_67104517_480.jpg,farfetch-store,2400,2400,IN STOCK,https://www.farfetch.com/shopping/women/valentino-garavani-bolsa-de-hombro-panthea-mediana-item-35662898.aspx
PI-0043,valentino-rockstud-sneakers-with-100mm-heel,Rockstud sneakers with 100mm heel,valentino,shoes,Shoes,women,"Valentino Rockstud sneakers with 100mm heel — shoes tracked across 1 store. We compare live prices, stock and coupons so you always land on the cheapest active listing.",,,shoes; shoes,4.2,80,6123,true,https://cdn-images.farfetch-contents.com/35/64/94/57/35649457_68046138_480.jpg,farfetch-store,384,384,IN STOCK,https://www.farfetch.com/shopping/women/valentino-garavani-zapatillas-rockstud-con-tacon-de-100mm-item-35649457.aspx
PI-0044,valentino-small-antibes-tote-bag,small Antibes tote bag,valentino,bags,Bags,women,"Valentino small Antibes tote bag — bags tracked across 1 store. We compare live prices, stock and coupons so you always land on the cheapest active listing.",,,bags; bags,4.9,147,7798,false,https://cdn-images.farfetch-contents.com/35/66/40/03/35664003_69133050_480.jpg,farfetch-store,2650,2650,IN STOCK,https://www.farfetch.com/shopping/women/valentino-garavani-tote-antibes-pequena-item-35664003.aspx
PI-0045,valentino-canestrello-cotton-tweed-top,Canestrello cotton tweed top,valentino,clothing,Clothing,women,"Valentino Canestrello cotton tweed top — clothing tracked across 1 store. We compare live prices, stock and coupons so you always land on the cheapest active listing.",,,clothing; clothing,4,166,2321,false,https://cdn-images.farfetch-contents.com/35/65/68/06/35656806_67591719_480.jpg,farfetch-store,1200,1200,IN STOCK,https://www.farfetch.com/shopping/women/valentino-garavani-top-canestrello-de-tweed-de-algodon-item-35656806.aspx
PI-0046,valentino-vlogo-straight-jeans,VLogo straight jeans,valentino,clothing,Clothing,women,"Valentino VLogo straight jeans — clothing tracked across 1 store. We compare live prices, stock and coupons so you always land on the cheapest active listing.",,,clothing; clothing,4.5,185,2356,false,https://cdn-images.farfetch-contents.com/36/67/02/05/36670205_68860368_480.jpg,farfetch-store,1600,1600,IN STOCK,https://www.farfetch.com/shopping/women/valentino-garavani-jeans-rectos-vlogo-item-36670205.aspx
PI-0047,valentino-mool-moulin-sweater,Mool Mouliné sweater,valentino,clothing,Clothing,women,"Valentino Mool Mouliné sweater — clothing tracked across 1 store. We compare live prices, stock and coupons so you always land on the cheapest active listing.",,,clothing; clothing,3.6,204,439,true,https://cdn-images.farfetch-contents.com/35/65/67/42/35656742_69146116_480.jpg,farfetch-store,1350,1350,IN STOCK,https://www.farfetch.com/shopping/women/valentino-garavani-sueter-mool-mouline-item-35656742.aspx
PI-0048,valentino-vlogo-signature-earrings-with-swarovski-crystals,VLogo Signature earrings with Swarovski crystals,valentino,jewelry,Jewelry-Accessories,women,"Valentino VLogo Signature earrings with Swarovski crystals — jewelry-accessories tracked across 1 store. We compare live prices, stock and coupons so you always land on the cheapest active listing.",,,jewelry-accessories; jewelry-accessories,4.3,71,1618,false,https://cdn-images.farfetch-contents.com/36/07/45/37/36074537_67679142_480.jpg,farfetch-store,290,290,IN STOCK,https://www.farfetch.com/shopping/women/valentino-garavani-aretes-vlogo-signature-de-metal-y-cristales-de-swarovski-item-36074537.aspx
PI-0049,valentino-lace-midi-skirt,lace midi skirt,valentino,clothing,Clothing,women,"Valentino lace midi skirt — clothing tracked across 1 store. We compare live prices, stock and coupons so you always land on the cheapest active listing.",,,clothing; clothing,4.8,90,4627,false,https://cdn-images.farfetch-contents.com/35/83/61/08/35836108_67479696_480.jpg,farfetch-store,860,860,IN STOCK,https://www.farfetch.com/shopping/women/valentino-garavani-falda-midi-de-encaje-item-35836108.aspx
PI-0050,valentino-rockstud-leather-sandals,Rockstud leather sandals,valentino,shoes,Shoes,women,"Valentino Rockstud leather sandals — shoes tracked across 1 store. We compare live prices, stock and coupons so you always land on the cheapest active listing.",,,shoes; shoes,4,232,5051,false,https://cdn-images.farfetch-contents.com/34/45/00/37/34450037_69348138_480.jpg,farfetch-store,384,384,IN STOCK,https://www.farfetch.com/shopping/women/valentino-garavani-sandalias-rockstud-de-piel-item-34450037.aspx
PI-0051,valentino-small-embroidered-loc-shoulder-bag,small embroidered Locò shoulder bag,valentino,bags,Bags,women,"Valentino small embroidered Locò shoulder bag — bags tracked across 1 store. We compare live prices, stock and coupons so you always land on the cheapest active listing.",Red,,bags; bags,4.9,213,3240,false,https://cdn-images.farfetch-contents.com/36/61/23/27/36612327_68683629_480.jpg,farfetch-store,2970,2970,IN STOCK,https://www.farfetch.com/shopping/women/valentino-garavani-bolsa-de-hombro-loco-pequena-con-bordado-item-36612327.aspx
PI-0052,valentino-blanket-top-with-floral-stamps,blanket top with floral stamps,valentino,clothing,Clothing,women,"Valentino blanket top with floral stamps — clothing tracked across 1 store. We compare live prices, stock and coupons so you always land on the cheapest active listing.",Floral,,clothing; clothing,4.4,194,7509,false,https://cdn-images.farfetch-contents.com/36/61/91/59/36619159_68656172_480.jpg,farfetch-store,1750,1750,IN STOCK,https://www.farfetch.com/shopping/women/valentino-garavani-top-en-frazada-con-sellos-florales-item-36619159.aspx
PI-0053,valentino-resort-shoes-with-75mm-wedge,Resort shoes with 75mm wedge,valentino,shoes,Shoes,women,"Valentino Resort shoes with 75mm wedge — shoes tracked across 1 store. We compare live prices, stock and coupons so you always land on the cheapest active listing.",,,shoes; shoes,3.9,175,2058,false,https://cdn-images.farfetch-contents.com/36/62/00/00/36620000_68733579_480.jpg,farfetch-store,354,354,IN STOCK,https://www.farfetch.com/shopping/women/valentino-garavani-zapatos-resort-con-cuna-de-75mm-item-36620000.aspx
PI-0054,valentino-blanket-midi-skirt-with-floral-stamps,blanket midi skirt with floral stamps,valentino,clothing,Clothing,women,"Valentino blanket midi skirt with floral stamps — clothing tracked across 1 store. We compare live prices, stock and coupons so you always land on the cheapest active listing.",Floral,,clothing; clothing,4.8,156,3497,false,https://cdn-images.farfetch-contents.com/36/61/93/87/36619387_68655673_480.jpg,farfetch-store,1920,1920,IN STOCK,https://www.farfetch.com/shopping/women/valentino-garavani-falda-midi-en-frazada-con-sellos-florales-item-36619387.aspx
PI-0055,valentino-embroidered-couture-linen-top,embroidered Couture linen top,valentino,clothing,Clothing,women,"Valentino embroidered Couture linen top — clothing tracked across 1 store. We compare live prices, stock and coupons so you always land on the cheapest active listing.",Red,,clothing; clothing,4.3,137,4484,false,https://cdn-images.farfetch-contents.com/36/61/93/89/36619389_68655588_480.jpg,farfetch-store,1260,1260,IN STOCK,https://www.farfetch.com/shopping/women/valentino-garavani-embroidered-couture-linen-top-item-36619389.aspx
PI-0056,valentino-embroidered-couture-linen-shorts,embroidered Couture linen shorts,valentino,clothing,Clothing,women,"Valentino embroidered Couture linen shorts — clothing tracked across 1 store. We compare live prices, stock and coupons so you always land on the cheapest active listing.",Red,,clothing; clothing,3.8,118,5473,false,https://cdn-images.farfetch-contents.com/36/62/00/02/36620002_68655596_480.jpg,farfetch-store,1880,1880,IN STOCK,https://www.farfetch.com/shopping/women/valentino-garavani-embroidered-couture-linen-shorts-item-36620002.aspx
PI-0057,valentino-rockstud-sandals-45mm,Rockstud sandals 45mm,valentino,shoes,Shoes,women,"Valentino Rockstud sandals 45mm — shoes tracked across 1 store. We compare live prices, stock and coupons so you always land on the cheapest active listing.",,,shoes; shoes,4.7,99,4970,false,https://cdn-images.farfetch-contents.com/35/65/98/07/35659807_67104629_480.jpg,farfetch-store,324,324,IN STOCK,https://www.farfetch.com/shopping/women/valentino-garavani-sandalias-rockstud-de-45mm-item-35659807.aspx
PI-0058,valentino-raffia-bag-with-geometric-motif,raffia bag with geometric motif,valentino,bags,Bags,women,"Valentino raffia bag with geometric motif — bags tracked across 1 store. We compare live prices, stock and coupons so you always land on the cheapest active listing.",,,bags; bags,4.2,80,6899,false,https://cdn-images.farfetch-contents.com/36/61/23/61/36612361_68656171_480.jpg,farfetch-store,870,870,IN STOCK,https://www.farfetch.com/shopping/women/valentino-garavani-bolsa-de-rafia-con-motivo-geometrico-item-36612361.aspx
PI-0059,valentino-rockstud-rubber-slippers,Rockstud rubber slippers,valentino,clothing,Clothing,women,"Valentino Rockstud rubber slippers — clothing tracked across 1 store. We compare live prices, stock and coupons so you always land on the cheapest active listing.",,,clothing; clothing,3.7,61,6656,false,https://cdn-images.farfetch-contents.com/34/07/79/83/34077983_68035040_480.jpg,farfetch-store,520,520,IN STOCK,https://www.farfetch.com/shopping/women/valentino-garavani-slippers-rockstud-de-goma-item-34077983.aspx
PI-0060,valentino-short-blanket-skirt-with-floral-stamps,short blanket skirt with floral stamps,valentino,clothing,Clothing,women,"Valentino short blanket skirt with floral stamps — clothing tracked across 1 store. We compare live prices, stock and coupons so you always land on the cheapest active listing.",Floral,,clothing; clothing,3.9,107,4768,false,https://cdn-images.farfetch-contents.com/36/61/88/20/36618820_68655986_480.jpg,farfetch-store,1600,1600,IN STOCK,https://www.farfetch.com/shopping/women/valentino-garavani-falda-corta-en-frazada-con-sellos-florales-item-36618820.aspx
PI-0061,dolce-gabbana-exclusive-linda-double-breasted-jacket,EXCLUSIVE Linda double-breasted jacket,dolce-gabbana,clothing,Clothing,women,"Dolce & Gabbana EXCLUSIVE Linda double-breasted jacket — clothing tracked across 1 store. We compare live prices, stock and coupons so you always land on the cheapest active listing.",,,clothing; clothing,4.8,88,4781,false,https://cdn-images.farfetch-contents.com/35/85/35/76/35853576_70008597_480.jpg,farfetch-store,1780,1780,IN STOCK,https://www.farfetch.com/shopping/women/dolce-gabbana-exclusive-linda-double-breasted-jacket-item-35853576.aspx
PI-0062,dolce-gabbana-medium-my-sicily-handbag-in-split-calfskin,medium My Sicily handbag in split calfskin,dolce-gabbana,bags,Bags,women,"Dolce & Gabbana medium My Sicily handbag in split calfskin — bags tracked across 1 store. We compare live prices, stock and coupons so you always land on the cheapest active listing.",,,bags; bags,4.9,145,4158,true,https://cdn-images.farfetch-contents.com/37/68/15/74/37681574_70666041_480.jpg,farfetch-store,2310,2310,IN STOCK,https://www.farfetch.com/shopping/women/dolce-gabbana-medium-my-sicily-handbag-in-split-calfskin-item-37681574.aspx
PI-0063,dolce-gabbana-cashmere-serafino-pullover,cashmere Serafino pullover,dolce-gabbana,clothing,Clothing,women,"Dolce & Gabbana cashmere Serafino pullover — clothing tracked across 1 store. We compare live prices, stock and coupons so you always land on the cheapest active listing.",,,clothing; clothing,4.4,126,5491,false,https://cdn-images.farfetch-contents.com/35/85/50/46/35855046_70008938_480.jpg,farfetch-store,880,880,IN STOCK,https://www.farfetch.com/shopping/women/dolce-gabbana-cashmere-serafino-pullover-item-35855046.aspx
PI-0064,dolce-gabbana-five-pocket-denim-jeans,five-pocket denim jeans,dolce-gabbana,clothing,Clothing,women,"Dolce & Gabbana five-pocket denim jeans — clothing tracked across 1 store. We compare live prices, stock and coupons so you always land on the cheapest active listing.",Denim,,clothing; clothing,4.5,183,332,false,https://cdn-images.farfetch-contents.com/35/85/39/88/35853988_70287269_480.jpg,farfetch-store,1045,1045,IN STOCK,https://www.farfetch.com/shopping/women/dolce-gabbana-five-pocket-denim-jeans-item-35853988.aspx
PI-0065,dolce-gabbana-medium-sicily-rose-print-crystal-embellished-tote-bag,medium Sicily rose-print crystal-embellished tote bag,dolce-gabbana,bags,Bags,women,"Dolce & Gabbana medium Sicily rose-print crystal-embellished tote bag — bags tracked across 1 store. We compare live prices, stock and coupons so you always land on the cheapest active listing.",,,bags; bags,4,164,7521,false,https://cdn-images.farfetch-contents.com/36/92/02/50/36920250_70106173_480.jpg,farfetch-store,1980,1980,IN STOCK,https://www.farfetch.com/shopping/women/dolce-gabbana-medium-sicily-rose-print-crystal-embellished-tote-bag-item-36920250.aspx
PI-0066,dolce-gabbana-rose-print-charmeuse-midi-dress,rose-print charmeuse midi dress,dolce-gabbana,clothing,Dresses,women,"Dolce & Gabbana rose-print charmeuse midi dress — dresses tracked across 1 store. We compare live prices, stock and coupons so you always land on the cheapest active listing.",,,dresses; dresses,4.1,221,7362,false,https://cdn-images.farfetch-contents.com/35/85/37/16/35853716_70679936_480.jpg,farfetch-store,2000,2000,IN STOCK,https://www.farfetch.com/shopping/women/dolce-gabbana-rose-print-charmeuse-midi-dress-item-35853716.aspx
PI-0067,dolce-gabbana-exclusive-lace-midi-dress,EXCLUSIVE lace midi dress,dolce-gabbana,clothing,Dresses,women,"Dolce & Gabbana EXCLUSIVE lace midi dress — dresses tracked across 1 store. We compare live prices, stock and coupons so you always land on the cheapest active listing.",,,dresses; dresses,3.6,202,3337,false,https://cdn-images.farfetch-contents.com/35/85/37/12/35853712_70611523_480.jpg,farfetch-store,1280,1280,IN STOCK,https://www.farfetch.com/shopping/women/dolce-gabbana-exclusive-lace-midi-dress-item-35853712.aspx
PI-0068,dolce-gabbana-satin-sandals-with-flower,satin sandals with flower,dolce-gabbana,shoes,Shoes,women,"Dolce & Gabbana satin sandals with flower — shoes tracked across 1 store. We compare live prices, stock and coupons so you always land on the cheapest active listing.",,,shoes; shoes,4.1,155,6520,false,https://cdn-images.farfetch-contents.com/35/85/32/99/35853299_70615962_480.jpg,farfetch-store,264,264,IN STOCK,https://www.farfetch.com/shopping/women/dolce-gabbana-satin-sandals-with-flower-item-35853299.aspx
PI-0069,dolce-gabbana-jersey-t-shirt,jersey T-shirt,dolce-gabbana,clothing,Clothing,women,"Dolce & Gabbana jersey T-shirt — clothing tracked across 1 store. We compare live prices, stock and coupons so you always land on the cheapest active listing.",,,clothing; clothing,3.6,136,1829,true,https://cdn-images.farfetch-contents.com/35/85/38/38/35853838_69190309_480.jpg,farfetch-store,845,845,IN STOCK,https://www.farfetch.com/shopping/women/dolce-gabbana-jersey-t-shirt-item-35853838.aspx
PI-0070,dolce-gabbana-leo-print-viscose-jersey-skirt,leo-print viscose jersey skirt,dolce-gabbana,clothing,Clothing,women,"Dolce & Gabbana leo-print viscose jersey skirt — clothing tracked across 1 store. We compare live prices, stock and coupons so you always land on the cheapest active listing.",,,clothing; clothing,4,98,3649,false,https://cdn-images.farfetch-contents.com/35/85/36/04/35853604_69195362_480.jpg,farfetch-store,1945,1945,IN STOCK,https://www.farfetch.com/shopping/women/dolce-gabbana-leo-print-viscose-jersey-skirt-item-35853604.aspx
PI-0071,dolce-gabbana-leo-kid-leather-slingbacks,leo kid-leather slingbacks,dolce-gabbana,shoes,Shoes,women,"Dolce & Gabbana leo kid-leather slingbacks — shoes tracked across 1 store. We compare live prices, stock and coupons so you always land on the cheapest active listing.",,,shoes; shoes,4.5,117,6950,true,https://cdn-images.farfetch-contents.com/35/85/32/17/35853217_69404010_480.jpg,farfetch-store,552,552,IN STOCK,https://www.farfetch.com/shopping/women/dolce-gabbana-leo-kid-leather-slingbacks-item-35853217.aspx
PI-0072,dolce-gabbana-exclusive-leo-print-sheer-dress,EXCLUSIVE leo-print sheer dress,dolce-gabbana,clothing,Dresses,women,"Dolce & Gabbana EXCLUSIVE leo-print sheer dress — dresses tracked across 1 store. We compare live prices, stock and coupons so you always land on the cheapest active listing.",,,dresses; dresses,4.4,60,1127,false,https://cdn-images.farfetch-contents.com/35/85/36/71/35853671_69190494_480.jpg,farfetch-store,1900,1900,IN STOCK,https://www.farfetch.com/shopping/women/dolce-gabbana-exclusive-leo-print-sheer-dress-item-35853671.aspx
PI-0073,dolce-gabbana-double-breasted-pinstripe-wool-jacket,double-breasted pinstripe wool jacket,dolce-gabbana,clothing,Clothing,women,"Dolce & Gabbana double-breasted pinstripe wool jacket — clothing tracked across 1 store. We compare live prices, stock and coupons so you always land on the cheapest active listing.",,,clothing; clothing,4.9,79,4748,false,https://cdn-images.farfetch-contents.com/35/85/35/61/35853561_70027962_480.jpg,farfetch-store,1380,1380,IN STOCK,https://www.farfetch.com/shopping/women/dolce-gabbana-double-breasted-pinstripe-wool-jacket-item-35853561.aspx
PI-0074,dolce-gabbana-dg-logo-clip-earrings,DG-logo clip earrings,dolce-gabbana,jewelry,Jewelry-Accessories,women,"Dolce & Gabbana DG-logo clip earrings — jewelry-accessories tracked across 1 store. We compare live prices, stock and coupons so you always land on the cheapest active listing.",,,jewelry-accessories; jewelry-accessories,4.8,222,7099,true,https://cdn-images.farfetch-contents.com/35/85/45/99/35854599_70015270_480.jpg,farfetch-store,645,645,IN STOCK,https://www.farfetch.com/shopping/women/dolce-gabbana-dg-logo-clip-earrings-item-35854599.aspx
PI-0075,dolce-gabbana-wool-skirt,wool skirt,dolce-gabbana,clothing,Clothing,women,"Dolce & Gabbana wool skirt — clothing tracked across 1 store. We compare live prices, stock and coupons so you always land on the cheapest active listing.",,,clothing; clothing,3.9,41,1798,false,https://cdn-images.farfetch-contents.com/35/85/36/27/35853627_70014237_480.jpg,farfetch-store,1645,1645,IN STOCK,https://www.farfetch.com/shopping/women/dolce-gabbana-wool-skirt-item-35853627.aspx
PI-0076,dolce-gabbana-logo-detail-pointed-toe-pumps,logo-detail pointed-toe pumps,dolce-gabbana,shoes,Shoes,women,"Dolce & Gabbana logo-detail pointed-toe pumps — shoes tracked across 1 store. We compare live prices, stock and coupons so you always land on the cheapest active listing.",,,shoes; shoes,3.8,184,1435,false,https://cdn-images.farfetch-contents.com/35/85/32/23/35853223_70482432_480.jpg,farfetch-store,570,570,IN STOCK,https://www.farfetch.com/shopping/women/dolce-gabbana-logo-detail-pointed-toe-pumps-item-35853223.aspx
PI-0077,dolce-gabbana-turlington-single-breasted-jacket-in-pinstripe-wool,Turlington single-breasted jacket in pinstripe wool,dolce-gabbana,clothing,Clothing,women,"Dolce & Gabbana Turlington single-breasted jacket in pinstripe wool — clothing tracked across 1 store. We compare live prices, stock and coupons so you always land on the cheapest active listing.",,,clothing; clothing,4.3,203,1672,false,https://cdn-images.farfetch-contents.com/35/85/35/42/35853542_70008895_480.jpg,farfetch-store,940,940,IN STOCK,https://www.farfetch.com/shopping/women/dolce-gabbana-turlington-single-breasted-jacket-in-pinstripe-wool-item-35853542.aspx
PI-0078,dolce-gabbana-bow-detail-long-sleeve-sweater,bow-detail long-sleeve sweater,dolce-gabbana,clothing,Clothing,women,"Dolce & Gabbana bow-detail long-sleeve sweater — clothing tracked across 1 store. We compare live prices, stock and coupons so you always land on the cheapest active listing.",,,clothing; clothing,3.8,50,5593,false,https://cdn-images.farfetch-contents.com/35/85/50/73/35855073_70765992_480.jpg,farfetch-store,1420,1420,IN STOCK,https://www.farfetch.com/shopping/women/dolce-gabbana-bow-detail-long-sleeve-sweater-item-35855073.aspx
PI-0079,dolce-gabbana-lace-flat-slides,lace flat slides,dolce-gabbana,shoes,Shoes,women,"Dolce & Gabbana lace flat slides — shoes tracked across 1 store. We compare live prices, stock and coupons so you always land on the cheapest active listing.",,,shoes; shoes,4.3,69,190,false,https://cdn-images.farfetch-contents.com/35/85/32/72/35853272_70612681_480.jpg,farfetch-store,480,480,IN STOCK,https://www.farfetch.com/shopping/women/dolce-gabbana-lace-flat-slides-item-35853272.aspx
PI-0080,dolce-gabbana-pinstripe-wool-trousers,pinstripe wool trousers,dolce-gabbana,clothing,Clothing,women,"Dolce & Gabbana pinstripe wool trousers — clothing tracked across 1 store. We compare live prices, stock and coupons so you always land on the cheapest active listing.",,,clothing; clothing,4.7,195,4058,false,https://cdn-images.farfetch-contents.com/35/85/39/11/35853911_70014690_480.jpg,farfetch-store,1145,1145,IN STOCK,https://www.farfetch.com/shopping/women/dolce-gabbana-pinstripe-wool-trousers-item-35853911.aspx
PI-0081,armani-tote-bag-with-shoulder-strap,tote bag with shoulder strap,armani,bags,Bags,women,"Armani tote bag with shoulder strap — bags tracked across 1 store. We compare live prices, stock and coupons so you always land on the cheapest active listing.",,,bags; bags,3.8,214,4415,false,https://cdn-images.farfetch-contents.com/15/49/26/34/15492634_27602753_480.jpg,farfetch-store,1200,1200,IN STOCK,https://www.farfetch.com/shopping/women/giorgio-armani-bolsa-tote-com-alca-de-ombro-item-15492634.aspx
PI-0082,armani-shoulder-bag-with-logo,shoulder bag with logo,armani,bags,Bags,women,"Armani shoulder bag with logo — bags tracked across 1 store. We compare live prices, stock and coupons so you always land on the cheapest active listing.",,,bags; bags,4.3,233,1500,false,https://cdn-images.farfetch-contents.com/15/20/37/58/15203758_26191955_480.jpg,farfetch-store,1440,1440,IN STOCK,https://www.farfetch.com/shopping/women/giorgio-armani-bolsa-tiracolo-com-logo-item-15203758.aspx
PI-0083,armani-shoulder-bag-with-logo-2,shoulder bag with logo (2),armani,bags,Bags,women,"Armani shoulder bag with logo (2) — bags tracked across 1 store. We compare live prices, stock and coupons so you always land on the cheapest active listing.",,,bags; bags,4.8,52,3417,false,https://cdn-images.farfetch-contents.com/15/12/76/09/15127609_25750008_480.jpg,farfetch-store,1350,1350,IN STOCK,https://www.farfetch.com/shopping/women/giorgio-armani-bolsa-tiracolo-com-logo-item-15127609.aspx
PI-0084,armani-embroidered-cotton-jacket,embroidered cotton jacket,armani,clothing,Clothing,women,"Armani embroidered cotton jacket — clothing tracked across 1 store. We compare live prices, stock and coupons so you always land on the cheapest active listing.",Red,,clothing; clothing,3.9,71,6294,false,https://cdn-images.farfetch-contents.com/37/44/99/92/37449992_70196355_480.jpg,farfetch-store,1700,1700,IN STOCK,https://www.farfetch.com/shopping/women/giorgio-armani-jaqueta-de-algodao-com-bordado-item-37449992.aspx
PI-0085,armani-fringed-sequin-blouse,fringed sequin blouse,armani,jewelry,Jewelry-Accessories,women,"Armani fringed sequin blouse — jewelry-accessories tracked across 1 store. We compare live prices, stock and coupons so you always land on the cheapest active listing.",,,jewelry-accessories; jewelry-accessories,4.4,90,7525,false,https://cdn-images.farfetch-contents.com/34/92/07/16/34920716_66111521_480.jpg,farfetch-store,2394.27,4433.7,IN STOCK,https://www.farfetch.com/shopping/women/giorgio-armani-blusa-com-franjas-e-paetes-item-34920716.aspx
PI-0086,armani-felted-wool-fedora-hat,felted wool fedora hat,armani,accessories,Accessories,women,"Armani felted wool fedora hat — accessories tracked across 1 store. We compare live prices, stock and coupons so you always land on the cheapest active listing.",,,accessories; accessories,4.9,109,3320,true,https://cdn-images.farfetch-contents.com/38/41/41/26/38414126_71721513_480.jpg,farfetch-store,392,392,IN STOCK,https://www.farfetch.com/shopping/women/giorgio-armani-felted-wool-fedora-hat-item-38414126.aspx
PI-0087,armani-keyring-with-logo-plaque,keyring with logo plaque,armani,jewelry,Jewelry-Accessories,women,"Armani keyring with logo plaque — jewelry-accessories tracked across 1 store. We compare live prices, stock and coupons so you always land on the cheapest active listing.",,,jewelry-accessories; jewelry-accessories,4,128,5131,false,https://cdn-images.farfetch-contents.com/28/45/27/63/28452763_57822554_480.jpg,farfetch-store,550.55,811.67,IN STOCK,https://www.farfetch.com/shopping/women/giorgio-armani-chaveiro-com-placa-de-logo-item-28452763.aspx
PI-0088,armani-square-eyeglass-frame,square eyeglass frame,armani,clothing,Clothing,women,"Armani square eyeglass frame — clothing tracked across 1 store. We compare live prices, stock and coupons so you always land on the cheapest active listing.",,,clothing; clothing,4.9,43,2670,false,https://cdn-images.farfetch-contents.com/35/16/07/90/35160790_66890496_480.jpg,farfetch-store,554.81,554.81,IN STOCK,https://www.farfetch.com/shopping/women/giorgio-armani-armacao-de-oculos-quadrada-item-35160790.aspx
PI-0089,armani-midi-dress-with-twisted-detail,midi dress with twisted detail,armani,clothing,Dresses,women,"Armani midi dress with twisted detail — dresses tracked across 1 store. We compare live prices, stock and coupons so you always land on the cheapest active listing.",,,dresses; dresses,4,62,8103,false,https://cdn-images.farfetch-contents.com/37/76/51/16/37765116_70754718_480.jpg,farfetch-store,1900,1900,IN STOCK,https://www.farfetch.com/shopping/women/giorgio-armani-vestido-midi-com-detalhe-torcido-item-37765116.aspx
PI-0090,armani-logo-debossed-bifold-cardholder,logo-debossed bifold cardholder,armani,bags,Bags,women,"Armani logo-debossed bifold cardholder — bags tracked across 1 store. We compare live prices, stock and coupons so you always land on the cheapest active listing.",,,bags; bags,4.6,204,1993,false,https://cdn-images.farfetch-contents.com/38/41/23/57/38412357_71645895_480.jpg,farfetch-store,1134.07,1134.07,IN STOCK,https://www.farfetch.com/shopping/women/giorgio-armani-logo-debossed-bifold-cardholder-item-38412357.aspx
PI-0091,armani-short-sleeve-jersey-blouse,short-sleeve jersey blouse,armani,clothing,Clothing,women,"Armani short-sleeve jersey blouse — clothing tracked across 1 store. We compare live prices, stock and coupons so you always land on the cheapest active listing.",,,clothing; clothing,4.1,185,740,true,https://cdn-images.farfetch-contents.com/24/50/51/59/24505159_54663378_480.jpg,farfetch-store,543.14,904.07,IN STOCK,https://www.farfetch.com/shopping/women/giorgio-armani-blusa-de-jersey-mangas-curtas-item-24505159.aspx
PI-0092,armani-slim-jacket-with-chevron-pattern,slim jacket with chevron pattern,armani,clothing,Clothing,women,"Armani slim jacket with chevron pattern — clothing tracked across 1 store. We compare live prices, stock and coupons so you always land on the cheapest active listing.",,,clothing; clothing,3.6,166,559,false,https://cdn-images.farfetch-contents.com/37/46/55/12/37465512_70315005_480.jpg,farfetch-store,1060,1060,IN STOCK,https://www.farfetch.com/shopping/women/giorgio-armani-jaqueta-slim-com-padronagem-chevron-item-37465512.aspx
PI-0093,armani-gathered-midi-dress-with-tied-collar,gathered midi dress with tied collar,armani,clothing,Dresses,women,"Armani gathered midi dress with tied collar — dresses tracked across 1 store. We compare live prices, stock and coupons so you always land on the cheapest active listing.",Red,,dresses; dresses,4.5,147,5798,false,https://cdn-images.farfetch-contents.com/37/66/96/17/37669617_70558539_480.jpg,farfetch-store,1520,1520,IN STOCK,https://www.farfetch.com/shopping/women/giorgio-armani-vestido-midi-franzido-com-no-na-gola-item-37669617.aspx
PI-0094,armani-round-eyeglass-frame,round eyeglass frame,armani,clothing,Clothing,women,"Armani round eyeglass frame — clothing tracked across 1 store. We compare live prices, stock and coupons so you always land on the cheapest active listing.",,,clothing; clothing,3.8,80,1557,false,https://cdn-images.farfetch-contents.com/35/16/20/15/35162015_66890404_480.jpg,farfetch-store,517.78,517.78,IN STOCK,https://www.farfetch.com/shopping/women/giorgio-armani-armacao-de-oculos-redonda-item-35162015.aspx
PI-0095,armani-high-waisted-bootcut-jeans,high-waisted bootcut jeans,armani,shoes,Shoes,women,"Armani high-waisted bootcut jeans — shoes tracked across 1 store. We compare live prices, stock and coupons so you always land on the cheapest active listing.",,,shoes; shoes,4.7,61,4520,true,https://cdn-images.farfetch-contents.com/28/60/40/97/28604097_57945035_480.jpg,farfetch-store,498,498,IN STOCK,https://www.farfetch.com/shopping/women/giorgio-armani-calca-jeans-bootcut-de-cintura-alta-item-28604097.aspx
PI-0096,armani-vest-with-chain-trim-and-double-breasted-buttons,vest with chain trim and double-breasted buttons,armani,clothing,Clothing,women,"Armani vest with chain trim and double-breasted buttons — clothing tracked across 1 store. We compare live prices, stock and coupons so you always land on the cheapest active listing.",,,clothing; clothing,4.2,42,251,false,https://cdn-images.farfetch-contents.com/37/76/00/16/37760016_71332430_480.jpg,farfetch-store,800,800,IN STOCK,https://www.farfetch.com/shopping/women/giorgio-armani-colete-com-acabamento-de-corrente-e-abotoamento-duplo-item-37760016.aspx
PI-0097,armani-fringed-crew-neck-tank-top,fringed crew-neck tank top,armani,jewelry,Jewelry-Accessories,women,"Armani fringed crew-neck tank top — jewelry-accessories tracked across 1 store. We compare live prices, stock and coupons so you always land on the cheapest active listing.",Tan,,jewelry-accessories; jewelry-accessories,3.7,223,5766,true,https://cdn-images.farfetch-contents.com/33/29/28/72/33292872_65200663_480.jpg,farfetch-store,1075,1075,IN STOCK,https://www.farfetch.com/shopping/women/giorgio-armani-regata-decote-careca-com-franjas-item-33292872.aspx
PI-0098,armani-round-eyeglass-frame-2,round eyeglass frame (2),armani,clothing,Clothing,women,"Armani round eyeglass frame (2) — clothing tracked across 1 store. We compare live prices, stock and coupons so you always land on the cheapest active listing.",,,clothing; clothing,4.8,52,5599,false,https://cdn-images.farfetch-contents.com/18/29/83/75/18298375_39333346_480.jpg,farfetch-store,424.45,424.45,IN STOCK,https://www.farfetch.com/shopping/women/giorgio-armani-armacao-de-oculos-redonda-item-18298375.aspx
PI-0099,armani-earrings-with-crystal-application,earrings with crystal application,armani,jewelry,Jewelry-Accessories,women,"Armani earrings with crystal application — jewelry-accessories tracked across 1 store. We compare live prices, stock and coupons so you always land on the cheapest active listing.",,,jewelry-accessories; jewelry-accessories,4.3,233,3348,false,https://cdn-images.farfetch-contents.com/38/06/43/97/38064397_71250210_480.jpg,farfetch-store,682.59,682.59,IN STOCK,https://www.farfetch.com/shopping/women/giorgio-armani-par-de-brincos-com-aplicacao-de-cristais-item-38064397.aspx
PI-0100,armani-pendant-earrings,pendant earrings,armani,jewelry,Jewelry-Accessories,women,"Armani pendant earrings — jewelry-accessories tracked across 1 store. We compare live prices, stock and coupons so you always land on the cheapest active listing.",,,jewelry-accessories; jewelry-accessories,4.6,62,1617,false,https://cdn-images.farfetch-contents.com/38/06/53/19/38065319_71108587_480.jpg,farfetch-store,682.59,682.59,IN STOCK,https://www.farfetch.com/shopping/women/giorgio-armani-par-de-brincos-pendente-item-38065319.aspx
PI-0101,givenchy-antigona-tote-bag,Antigona tote bag,givenchy,bags,Bags,women,"Givenchy Antigona tote bag — bags tracked across 1 store. We compare live prices, stock and coupons so you always land on the cheapest active listing.",,,bags; bags,4.1,43,4858,false,https://cdn-images.farfetch-contents.com/32/36/52/59/32365259_62324346_480.jpg,farfetch-store,1432,1432,IN STOCK,https://www.farfetch.com/shopping/women/givenchy-antigona-tote-bag-item-32365259.aspx
PI-0102,givenchy-leopard-print-logo-print-clutch-bag,leopard-print logo-print clutch bag,givenchy,bags,Bags,women,"Givenchy leopard-print logo-print clutch bag — bags tracked across 1 store. We compare live prices, stock and coupons so you always land on the cheapest active listing.",,,bags; bags,4.2,100,439,false,https://cdn-images.farfetch-contents.com/37/54/24/14/37542414_70914879_480.jpg,farfetch-store,509,509,IN STOCK,https://www.farfetch.com/shopping/women/givenchy-leopard-print-logo-print-clutch-bag-item-37542414.aspx
PI-0103,givenchy-grained-leather-shoulder-bag,grained-leather shoulder bag,givenchy,bags,Bags,women,"Givenchy grained-leather shoulder bag — bags tracked across 1 store. We compare live prices, stock and coupons so you always land on the cheapest active listing.",,,bags; bags,3.7,81,2300,true,https://cdn-images.farfetch-contents.com/19/80/93/86/19809386_44438369_480.jpg,farfetch-store,2223,2223,IN STOCK,https://www.farfetch.com/shopping/women/givenchy-grained-leather-shoulder-bag-item-19809386.aspx
PI-0104,givenchy-small-voyou-leather-bucket-bag,small Voyou leather bucket bag,givenchy,bags,Bags,women,"Givenchy small Voyou leather bucket bag — bags tracked across 1 store. We compare live prices, stock and coupons so you always land on the cheapest active listing.",,,bags; bags,3.8,138,645,false,https://cdn-images.farfetch-contents.com/36/56/35/98/36563598_68785039_480.jpg,farfetch-store,1482,1482,IN STOCK,https://www.farfetch.com/shopping/women/givenchy-small-voyou-leather-bucket-bag-item-36563598.aspx
PI-0105,givenchy-mini-antigona-leather-tote-bag,mini Antigona leather tote bag,givenchy,bags,Bags,women,"Givenchy mini Antigona leather tote bag — bags tracked across 1 store. We compare live prices, stock and coupons so you always land on the cheapest active listing.",,,bags; bags,4.7,119,7034,false,https://cdn-images.farfetch-contents.com/32/21/20/38/32212038_62100029_480.jpg,farfetch-store,1380,1380,IN STOCK,https://www.farfetch.com/shopping/women/givenchy-mini-antigona-leather-tote-bag-item-32212038.aspx
PI-0106,givenchy-logo-lettering-clutch-bag,logo-lettering clutch bag,givenchy,bags,Bags,women,"Givenchy logo-lettering clutch bag — bags tracked across 1 store. We compare live prices, stock and coupons so you always land on the cheapest active listing.",,,bags; bags,4.8,176,3499,false,https://cdn-images.farfetch-contents.com/32/92/75/25/32927525_63372669_480.jpg,farfetch-store,342,564,IN STOCK,https://www.farfetch.com/shopping/women/givenchy-logo-lettering-clutch-bag-item-32927525.aspx
PI-0107,givenchy-medium-voyou-shoulder-bag,medium Voyou shoulder bag,givenchy,bags,Bags,women,"Givenchy medium Voyou shoulder bag — bags tracked across 1 store. We compare live prices, stock and coupons so you always land on the cheapest active listing.",,,bags; bags,4.3,157,1688,false,https://cdn-images.farfetch-contents.com/27/19/34/92/27193492_57119166_480.jpg,farfetch-store,1972,2708,IN STOCK,https://www.farfetch.com/shopping/women/givenchy-medium-voyou-shoulder-bag-item-27193492.aspx
PI-0108,givenchy-antigona-mini-bag,Antigona mini bag,givenchy,bags,Bags,women,"Givenchy Antigona mini bag — bags tracked across 1 store. We compare live prices, stock and coupons so you always land on the cheapest active listing.",,,bags; bags,4.8,110,1735,false,https://cdn-images.farfetch-contents.com/35/63/42/57/35634257_67416597_480.jpg,farfetch-store,1785,1785,IN STOCK,https://www.farfetch.com/shopping/women/givenchy-antigona-mini-bag-item-35634257.aspx
PI-0109,givenchy-small-voyou-two-way-bucket-bag,small Voyou two-way bucket bag,givenchy,bags,Bags,women,"Givenchy small Voyou two-way bucket bag — bags tracked across 1 store. We compare live prices, stock and coupons so you always land on the cheapest active listing.",,,bags; bags,4.3,91,3342,true,https://cdn-images.farfetch-contents.com/37/91/12/39/37911239_71942671_480.jpg,farfetch-store,1848,1848,IN STOCK,https://www.farfetch.com/shopping/women/givenchy-small-voyou-two-way-bucket-bag-item-37911239.aspx
PI-0110,givenchy-small-antigona-tote-bag,small Antigona tote bag,givenchy,bags,Bags,women,"Givenchy small Antigona tote bag — bags tracked across 1 store. We compare live prices, stock and coupons so you always land on the cheapest active listing.",,,bags; bags,4.9,59,2464,true,https://cdn-images.farfetch-contents.com/31/24/15/82/31241582_60516362_480.jpg,farfetch-store,1541,1541,IN STOCK,https://www.farfetch.com/shopping/women/givenchy-small-antigona-tote-bag-item-31241582.aspx
PI-0111,givenchy-small-voyou-leather-bucket-bag-2,small Voyou leather bucket bag (2),givenchy,bags,Bags,women,"Givenchy small Voyou leather bucket bag (2) — bags tracked across 1 store. We compare live prices, stock and coupons so you always land on the cheapest active listing.",,,bags; bags,4.4,40,2707,true,https://cdn-images.farfetch-contents.com/36/96/89/64/36968964_69617485_480.jpg,farfetch-store,1584,1584,IN STOCK,https://www.farfetch.com/shopping/women/givenchy-small-voyou-leather-bucket-bag-item-36968964.aspx
PI-0112,givenchy-logo-print-clutch-bag,logo-print clutch bag,givenchy,bags,Bags,women,"Givenchy logo-print clutch bag — bags tracked across 1 store. We compare live prices, stock and coupons so you always land on the cheapest active listing.",,,bags; bags,4.5,97,2158,false,https://cdn-images.farfetch-contents.com/31/91/94/94/31919494_61513495_480.jpg,farfetch-store,378,554,IN STOCK,https://www.farfetch.com/shopping/women/givenchy-logo-print-clutch-bag-item-31919494.aspx
PI-0113,givenchy-multi-pocket-top-handle-belt-bag,multi-pocket top-handle belt bag,givenchy,bags,Bags,women,"Givenchy multi-pocket top-handle belt bag — bags tracked across 1 store. We compare live prices, stock and coupons so you always land on the cheapest active listing.",Multi,,bags; bags,4,78,5517,false,https://cdn-images.farfetch-contents.com/31/52/50/84/31525084_61037702_480.jpg,farfetch-store,459,1062,IN STOCK,https://www.farfetch.com/shopping/women/givenchy-multi-pocket-top-handle-belt-bag-item-31525084.aspx
PI-0114,givenchy-voyou-shoulder-bag,Voyou shoulder bag,givenchy,bags,Bags,women,"Givenchy Voyou shoulder bag — bags tracked across 1 store. We compare live prices, stock and coupons so you always land on the cheapest active listing.",,,bags; bags,4.1,135,1692,false,https://cdn-images.farfetch-contents.com/32/40/07/67/32400767_62669481_480.jpg,farfetch-store,2441,3488,IN STOCK,https://www.farfetch.com/shopping/women/givenchy-voyou-shoulder-bag-item-32400767.aspx
PI-0115,givenchy-nano-facet-logo-embroidered-raffia-effect-tote-bag,Nano Facet logo-embroidered raffia-effect tote bag,givenchy,bags,Bags,women,"Givenchy Nano Facet logo-embroidered raffia-effect tote bag — bags tracked across 1 store. We compare live prices, stock and coupons so you always land on the cheapest active listing.",Red,,bags; bags,3.6,116,2399,true,https://cdn-images.farfetch-contents.com/36/00/72/39/36007239_67831007_480.jpg,farfetch-store,1074,1074,IN STOCK,https://www.farfetch.com/shopping/women/givenchy-nano-facet-logo-embroidered-raffia-effect-tote-bag-item-36007239.aspx
PI-0116,givenchy-star-print-iconic-pouch,star print Iconic pouch,givenchy,bags,Bags,women,"Givenchy star print Iconic pouch — bags tracked across 1 store. We compare live prices, stock and coupons so you always land on the cheapest active listing.",,,bags; bags,3.7,173,5298,false,https://cdn-images.farfetch-contents.com/11/80/41/49/11804149_8506877_480.jpg,farfetch-store,304,764,IN STOCK,https://www.farfetch.com/shopping/women/givenchy-star-print-iconic-pouch-item-11804149.aspx
PI-0117,givenchy-medium-voyou-shoulder-bag-2,medium Voyou shoulder bag (2),givenchy,bags,Bags,women,"Givenchy medium Voyou shoulder bag (2) — bags tracked across 1 store. We compare live prices, stock and coupons so you always land on the cheapest active listing.",,,bags; bags,4.6,154,7895,false,https://cdn-images.farfetch-contents.com/31/24/15/50/31241550_60509150_480.jpg,farfetch-store,1639,2669,IN STOCK,https://www.farfetch.com/shopping/women/givenchy-medium-voyou-shoulder-bag-item-31241550.aspx
PI-0118,givenchy-mini-antigona-east-west-tote-bag,mini Antigona East-West tote bag,givenchy,bags,Bags,women,"Givenchy mini Antigona East-West tote bag — bags tracked across 1 store. We compare live prices, stock and coupons so you always land on the cheapest active listing.",,,bags; bags,3.7,107,520,false,https://cdn-images.farfetch-contents.com/30/91/49/68/30914968_59779855_480.jpg,farfetch-store,919,919,IN STOCK,https://www.farfetch.com/shopping/women/givenchy-mini-antigona-east-west-tote-bag-item-30914968.aspx
PI-0119,givenchy-mini-antigona-metallic-leather-shoulder-bag,mini Antigona metallic leather shoulder bag,givenchy,bags,Bags,women,"Givenchy mini Antigona metallic leather shoulder bag — bags tracked across 1 store. We compare live prices, stock and coupons so you always land on the cheapest active listing.",,,bags; bags,4.6,88,3483,false,https://cdn-images.farfetch-contents.com/38/19/55/34/38195534_71677191_480.jpg,farfetch-store,1920,1920,IN STOCK,https://www.farfetch.com/shopping/women/givenchy-mini-antigona-metallic-leather-shoulder-bag-item-38195534.aspx
PI-0120,givenchy-silk-blend-clutch-bag,silk-blend clutch bag,givenchy,bags,Bags,women,"Givenchy silk-blend clutch bag — bags tracked across 1 store. We compare live prices, stock and coupons so you always land on the cheapest active listing.",,,bags; bags,4.4,80,3659,true,https://cdn-images.farfetch-contents.com/38/29/01/36/38290136_71971451_480.jpg,farfetch-store,2013,2013,IN STOCK,https://www.farfetch.com/shopping/women/givenchy-silk-blend-clutch-bag-item-38290136.aspx
PI-0121,moncler-printed-striped-shirt,printed striped shirt,moncler,clothing,Clothing,women,"Moncler printed striped shirt — clothing tracked across 1 store. We compare live prices, stock and coupons so you always land on the cheapest active listing.",,,clothing; clothing,3.9,61,3768,false,https://cdn-images.farfetch-contents.com/32/57/55/23/32575523_65250726_480.jpg,farfetch-store,875,875,IN STOCK,https://www.farfetch.com/shopping/women/moncler-camisa-con-rayas-estampadas-item-32575523.aspx
PI-0122,moncler-tote-bag-with-logo-detail,tote bag with logo detail,moncler,bags,Bags,women,"Moncler tote bag with logo detail — bags tracked across 1 store. We compare live prices, stock and coupons so you always land on the cheapest active listing.",,,bags; bags,4.8,42,5925,false,https://cdn-images.farfetch-contents.com/34/33/82/56/34338256_65584597_480.jpg,farfetch-store,1806,1806,IN STOCK,https://www.farfetch.com/shopping/women/moncler-tote-con-detalle-del-logo-item-34338256.aspx
PI-0123,moncler-nepeta-jacket,Nepeta jacket,moncler,clothing,Clothing,women,"Moncler Nepeta jacket — clothing tracked across 1 store. We compare live prices, stock and coupons so you always land on the cheapest active listing.",,,clothing; clothing,4.3,223,7898,false,https://cdn-images.farfetch-contents.com/34/33/40/32/34334032_65631768_480.jpg,farfetch-store,1657,1657,IN STOCK,https://www.farfetch.com/shopping/women/moncler-chamarra-nepeta-item-34334032.aspx
PI-0124,moncler-vera-leisure-sneakers,Vera Leisure sneakers,moncler,shoes,Shoes,women,"Moncler Vera Leisure sneakers — shoes tracked across 1 store. We compare live prices, stock and coupons so you always land on the cheapest active listing.",,,shoes; shoes,3.8,204,2713,false,https://cdn-images.farfetch-contents.com/33/71/39/01/33713901_64677621_480.jpg,farfetch-store,431,431,IN STOCK,https://www.farfetch.com/shopping/women/moncler-tenis-vera-leisure-item-33713901.aspx
PI-0125,moncler-polo-shirt-with-printed-stripes,polo shirt with printed stripes,moncler,clothing,Clothing,women,"Moncler polo shirt with printed stripes — clothing tracked across 1 store. We compare live prices, stock and coupons so you always land on the cheapest active listing.",,,clothing; clothing,4.7,185,6044,false,https://cdn-images.farfetch-contents.com/33/74/67/56/33746756_65566177_480.jpg,farfetch-store,783,783,IN STOCK,https://www.farfetch.com/shopping/women/moncler-playera-tipo-polo-con-rayas-estampadas-item-33746756.aspx
PI-0126,moncler-zelkova-jacket,Zelkova jacket,moncler,clothing,Clothing,women,"Moncler Zelkova jacket — clothing tracked across 1 store. We compare live prices, stock and coupons so you always land on the cheapest active listing.",,,clothing; clothing,4.2,166,3953,false,https://cdn-images.farfetch-contents.com/34/57/27/24/34572724_66110439_480.jpg,farfetch-store,853,853,IN STOCK,https://www.farfetch.com/shopping/women/moncler-chamarra-zelkova-item-34572724.aspx
PI-0127,moncler-trick-mini-bag,Trick mini bag,moncler,bags,Bags,women,"Moncler Trick mini bag — bags tracked across 1 store. We compare live prices, stock and coupons so you always land on the cheapest active listing.",,,bags; bags,3.7,147,602,false,https://cdn-images.farfetch-contents.com/34/44/98/18/34449818_65753605_480.jpg,farfetch-store,670,670,IN STOCK,https://www.farfetch.com/shopping/women/moncler-bolsa-trick-mini-item-34449818.aspx
PI-0128,moncler-shirt-with-printed-stripes-and-printed-logo,shirt with printed stripes and printed logo,moncler,clothing,Clothing,women,"Moncler shirt with printed stripes and printed logo — clothing tracked across 1 store. We compare live prices, stock and coupons so you always land on the cheapest active listing.",,,clothing; clothing,4.6,128,707,false,https://cdn-images.farfetch-contents.com/34/57/26/82/34572682_66110515_480.jpg,farfetch-store,617,617,IN STOCK,https://www.farfetch.com/shopping/women/moncler-playera-con-rayas-estampadas-y-logo-estampado-item-34572682.aspx
PI-0129,moncler-knit-shorts-with-printed-stripes,knit shorts with printed stripes,moncler,clothing,Clothing,women,"Moncler knit shorts with printed stripes — clothing tracked across 1 store. We compare live prices, stock and coupons so you always land on the cheapest active listing.",,,clothing; clothing,4.1,109,720,false,https://cdn-images.farfetch-contents.com/34/57/27/58/34572758_66110217_480.jpg,farfetch-store,561,561,IN STOCK,https://www.farfetch.com/shopping/women/moncler-shorts-tejidos-con-rayas-estampas-item-34572758.aspx
PI-0130,moncler-short-hooded-jacket,short hooded jacket,moncler,clothing,Clothing,women,"Moncler short hooded jacket — clothing tracked across 1 store. We compare live prices, stock and coupons so you always land on the cheapest active listing.",,,clothing; clothing,4.5,71,4362,false,https://cdn-images.farfetch-contents.com/34/89/24/95/34892495_66096088_480.jpg,farfetch-store,1150,1150,IN STOCK,https://www.farfetch.com/shopping/women/moncler-chamarra-corta-con-capucha-item-34892495.aspx
PI-0131,moncler-shirt-with-logo-patch-three-piece-set,shirt with logo patch (three-piece set),moncler,clothing,Clothing,women,"Moncler shirt with logo patch (three-piece set) — clothing tracked across 1 store. We compare live prices, stock and coupons so you always land on the cheapest active listing.",,,clothing; clothing,3.6,90,3605,false,https://cdn-images.farfetch-contents.com/32/74/03/09/32740309_65982918_480.jpg,farfetch-store,566,566,IN STOCK,https://www.farfetch.com/shopping/women/moncler-playera-con-parche-del-logo-set-de-tres-piezas-item-32740309.aspx
PI-0132,moncler-pleated-short-skirt-with-check-motif,pleated short skirt with check motif,moncler,clothing,Clothing,women,"Moncler pleated short skirt with check motif — clothing tracked across 1 store. We compare live prices, stock and coupons so you always land on the cheapest active listing.",,,clothing; clothing,4.1,109,168,false,https://cdn-images.farfetch-contents.com/34/28/84/61/34288461_65705200_480.jpg,farfetch-store,522,522,IN STOCK,https://www.farfetch.com/shopping/women/moncler-falda-corta-plisada-con-motivo-de-cuadros-item-34288461.aspx
PI-0133,moncler-short-sleeve-top-with-floral-motif,short-sleeve top with floral motif,moncler,clothing,Clothing,women,"Moncler short-sleeve top with floral motif — clothing tracked across 1 store. We compare live prices, stock and coupons so you always land on the cheapest active listing.",Floral,,clothing; clothing,4.6,128,2357,false,https://cdn-images.farfetch-contents.com/33/18/55/63/33185563_63873275_480.jpg,farfetch-store,955,955,IN STOCK,https://www.farfetch.com/shopping/women/moncler-top-manga-corta-con-motivo-floral-item-33185563.aspx
PI-0134,moncler-caradoc-teddy-micro-tote-bag,Caradoc Teddy micro tote bag,moncler,bags,Bags,women,"Moncler Caradoc Teddy micro tote bag — bags tracked across 1 store. We compare live prices, stock and coupons so you always land on the cheapest active listing.",,,bags; bags,3.9,195,6918,false,https://cdn-images.farfetch-contents.com/32/63/52/14/32635214_63801316_480.jpg,farfetch-store,787,787,IN STOCK,https://www.farfetch.com/shopping/women/moncler-tote-caradoc-teddy-micro-item-32635214.aspx
PI-0135,moncler-drawstring-waist-trousers,drawstring-waist trousers,moncler,jewelry,Jewelry-Accessories,women,"Moncler drawstring-waist trousers — jewelry-accessories tracked across 1 store. We compare live prices, stock and coupons so you always land on the cheapest active listing.",,,jewelry-accessories; jewelry-accessories,4.4,214,7439,false,https://cdn-images.farfetch-contents.com/33/26/69/41/33266941_63964005_480.jpg,farfetch-store,1200,1200,IN STOCK,https://www.farfetch.com/shopping/women/moncler-pantalones-con-cordones-en-la-pretina-item-33266941.aspx
PI-0136,moncler-tailgrip-lp-sneakers,Tailgrip LP sneakers,moncler,shoes,Shoes,women,"Moncler Tailgrip LP sneakers — shoes tracked across 1 store. We compare live prices, stock and coupons so you always land on the cheapest active listing.",,,shoes; shoes,4.9,233,580,true,https://cdn-images.farfetch-contents.com/34/33/90/92/34339092_65548586_480.jpg,farfetch-store,573,573,IN STOCK,https://www.farfetch.com/shopping/women/moncler-tenis-tailgrip-lp-item-34339092.aspx
PI-0137,moncler-coquelicot-jacket,Coquelicot jacket,moncler,clothing,Clothing,women,"Moncler Coquelicot jacket — clothing tracked across 1 store. We compare live prices, stock and coupons so you always land on the cheapest active listing.",,,clothing; clothing,4,52,1193,false,https://cdn-images.farfetch-contents.com/32/57/60/28/32576028_65491812_480.jpg,farfetch-store,1015,1015,IN STOCK,https://www.farfetch.com/shopping/women/moncler-chamarra-coquelicot-item-32576028.aspx
PI-0138,moncler-very-tote-bag,Very tote bag,moncler,bags,Bags,women,"Moncler Very tote bag — bags tracked across 1 store. We compare live prices, stock and coupons so you always land on the cheapest active listing.",,,bags; bags,4.7,119,3618,false,https://cdn-images.farfetch-contents.com/33/94/46/98/33944698_65089012_480.jpg,farfetch-store,1119,1119,IN STOCK,https://www.farfetch.com/shopping/women/moncler-tote-very-item-33944698.aspx
PI-0139,moncler-shirt-with-lace-trim,shirt with lace trim,moncler,clothing,Clothing,women,"Moncler shirt with lace trim — clothing tracked across 1 store. We compare live prices, stock and coupons so you always land on the cheapest active listing.",,,clothing; clothing,3.8,138,6403,true,https://cdn-images.farfetch-contents.com/33/74/68/22/33746822_65409773_480.jpg,farfetch-store,426,426,IN STOCK,https://www.farfetch.com/shopping/women/moncler-playera-con-ribete-de-encaje-item-33746822.aspx
PI-0140,moncler-skirt-with-belt-and-buttons,skirt with belt and buttons,moncler,accessories,Accessories,women,"Moncler skirt with belt and buttons — accessories tracked across 1 store. We compare live prices, stock and coupons so you always land on the cheapest active listing.",,,accessories; accessories,4,66,4149,false,https://cdn-images.farfetch-contents.com/34/63/82/36/34638236_65919985_480.jpg,farfetch-store,632,632,IN STOCK,https://www.farfetch.com/shopping/women/moncler-falda-con-cinturon-y-botones-item-34638236.aspx
PI-0001,samsonite-freeform-hardside-carry-on-luggage-electric-yellow,Freeform Hardside Carry-On Luggage - Electric Yellow,samsonite,lifestyle-accessories,Luggage & Travel Bags,unisex,"Samsonite Freeform Hardside Carry-On Luggage - Electric Yellow — luggage & travel bags tracked across 1 store. We compare live prices, stock and coupons so you always land on the cheapest active listing.",Electric Yellow,,luggage; luggage-travel-bags,4.6,106,6983,false,https://m.media-amazon.com/images/I/61UNg1GdHDL._AC_UL320_.jpg,amazon,195.65,195.65,IN STOCK,https://www.amazon.com/Samsonite-Freeform-Hardside-Luggage-Spinner/dp/B0FY5NS7XX
PI-0002,samsonite-omni-2-hardside-2-piece-set-icy-lilac,Omni 2 Hardside 2 Piece Set - Icy Lilac,samsonite,lifestyle-accessories,Luggage & Travel Bags,unisex,"Samsonite Omni 2 Hardside 2 Piece Set - Icy Lilac — luggage & travel bags tracked across 1 store. We compare live prices, stock and coupons so you always land on the cheapest active listing.",Icy Lilac,,luggage; luggage-travel-bags,4.1,87,300,false,https://m.media-amazon.com/images/I/91wWuKpW7WL._AC_UL320_.jpg,amazon,177.17,177.17,IN STOCK,https://www.amazon.com/Samsonite-Hardside-Expandable-Luggage-Spinner/dp/B0G22KSRCM
PI-0003,samsonite-centric-2-hardside-expandable-luggage-3-piece-set-black,Centric 2 Hardside Expandable Luggage 3-Piece Set - Black,samsonite,lifestyle-accessories,Luggage & Travel Bags,unisex,"Samsonite Centric 2 Hardside Expandable Luggage 3-Piece Set - Black — luggage & travel bags tracked across 1 store. We compare live prices, stock and coupons so you always land on the cheapest active listing.",Black,,luggage; luggage-travel-bags,3.6,68,1025,false,https://m.media-amazon.com/images/I/71vF7oZFuKL._AC_UL320_.jpg,amazon,293.48,293.48,IN STOCK,https://www.amazon.com/Samsonite-Centric-Hardside-Expandable-Luggage/dp/B081JD53DJ
PI-0004,samsonite-andante-2-wheeled-duffel-bag-all-black,Andante 2 Wheeled Duffel Bag - All Black,samsonite,lifestyle-accessories,Luggage & Travel Bags,unisex,"Samsonite Andante 2 Wheeled Duffel Bag - All Black — luggage & travel bags tracked across 1 store. We compare live prices, stock and coupons so you always land on the cheapest active listing.",All Black,,luggage; luggage-travel-bags,4.5,49,466,false,https://m.media-amazon.com/images/I/81vZ3E+MhlL._AC_UL320_.jpg,amazon,136.96,136.96,IN STOCK,https://www.amazon.com/Samsonite-Inch-Rolling-Duffel-Black/dp/B07HPLJLZJ
PI-0005,samsonite-omni-2-domestic-carry-on-luggage-nova-teal,Omni 2 Domestic Carry-On Luggage - Nova Teal,samsonite,lifestyle-accessories,Luggage & Travel Bags,unisex,"Samsonite Omni 2 Domestic Carry-On Luggage - Nova Teal — luggage & travel bags tracked across 1 store. We compare live prices, stock and coupons so you always land on the cheapest active listing.",Nova Teal,,luggage; luggage-travel-bags,4,230,5341,false,https://m.media-amazon.com/images/I/81CISS6f9UL._AC_UL320_.jpg,amazon,92.39,92.39,IN STOCK,https://www.amazon.com/Samsonite-Hardside-Expandable-Luggage-Spinner/dp/B0FY7DMD1D
PI-0006,samsonite-omni-2-pro-hardside-expandable-luggage-midnight-black,Omni 2 Pro Hardside Expandable Luggage - Midnight Black,samsonite,lifestyle-accessories,Luggage & Travel Bags,unisex,"Samsonite Omni 2 Pro Hardside Expandable Luggage - Midnight Black — luggage & travel bags tracked across 1 store. We compare live prices, stock and coupons so you always land on the cheapest active listing.",Midnight Black,,luggage; luggage-travel-bags,4.9,211,6064,true,https://m.media-amazon.com/images/I/71LSTZPyTKL._AC_UL320_.jpg,amazon,119.57,119.57,IN STOCK,https://www.amazon.com/Samsonite-147749-1548-Midnight-Black/dp/B0BJ2R4YZK
PI-0007,samsonite-saire-lte-softside-expandable-luggage-3pc-set-olive-green,Saire LTE Softside Expandable Luggage 3PC Set - Olive Green,samsonite,lifestyle-accessories,Luggage & Travel Bags,unisex,"Samsonite Saire LTE Softside Expandable Luggage 3PC Set - Olive Green — luggage & travel bags tracked across 1 store. We compare live prices, stock and coupons so you always land on the cheapest active listing.",Olive Green,,luggage; luggage-travel-bags,4.4,192,3299,false,https://m.media-amazon.com/images/I/71ejwDiBkoL._AC_UL320_.jpg,amazon,348.92,348.92,IN STOCK,https://www.amazon.com/Samsonite-Softside-Expandable-Luggage-Spinners/dp/B0DX7HWBG7
PI-0008,samsonite-omni-2-hardside-expandable-luggage-3-piece-set-emerald-green,Omni 2 Hardside Expandable Luggage 3-Piece Set - Emerald Green,samsonite,lifestyle-accessories,Luggage & Travel Bags,unisex,"Samsonite Omni 2 Hardside Expandable Luggage 3-Piece Set - Emerald Green — luggage & travel bags tracked across 1 store. We compare live prices, stock and coupons so you always land on the cheapest active listing.",Emerald Green,,luggage; luggage-travel-bags,3.9,173,2106,false,https://m.media-amazon.com/images/I/81KD5bb+31L._AC_UL320_.jpg,amazon,322.83,322.83,IN STOCK,https://www.amazon.com/Samsonite-Hardside-Expandable-Luggage-Spinner/dp/B0FY7F3BD5
PI-0009,samsonite-scure-spinner-75-28-hardside-suitcase,Scure Spinner 75/28 Hardside Suitcase,samsonite,lifestyle-accessories,Luggage & Travel Bags,unisex,"Samsonite Scure Spinner 75/28 Hardside Suitcase — luggage & travel bags tracked across 1 store. We compare live prices, stock and coupons so you always land on the cheapest active listing.",,,luggage; luggage-travel-bags,4.8,154,4369,false,https://m.media-amazon.com/images/I/81nKW2g0SPL._AC_UL320_.jpg,amazon,144.57,144.57,IN STOCK,https://www.amazon.com/Samsonite-Scure-Spinner-10U002-49308/dp/B007WQJSGM
PI-0010,samsonite-scure-renewed-classic-hardside-suitcase-black,Scure Renewed Classic Hardside Suitcase - Black,samsonite,lifestyle-accessories,Luggage & Travel Bags,unisex,"Samsonite Scure Renewed Classic Hardside Suitcase - Black — luggage & travel bags tracked across 1 store. We compare live prices, stock and coupons so you always land on the cheapest active listing.",Black,,luggage; luggage-travel-bags,3.8,116,6897,false,https://m.media-amazon.com/images/I/61ddE8PAs2L._AC_UL320_.jpg,amazon,176.08,176.08,IN STOCK,https://www.amazon.com/Samsonite-Scure-Renewed-Classic-black/dp/B0G71JFW5Y
PI-0011,tumi-just-in-case-tote-packable-travel-tote-bag,Just In Case Tote - Packable Travel Tote Bag,tumi,lifestyle-accessories,Bags & Travel,unisex,"TUMI Just In Case Tote - Packable Travel Tote Bag — bags & travel tracked across 1 store. We compare live prices, stock and coupons so you always land on the cheapest active listing.",,,bags; bags-travel,4.3,135,1460,false,https://m.media-amazon.com/images/I/61eVyug9W5L._AC_UL320_.jpg,amazon,163.04,163.04,IN STOCK,https://www.amazon.com/TUMI-Just-Case-Tote-Black/dp/B0BBS5ZN6Z
PI-0012,tumi-tyler-crossbody-women-s-nylon-crossbody-bag,Tyler Crossbody - Women's Nylon Crossbody Bag,tumi,lifestyle-accessories,Bags & Travel,unisex,"TUMI Tyler Crossbody - Women's Nylon Crossbody Bag — bags & travel tracked across 1 store. We compare live prices, stock and coupons so you always land on the cheapest active listing.",,,bags; bags-travel,4.8,154,6265,false,https://m.media-amazon.com/images/I/71bRLbuJzhL._AC_UL320_.jpg,amazon,275,275,IN STOCK,https://www.amazon.com/TUMI-Voyageur-Tyler-Crossbody-Black/dp/B0BRSH725N
PI-0013,tumi-contine-weekender-women-s-travel-weekend-bag,Contine Weekender - Women's Travel Weekend Bag,tumi,lifestyle-accessories,Bags & Travel,unisex,"TUMI Contine Weekender - Women's Travel Weekend Bag — bags & travel tracked across 1 store. We compare live prices, stock and coupons so you always land on the cheapest active listing.",,,bags; bags-travel,3.9,173,4638,false,https://m.media-amazon.com/images/I/71K4dDd0-lL._AC_UL320_.jpg,amazon,554.35,554.35,IN STOCK,https://www.amazon.com/TUMI-Voyageur-Contine-Weekender-Black/dp/B0BS6HWXZJ
PI-0014,tumi-voyageur-valetta-tote-women-s-carryall-bag,Voyageur Valetta Tote - Women's Carryall Bag,tumi,lifestyle-accessories,Bags & Travel,unisex,"TUMI Voyageur Valetta Tote - Women's Carryall Bag — bags & travel tracked across 1 store. We compare live prices, stock and coupons so you always land on the cheapest active listing.",,,bags; bags-travel,4.6,40,2995,false,https://m.media-amazon.com/images/I/71fIkRJ9+DL._AC_UL320_.jpg,amazon,460.87,460.87,IN STOCK,https://www.amazon.com/Tumi-Womens-Valetta-Large-Black/dp/B0G5BXSLB2
PI-0015,tumi-persia-crossbody-nylon-travel-shoulder-bag,Persia Crossbody - Nylon Travel Shoulder Bag,tumi,lifestyle-accessories,Bags & Travel,unisex,"TUMI Persia Crossbody - Nylon Travel Shoulder Bag — bags & travel tracked across 1 store. We compare live prices, stock and coupons so you always land on the cheapest active listing.",,,bags; bags-travel,3.7,59,2160,false,https://m.media-amazon.com/images/I/712nPYMu+1L._AC_UL320_.jpg,amazon,181.52,181.52,IN STOCK,https://www.amazon.com/TUMI-Voyageur-Persia-Crossbody-Black/dp/B0BRSK77TG
PI-0016,tumi-alpha-bravo-esports-pro-sling-bag,Alpha Bravo Esports Pro Sling Bag,tumi,lifestyle-accessories,Bags & Travel,unisex,"TUMI Alpha Bravo Esports Pro Sling Bag — bags & travel tracked across 1 store. We compare live prices, stock and coupons so you always land on the cheapest active listing.",,,bags; bags-travel,4.2,78,3885,true,https://m.media-amazon.com/images/I/81qttN+B7DL._AC_UL320_.jpg,amazon,348.92,348.92,IN STOCK,https://www.amazon.com/TUMI-Mens-Esports-Sling-Black/dp/B0936YGFD8
PI-0017,tumi-alpha-bravo-search-backpack,Alpha Bravo Search Backpack,tumi,lifestyle-accessories,Bags & Travel,unisex,"TUMI Alpha Bravo Search Backpack — bags & travel tracked across 1 store. We compare live prices, stock and coupons so you always land on the cheapest active listing.",,,bags; bags-travel,4.7,97,1870,false,https://m.media-amazon.com/images/I/916invaR6AL._AC_UL320_.jpg,amazon,605.43,605.43,IN STOCK,https://www.amazon.com/TUMI-Search-Backpack-Laptop-Travel/dp/B09N8RZPHN
PI-0018,tumi-voyageur-celina-backpack-unisex,Voyageur Celina Backpack - Unisex,tumi,lifestyle-accessories,Bags & Travel,unisex,"TUMI Voyageur Celina Backpack - Unisex — bags & travel tracked across 1 store. We compare live prices, stock and coupons so you always land on the cheapest active listing.",,,bags; bags-travel,4,164,1095,false,https://m.media-amazon.com/images/I/71-Yq1HdUzL._AC_UL320_.jpg,amazon,460.87,460.87,IN STOCK,https://www.amazon.com/TUMI-Voyageur-Celina-Backpack-Black/dp/B0BS6HY947
PI-0019,tumi-unisex-double-expansion-duffel,Unisex Double Expansion Duffel,tumi,lifestyle-accessories,Bags & Travel,unisex,"TUMI Unisex Double Expansion Duffel — bags & travel tracked across 1 store. We compare live prices, stock and coupons so you always land on the cheapest active listing.",,,bags; bags-travel,4.5,183,3332,true,https://m.media-amazon.com/images/I/71W0+T73lUL._AC_UL320_.jpg,amazon,554.35,554.35,IN STOCK,https://www.amazon.com/Unisex-Double-Expansion-Duffel-Black/dp/B0G5DFLYR3
PI-0020,tumi-alpha-large-17-laptop-briefcase,"Alpha Large 17"" Laptop Briefcase",tumi,lifestyle-accessories,Bags & Travel,unisex,"TUMI Alpha Large 17"" Laptop Briefcase — bags & travel tracked across 1 store. We compare live prices, stock and coupons so you always land on the cheapest active listing.",,,bags; bags-travel,3.7,209,5292,false,https://m.media-amazon.com/images/I/71JC5Mv6qfL._AC_UL320_.jpg,amazon,554.35,554.35,IN STOCK,https://www.amazon.com/TUMI-Briefcase-Professional-Commute-Compartment/dp/B0G5D9J2S9
PI-0021,tumi-voyageur-halsey-backpack,Voyageur Halsey Backpack,tumi,lifestyle-accessories,Bags & Travel,unisex,"TUMI Voyageur Halsey Backpack — bags & travel tracked across 1 store. We compare live prices, stock and coupons so you always land on the cheapest active listing.",,,bags; bags-travel,4.2,228,2503,false,https://m.media-amazon.com/images/I/61wbFGIX2vL._AC_UL320_.jpg,amazon,367.39,367.39,IN STOCK,https://www.amazon.com/TUMI-Voyageur-Halsey-Backpack-Gunmetal/dp/B0BS6JR37Y
PI-0022,tumi-just-in-case-foldable-backpack,Just In Case Foldable Backpack,tumi,lifestyle-accessories,Bags & Travel,unisex,"TUMI Just In Case Foldable Backpack — bags & travel tracked across 1 store. We compare live prices, stock and coupons so you always land on the cheapest active listing.",,,bags; bags-travel,4.1,171,1030,false,https://m.media-amazon.com/images/I/61HFOAAFBFL._AC_UL320_.jpg,amazon,163.04,163.04,IN STOCK,https://www.amazon.com/TUMI-Just-Case-Backpack-Accessories/dp/B0BS6K31NP
PI-0023,tumi-alpha-bravo-academy-brief-compact-laptop-briefcase,Alpha Bravo Academy Brief - Compact Laptop Briefcase,tumi,lifestyle-accessories,Bags & Travel,unisex,"TUMI Alpha Bravo Academy Brief - Compact Laptop Briefcase — bags & travel tracked across 1 store. We compare live prices, stock and coupons so you always land on the cheapest active listing.",,,bags; bags-travel,4.6,190,3937,false,https://m.media-amazon.com/images/I/71N5xVKnA7L._AC_UL320_.jpg,amazon,460.87,460.87,IN STOCK,https://www.amazon.com/TUMI-Mens-Academy-Briefcase-Black/dp/B09N977ZP6
PI-0024,tumi-alpha-medium-crossbody,Alpha Medium Crossbody,tumi,lifestyle-accessories,Bags & Travel,unisex,"TUMI Alpha Medium Crossbody — bags & travel tracked across 1 store. We compare live prices, stock and coupons so you always land on the cheapest active listing.",,,bags; bags-travel,4.3,85,6536,false,https://m.media-amazon.com/images/I/71h5+HJoa5L._AC_UL320_.jpg,amazon,275,275,IN STOCK,https://www.amazon.com/TUMI-Crossbody-Everyday-Essentials-Ballistic/dp/B0G5D7FCMY
PI-0025,tumi-alpha-travel-kit-toiletry-bag,Alpha Travel Kit - Toiletry Bag,tumi,lifestyle-accessories,Bags & Travel,unisex,"TUMI Alpha Travel Kit - Toiletry Bag — bags & travel tracked across 1 store. We compare live prices, stock and coupons so you always land on the cheapest active listing.",,,bags; bags-travel,4.8,104,4725,false,https://m.media-amazon.com/images/I/81hjA05pHsL._AC_UL320_.jpg,amazon,143.48,143.48,IN STOCK,https://www.amazon.com/TUMI-Travel-Luggage-Accessories-Toiletry/dp/B07MK2LPC6
PI-0026,tumi-voyageur-q-tote-lightweight-travel-tote,Voyageur Q Tote - Lightweight Travel Tote,tumi,lifestyle-accessories,Bags & Travel,unisex,"TUMI Voyageur Q Tote - Lightweight Travel Tote — bags & travel tracked across 1 store. We compare live prices, stock and coupons so you always land on the cheapest active listing.",,,bags; bags-travel,4.7,47,7718,false,https://m.media-amazon.com/images/I/51XPLLk8wRL._AC_UL320_.jpg,amazon,275,275,IN STOCK,https://www.amazon.com/TUMI-Voyageur-Everyday-Gunmetal-Hardware/dp/B0G5BY473G
PI-0027,tumi-unisex-rhys-expandable-duffel,Unisex Rhys Expandable Duffel,tumi,lifestyle-accessories,Bags & Travel,unisex,"TUMI Unisex Rhys Expandable Duffel — bags & travel tracked across 1 store. We compare live prices, stock and coupons so you always land on the cheapest active listing.",,,bags; bags-travel,3.8,66,2267,false,https://m.media-amazon.com/images/I/51OJa4U9DDL._AC_UL320_.jpg,amazon,554.35,554.35,IN STOCK,https://www.amazon.com/Tumi-Unisex-Expandable-Duffel-Black/dp/B0G5DYR9D7
PI-0028,tumi-alpha-tri-fold-garment-bag-carry-on,Alpha Tri-Fold Garment Bag Carry-On,tumi,lifestyle-accessories,Bags & Travel,unisex,"TUMI Alpha Tri-Fold Garment Bag Carry-On — bags & travel tracked across 1 store. We compare live prices, stock and coupons so you always land on the cheapest active listing.",,,bags; bags-travel,3.9,57,5564,false,https://m.media-amazon.com/images/I/81MmL+Mr-WL._AC_UL320_.jpg,amazon,591.3,591.3,IN STOCK,https://www.amazon.com/TUMI-Garment-Tri-fold-Carry-Luggage/dp/B07M84Q258
PI-0029,tumi-alpha-east-west-sling,Alpha East West Sling,tumi,lifestyle-accessories,Bags & Travel,unisex,"TUMI Alpha East West Sling — bags & travel tracked across 1 store. We compare live prices, stock and coupons so you always land on the cheapest active listing.",,,bags; bags-travel,4.4,76,3185,false,https://m.media-amazon.com/images/I/71Z+0NbiVnL._AC_UL320_.jpg,amazon,234.78,234.78,IN STOCK,https://www.amazon.com/TUMI-Premium-Travel-Pockets-Everyday/dp/B088K6S4XK
PI-0030,tumi-alpha-large-dual-access-expandable-carry-on-luggage,Alpha Large Dual Access Expandable Carry-On Luggage,tumi,lifestyle-accessories,Bags & Travel,unisex,"TUMI Alpha Large Dual Access Expandable Carry-On Luggage — bags & travel tracked across 1 store. We compare live prices, stock and coupons so you always land on the cheapest active listing.",,,bags; bags-travel,3.6,218,6475,false,https://m.media-amazon.com/images/I/71PwNAUjQwL._AC_UL320_.jpg,amazon,625,625,IN STOCK,https://www.amazon.com/TUMI-Continental-4-Wheeled-Carry-Lightweight/dp/B0DP9YJ6R4
PI-0031,longchamp-tote-le-pliage-one-m,Tote Le Pliage One M,longchamp,bags,Bags,women,"Longchamp Tote Le Pliage One M — bags tracked across 1 store. We compare live prices, stock and coupons so you always land on the cheapest active listing.",,,bags; bags,4.5,199,3482,true,https://cdn-images.farfetch-contents.com/36/10/32/03/36103203_68066036_480.jpg,farfetch-store,185,185,IN STOCK,https://www.farfetch.com/shopping/women/longchamp-tote-le-pliage-one-m-item-36103203.aspx
PI-0032,longchamp-handbag-le-pliage-one-l,Handbag Le Pliage One L,longchamp,bags,Bags,women,"Longchamp Handbag Le Pliage One L — bags tracked across 1 store. We compare live prices, stock and coupons so you always land on the cheapest active listing.",,,bags; bags,4.6,56,869,false,https://cdn-images.farfetch-contents.com/36/10/26/14/36102614_68066014_480.jpg,farfetch-store,173,173,IN STOCK,https://www.farfetch.com/shopping/women/longchamp-bolsa-de-mano-le-pliage-one-l-item-36102614.aspx
PI-0033,longchamp-tote-le-pliage-one-l,Tote Le Pliage One L,longchamp,bags,Bags,women,"Longchamp Tote Le Pliage One L — bags tracked across 1 store. We compare live prices, stock and coupons so you always land on the cheapest active listing.",,,bags; bags,4.1,237,2680,false,https://cdn-images.farfetch-contents.com/36/10/26/27/36102627_68088228_480.jpg,farfetch-store,205,205,IN STOCK,https://www.farfetch.com/shopping/women/longchamp-tote-le-pliage-one-l-item-36102627.aspx
PI-0034,longchamp-tote-le-pliage-one-m-2,Tote Le Pliage One M (2),longchamp,bags,Bags,women,"Longchamp Tote Le Pliage One M (2) — bags tracked across 1 store. We compare live prices, stock and coupons so you always land on the cheapest active listing.",,,bags; bags,4.4,142,5361,false,https://cdn-images.farfetch-contents.com/36/10/32/29/36103229_68042471_480.jpg,farfetch-store,185,185,IN STOCK,https://www.farfetch.com/shopping/women/longchamp-tote-le-pliage-one-m-item-36103229.aspx
PI-0035,longchamp-handbag-le-pliage-one-s,Handbag Le Pliage One S,longchamp,bags,Bags,women,"Longchamp Handbag Le Pliage One S — bags tracked across 1 store. We compare live prices, stock and coupons so you always land on the cheapest active listing.",,,bags; bags,3.9,123,5718,false,https://cdn-images.farfetch-contents.com/36/10/31/92/36103192_68099961_480.jpg,farfetch-store,170,170,IN STOCK,https://www.farfetch.com/shopping/women/longchamp-bolsa-de-mano-le-pliage-one-s-item-36103192.aspx
PI-0036,longchamp-travel-bag-le-pliage-one-l,Travel Bag Le Pliage One L,longchamp,lifestyle-accessories,Bags,women,"Longchamp Travel Bag Le Pliage One L — bags tracked across 1 store. We compare live prices, stock and coupons so you always land on the cheapest active listing.",,,bags; bags,4,180,6359,false,https://cdn-images.farfetch-contents.com/36/10/26/45/36102645_68065967_480.jpg,farfetch-store,230,230,IN STOCK,https://www.farfetch.com/shopping/women/longchamp-bolsa-de-viaje-le-pliage-one-l-item-36102645.aspx
PI-0037,longchamp-handbag-le-pliage-one-s-2,Handbag Le Pliage One S (2),longchamp,bags,Bags,women,"Longchamp Handbag Le Pliage One S (2) — bags tracked across 1 store. We compare live prices, stock and coupons so you always land on the cheapest active listing.",,,bags; bags,4.9,161,276,true,https://cdn-images.farfetch-contents.com/36/10/26/24/36102624_68065920_480.jpg,farfetch-store,159,159,IN STOCK,https://www.farfetch.com/shopping/women/longchamp-bolsa-de-mano-le-pliage-one-s-item-36102624.aspx
PI-0038,longchamp-bag-le-pliage-one,Bag Le Pliage One,longchamp,bags,Bags,women,"Longchamp Bag Le Pliage One — bags tracked across 1 store. We compare live prices, stock and coupons so you always land on the cheapest active listing.",,,bags; bags,3.8,66,2237,false,https://cdn-images.farfetch-contents.com/36/10/26/25/36102625_68078666_480.jpg,farfetch-store,135,135,IN STOCK,https://www.farfetch.com/shopping/women/longchamp-bolsa-le-pliage-one-item-36102625.aspx
PI-0039,longchamp-travel-bag-le-pliage-one-s,Travel Bag Le Pliage One S,longchamp,lifestyle-accessories,Bags,women,"Longchamp Travel Bag Le Pliage One S — bags tracked across 1 store. We compare live prices, stock and coupons so you always land on the cheapest active listing.",,,bags; bags,4.7,47,3902,false,https://cdn-images.farfetch-contents.com/36/10/32/00/36103200_68039979_480.jpg,farfetch-store,375,375,IN STOCK,https://www.farfetch.com/shopping/women/longchamp-bolsa-de-viaje-le-pliage-one-s-item-36103200.aspx
PI-0040,longchamp-travel-bag-le-pliage-one-l-2,Travel Bag Le Pliage One L (2),longchamp,lifestyle-accessories,Bags,women,"Longchamp Travel Bag Le Pliage One L (2) — bags tracked across 1 store. We compare live prices, stock and coupons so you always land on the cheapest active listing.",,,bags; bags,4.1,223,2550,false,https://cdn-images.farfetch-contents.com/36/10/31/95/36103195_68066056_480.jpg,farfetch-store,230,230,IN STOCK,https://www.farfetch.com/shopping/women/longchamp-bolsa-de-viaje-le-pliage-one-l-item-36103195.aspx
PI-0041,longchamp-bag-le-pliage-one-2,Bag Le Pliage One (2),longchamp,bags,Bags,women,"Longchamp Bag Le Pliage One (2) — bags tracked across 1 store. We compare live prices, stock and coupons so you always land on the cheapest active listing.",,,bags; bags,4.6,42,3973,false,https://cdn-images.farfetch-contents.com/36/10/26/09/36102609_68078400_480.jpg,farfetch-store,135,135,IN STOCK,https://www.farfetch.com/shopping/women/longchamp-bolsa-le-pliage-one-item-36102609.aspx
PI-0042,longchamp-backpack-le-pliage-one-m,Backpack Le Pliage One M,longchamp,bags,Bags,women,"Longchamp Backpack Le Pliage One M — bags tracked across 1 store. We compare live prices, stock and coupons so you always land on the cheapest active listing.",,,bags; bags,3.7,61,7384,false,https://cdn-images.farfetch-contents.com/36/10/32/27/36103227_72083535_480.jpg,farfetch-store,230,230,IN STOCK,https://www.farfetch.com/shopping/women/longchamp-mochila-le-pliage-one-m-item-36103227.aspx
PI-0043,longchamp-tote-le-pliage-one-l-2,Tote Le Pliage One L (2),longchamp,bags,Bags,women,"Longchamp Tote Le Pliage One L (2) — bags tracked across 1 store. We compare live prices, stock and coupons so you always land on the cheapest active listing.",,,bags; bags,4.2,80,6123,true,https://cdn-images.farfetch-contents.com/36/10/32/01/36103201_68070559_480.jpg,farfetch-store,205,205,IN STOCK,https://www.farfetch.com/shopping/women/longchamp-tote-le-pliage-one-l-item-36103201.aspx
PI-0044,longchamp-handbag-le-pliage-one-l-2,Handbag Le Pliage One L (2),longchamp,bags,Bags,women,"Longchamp Handbag Le Pliage One L (2) — bags tracked across 1 store. We compare live prices, stock and coupons so you always land on the cheapest active listing.",,,bags; bags,4.9,147,7798,false,https://cdn-images.farfetch-contents.com/36/10/32/23/36103223_68070692_480.jpg,farfetch-store,185,185,IN STOCK,https://www.farfetch.com/shopping/women/longchamp-bolsa-de-mano-le-pliage-one-l-item-36103223.aspx
PI-0045,longchamp-travel-bag-le-pliage-one-xl,Travel Bag Le Pliage One XL,longchamp,lifestyle-accessories,Bags,women,"Longchamp Travel Bag Le Pliage One XL — bags tracked across 1 store. We compare live prices, stock and coupons so you always land on the cheapest active listing.",,,bags; bags,4,166,2321,false,https://cdn-images.farfetch-contents.com/36/10/26/48/36102648_71995536_480.jpg,farfetch-store,260,260,IN STOCK,https://www.farfetch.com/shopping/women/longchamp-bolsa-de-viaje-le-pliage-one-xl-item-36102648.aspx
PI-0046,longchamp-backpack-le-pliage-one-m-2,Backpack Le Pliage One M (2),longchamp,bags,Bags,women,"Longchamp Backpack Le Pliage One M (2) — bags tracked across 1 store. We compare live prices, stock and coupons so you always land on the cheapest active listing.",,,bags; bags,4.5,185,2356,false,https://cdn-images.farfetch-contents.com/36/10/26/13/36102613_68089012_480.jpg,farfetch-store,230,230,IN STOCK,https://www.farfetch.com/shopping/women/longchamp-mochila-le-pliage-one-m-item-36102613.aspx
PI-0047,longchamp-tote-le-pliage-one-l-3,Tote Le Pliage One L (3),longchamp,bags,Bags,women,"Longchamp Tote Le Pliage One L (3) — bags tracked across 1 store. We compare live prices, stock and coupons so you always land on the cheapest active listing.",,,bags; bags,3.6,204,439,true,https://cdn-images.farfetch-contents.com/36/10/26/49/36102649_67942293_480.jpg,farfetch-store,205,205,IN STOCK,https://www.farfetch.com/shopping/women/longchamp-tote-le-pliage-one-l-item-36102649.aspx
PI-0048,longchamp-travel-bag-le-pliage-one-xl-2,Travel Bag Le Pliage One XL (2),longchamp,lifestyle-accessories,Bags,women,"Longchamp Travel Bag Le Pliage One XL (2) — bags tracked across 1 store. We compare live prices, stock and coupons so you always land on the cheapest active listing.",,,bags; bags,4.3,71,1618,false,https://cdn-images.farfetch-contents.com/36/10/32/22/36103222_68101792_480.jpg,farfetch-store,260,260,IN STOCK,https://www.farfetch.com/shopping/women/longchamp-bolsa-de-viaje-le-pliage-one-xl-item-36103222.aspx
PI-0049,longchamp-tote-le-pliage-one-m-3,Tote Le Pliage One M (3),longchamp,bags,Bags,women,"Longchamp Tote Le Pliage One M (3) — bags tracked across 1 store. We compare live prices, stock and coupons so you always land on the cheapest active listing.",,,bags; bags,4.8,90,4627,false,https://cdn-images.farfetch-contents.com/36/10/32/32/36103232_67942421_480.jpg,farfetch-store,185,185,IN STOCK,https://www.farfetch.com/shopping/women/longchamp-tote-le-pliage-one-m-item-36103232.aspx
PI-0050,longchamp-backpack-le-pliage-one-m-3,Backpack Le Pliage One M (3),longchamp,bags,Bags,women,"Longchamp Backpack Le Pliage One M (3) — bags tracked across 1 store. We compare live prices, stock and coupons so you always land on the cheapest active listing.",,,bags; bags,4,232,5051,false,https://cdn-images.farfetch-contents.com/36/10/26/16/36102616_68099583_480.jpg,farfetch-store,230,230,IN STOCK,https://www.farfetch.com/shopping/women/longchamp-mochila-le-pliage-one-m-item-36102616.aspx
PI-0051,carters-unisex-baby-5-pack-side-snap-short-sleeve-bodysuit,Unisex Baby 5-pack Side Snap Short-sleeve Bodysuit,carters,baby-clothing,Baby Clothing,unisex,"Carter's Unisex Baby 5-pack Side Snap Short-sleeve Bodysuit — baby clothing tracked across 1 store. We compare live prices, stock and coupons so you always land on the cheapest active listing.",,,baby-clothing; baby-clothing,4.9,213,3240,false,https://m.media-amazon.com/images/I/91C8Z9G9j9L._AC_UL320_.jpg,amazon,19.78,19.78,IN STOCK,https://www.amazon.com/Simple-Joys-Carters-Bodysuit-Newborn/dp/B083X7F38P
PI-0052,carters-baby-6-piece-bodysuits-and-pants-set,Baby 6-piece Bodysuits and Pants Set,carters,baby-clothing,Baby Clothing,unisex,"Carter's Baby 6-piece Bodysuits and Pants Set — baby clothing tracked across 1 store. We compare live prices, stock and coupons so you always land on the cheapest active listing.",,,baby-clothing; baby-clothing,4.4,194,7509,false,https://m.media-amazon.com/images/I/81D7d6cfKwL._AC_UL320_.jpg,amazon,24.23,24.23,IN STOCK,https://www.amazon.com/Simple-Joys-Carters-6-Piece-Bodysuits/dp/B01MQD5THT
PI-0053,carters-baby-girls-6-pack-short-sleeve-bodysuit,Baby Girls 6 Pack Short Sleeve Bodysuit,carters,baby-clothing,Baby Clothing,unisex,"Carter's Baby Girls 6 Pack Short Sleeve Bodysuit — baby clothing tracked across 1 store. We compare live prices, stock and coupons so you always land on the cheapest active listing.",,,baby-clothing; baby-clothing,3.9,175,2058,false,https://m.media-amazon.com/images/I/81fLiGg0L8L._AC_UL320_.jpg,amazon,19.78,19.78,IN STOCK,https://www.amazon.com/Simple-Joys-Carters-Short-Sleeve-Bodysuit/dp/B073X38K8L
PI-0054,carters-baby-3-pack-neutral-sleep-and-play,Baby 3-Pack Neutral Sleep and Play,carters,baby-clothing,Baby Clothing,unisex,"Carter's Baby 3-Pack Neutral Sleep and Play — baby clothing tracked across 1 store. We compare live prices, stock and coupons so you always land on the cheapest active listing.",,,baby-clothing; baby-clothing,4.8,156,3497,false,https://m.media-amazon.com/images/I/71Du1VFs13L._AC_UL320_.jpg,amazon,24.72,24.72,IN STOCK,https://www.amazon.com/Simple-Joys-Carters-Neutral-Elephant/dp/B075Z2HPPZ
PI-0055,carters-baby-girls-6-piece-bodysuits-and-pants-set,Baby Girls 6-piece Bodysuits and Pants Set,carters,baby-clothing,Baby Clothing,unisex,"Carter's Baby Girls 6-piece Bodysuits and Pants Set — baby clothing tracked across 1 store. We compare live prices, stock and coupons so you always land on the cheapest active listing.",,,baby-clothing; baby-clothing,4.3,137,4484,false,https://m.media-amazon.com/images/I/81kcdsSnDqL._AC_UL320_.jpg,amazon,24.23,24.23,IN STOCK,https://www.amazon.com/Simple-Joys-Carters-6-Piece-Character/dp/B01MTNHGW9
PI-0056,carters-baby-girls-3-pack-cotton-sleeper-gown,Baby Girls' 3-pack Cotton Sleeper Gown,carters,baby-clothing,Baby Clothing,unisex,"Carter's Baby Girls' 3-pack Cotton Sleeper Gown — baby clothing tracked across 1 store. We compare live prices, stock and coupons so you always land on the cheapest active listing.",,,baby-clothing; baby-clothing,3.8,118,5473,false,https://m.media-amazon.com/images/I/71RdGSkQOTL._AC_UL320_.jpg,amazon,18.94,18.94,IN STOCK,https://www.amazon.com/Simple-Joys-Carters-Sleeper-Elephants/dp/B08G8SG2N8
PI-0057,carters-baby-hooded-sweater-jacket-with-sherpa-lining,Baby Hooded Sweater Jacket with Sherpa Lining,carters,baby-clothing,Baby Clothing,unisex,"Carter's Baby Hooded Sweater Jacket with Sherpa Lining — baby clothing tracked across 1 store. We compare live prices, stock and coupons so you always land on the cheapest active listing.",,,baby-clothing; baby-clothing,4.7,99,4970,false,https://m.media-amazon.com/images/I/910pajFCcPL._AC_UL320_.jpg,amazon,17.8,17.8,IN STOCK,https://www.amazon.com/Simple-Joys-Carters-Hooded-Sweater/dp/B07CMHXV56
PI-0058,carters-baby-boys-4-piece-jacket-pant-and-bodysuit-set,"Baby Boys 4-piece Jacket, Pant, and Bodysuit Set",carters,baby-clothing,Baby Clothing,unisex,"Carter's Baby Boys 4-piece Jacket, Pant, and Bodysuit Set — baby clothing tracked across 1 store. We compare live prices, stock and coupons so you always land on the cheapest active listing.",,,baby-clothing; baby-clothing,4.2,80,6899,false,https://m.media-amazon.com/images/I/915fikz2NTL._AC_UL320_.jpg,amazon,20.77,20.77,IN STOCK,https://www.amazon.com/Simple-Joys-Carters-4-Piece-Bodysuit/dp/B07MY1BN8R
PI-0059,carters-baby-8-pack-short-sleeve-bodysuit,Baby 8-Pack Short-Sleeve Bodysuit,carters,baby-clothing,Baby Clothing,unisex,"Carter's Baby 8-Pack Short-Sleeve Bodysuit — baby clothing tracked across 1 store. We compare live prices, stock and coupons so you always land on the cheapest active listing.",,,baby-clothing; baby-clothing,3.7,61,6656,false,https://m.media-amazon.com/images/I/81yDahe4h6L._AC_UL320_.jpg,amazon,19.7,19.7,IN STOCK,https://www.amazon.com/Simple-Joys-Carters-Short-Sleeve-Bodysuit/dp/B08G8SYDY1
PI-0060,carters-baby-boys-3-pack-snap-up-rompers,Baby Boys 3 pack Snap up Rompers,carters,baby-clothing,Baby Clothing,unisex,"Carter's Baby Boys 3 pack Snap up Rompers — baby clothing tracked across 1 store. We compare live prices, stock and coupons so you always land on the cheapest active listing.",,,baby-clothing; baby-clothing,3.9,107,4768,false,https://m.media-amazon.com/images/I/81j0asOYlbL._AC_UL320_.jpg,amazon,21.27,21.27,IN STOCK,https://www.amazon.com/Simple-Joys-Carters-Snap-up-Rompers/dp/B072JLTKSW
PI-0061,carters-baby-neutral-2-pack-cotton-footed-sleep-and-play,Baby Neutral 2-pack Cotton Footed Sleep and Play,carters,baby-clothing,Baby Clothing,unisex,"Carter's Baby Neutral 2-pack Cotton Footed Sleep and Play — baby clothing tracked across 1 store. We compare live prices, stock and coupons so you always land on the cheapest active listing.",,,baby-clothing; baby-clothing,4.8,88,4781,false,https://m.media-amazon.com/images/I/91q1etzCm+L._AC_UL320_.jpg,amazon,16.81,16.81,IN STOCK,https://www.amazon.com/Simple-Joys-Carters-Neutral-2-Pack/dp/B07Y2K1ZDJ
PI-0062,carters-baby-girls-cotton-footed-sleep-and-play-pack-of-2,"Baby Girls' Cotton Footed Sleep and Play, Pack of 2",carters,baby-clothing,Baby Clothing,unisex,"Carter's Baby Girls' Cotton Footed Sleep and Play, Pack of 2 — baby clothing tracked across 1 store. We compare live prices, stock and coupons so you always land on the cheapest active listing.",,,baby-clothing; baby-clothing,4.9,145,4158,true,https://m.media-amazon.com/images/I/81II3wjE3gL._AC_UL320_.jpg,amazon,14.18,14.18,IN STOCK,https://www.amazon.com/Simple-Joys-Carters-Cotton-Preemie/dp/B0BLCXLP4Q
PI-0063,carters-baby-6-piece-bodysuits-and-pants-set-2,Baby 6-piece Bodysuits and Pants Set (2),carters,baby-clothing,Baby Clothing,unisex,"Carter's Baby 6-piece Bodysuits and Pants Set (2) — baby clothing tracked across 1 store. We compare live prices, stock and coupons so you always land on the cheapest active listing.",,,baby-clothing; baby-clothing,4.4,126,5491,false,https://m.media-amazon.com/images/I/81lxx-BnYIL._AC_UL320_.jpg,amazon,22.28,22.28,IN STOCK,https://www.amazon.com/Simple-Joys-Carters-Neutral-Bodysuits/dp/B0FNPVPC2W
PI-0064,carters-baby-boys-3-pack-short-sleeve-tee-shirts,Baby Boys' 3-Pack Short-Sleeve Tee Shirts,carters,baby-clothing,Baby Clothing,unisex,"Carter's Baby Boys' 3-Pack Short-Sleeve Tee Shirts — baby clothing tracked across 1 store. We compare live prices, stock and coupons so you always land on the cheapest active listing.",,,baby-clothing; baby-clothing,4.5,183,332,false,https://m.media-amazon.com/images/I/81Lzng5wTQL._AC_UL320_.jpg,amazon,12.93,12.93,IN STOCK,https://www.amazon.com/Simple-Joys-Carters-Short-sleeve-Stripes/dp/B09M8Y6RVT
PI-0065,carters-baby-boys-3-pack-rompers,Baby Boys' 3-pack Rompers,carters,baby-clothing,Baby Clothing,unisex,"Carter's Baby Boys' 3-pack Rompers — baby clothing tracked across 1 store. We compare live prices, stock and coupons so you always land on the cheapest active listing.",,,baby-clothing; baby-clothing,4,164,7521,false,https://m.media-amazon.com/images/I/81vGZ8aneWL._AC_UL320_.jpg,amazon,25.22,25.22,IN STOCK,https://www.amazon.com/Simple-Joys-Carters-Rompers-Turquoise/dp/B072JW2CG7
PI-0066,carters-babys-3-pack-snug-fit-footless-cotton-pajamas,Babys' 3 pack Snug Fit Footless Cotton Pajamas,carters,baby-clothing,Baby Clothing,unisex,"Carter's Babys' 3 pack Snug Fit Footless Cotton Pajamas — baby clothing tracked across 1 store. We compare live prices, stock and coupons so you always land on the cheapest active listing.",,,baby-clothing; baby-clothing,4.1,221,7362,false,https://m.media-amazon.com/images/I/81SDap+LHjL._AC_UL320_.jpg,amazon,26.7,26.7,IN STOCK,https://www.amazon.com/Simple-Joys-Carters-Snug-Fit-Footless/dp/B0BL8FBQ6Z
PI-0067,carters-baby-boys-3-pack-cotton-sleeper-gown,Baby Boys 3-pack Cotton Sleeper Gown,carters,baby-clothing,Baby Clothing,unisex,"Carter's Baby Boys 3-pack Cotton Sleeper Gown — baby clothing tracked across 1 store. We compare live prices, stock and coupons so you always land on the cheapest active listing.",,,baby-clothing; baby-clothing,3.6,202,3337,false,https://m.media-amazon.com/images/I/81pZ62cNXRL._AC_UL320_.jpg,amazon,16.33,16.33,IN STOCK,https://www.amazon.com/Simple-Joys-Carters-3-Pack-Sleeper/dp/B08G8RSDJY
PI-0068,carters-baby-boys-2-way-zip-thermal-footed-sleep-and-play-pack-of-2,"Baby Boys 2-way Zip Thermal Footed Sleep and Play, Pack of 2",carters,baby-clothing,Baby Clothing,unisex,"Carter's Baby Boys 2-way Zip Thermal Footed Sleep and Play, Pack of 2 — baby clothing tracked across 1 store. We compare live prices, stock and coupons so you always land on the cheapest active listing.",,,baby-clothing; baby-clothing,4.1,155,6520,false,https://m.media-amazon.com/images/I/81V-mOhNUSL._AC_UL320_.jpg,amazon,16.81,16.81,IN STOCK,https://www.amazon.com/Simple-Joys-Carters-2-Pack-Dinosaur/dp/B07ZPQ8VDN
PI-0069,carters-unisex-baby-organic-cotton-gauze-shortall,Unisex Baby Organic Cotton Gauze Shortall,carters,baby-clothing,Baby Clothing,unisex,"Carter's Unisex Baby Organic Cotton Gauze Shortall — baby clothing tracked across 1 store. We compare live prices, stock and coupons so you always land on the cheapest active listing.",,,baby-clothing; baby-clothing,3.6,136,1829,true,https://m.media-amazon.com/images/I/81Yf2YMAkwL._AC_UL320_.jpg,amazon,19.98,19.98,IN STOCK,https://www.amazon.com/little-planet-carters-Neutral-Organic/dp/B0GGVJVDT9
PI-0070,carters-baby-girls-8-pack-short-sleeve-onesies-bodysuits,Baby Girls' 8-pack Short Sleeve Onesies Bodysuits,carters,baby-clothing,Baby Clothing,unisex,"Carter's Baby Girls' 8-pack Short Sleeve Onesies Bodysuits — baby clothing tracked across 1 store. We compare live prices, stock and coupons so you always land on the cheapest active listing.",,,baby-clothing; baby-clothing,4,98,3649,false,https://m.media-amazon.com/images/I/81mfiIoQ1-L._AC_UL320_.jpg,amazon,24.67,24.67,IN STOCK,https://www.amazon.com/Gerber-8-Pack-Onesies-Bodysuits-Newborn/dp/B08CQRWXH6
PI-0071,oshkosh-bgosh-kids-aquatic-water-sports-sandals,Kids' Aquatic Water Sports Sandals,oshkosh-bgosh,kids-shoes,Kids' Clothing,unisex,"OshKosh B'gosh Kids' Aquatic Water Sports Sandals — kids' clothing tracked across 1 store. We compare live prices, stock and coupons so you always land on the cheapest active listing.",,,kids-clothing; kids-clothing,4.5,117,6950,true,https://m.media-amazon.com/images/I/81O5Z9lH1gL._AC_UL320_.jpg,amazon,25,25,IN STOCK,https://www.amazon.com/OshKosh-BGosh-Os22p01b-Water-Little/dp/B09FYDCBQV
PI-0072,oshkosh-bgosh-baby-boys-world-s-best-overalls,Baby Boys World's Best Overalls,oshkosh-bgosh,baby-clothing,Kids' Clothing,unisex,"OshKosh B'gosh Baby Boys World's Best Overalls — kids' clothing tracked across 1 store. We compare live prices, stock and coupons so you always land on the cheapest active listing.",,,kids-clothing; kids-clothing,4.4,60,1127,false,https://m.media-amazon.com/images/I/71UymUfFREL._AC_UL320_.jpg,amazon,21.73,21.73,IN STOCK,https://www.amazon.com/OSHKOSH-BGOSH-Worlds-Overalls-Brown/dp/B0GZX2G4C6
PI-0073,oshkosh-bgosh-girls-world-s-best-overalls,Girls World's Best Overalls,oshkosh-bgosh,kids-clothing,Kids' Clothing,unisex,"OshKosh B'gosh Girls World's Best Overalls — kids' clothing tracked across 1 store. We compare live prices, stock and coupons so you always land on the cheapest active listing.",,,kids-clothing; kids-clothing,4.9,79,4748,false,https://m.media-amazon.com/images/I/71RgPOD7dGL._AC_UL320_.jpg,amazon,13.04,13.04,IN STOCK,https://www.amazon.com/OshKosh-Bgosh-Girl-Worlds-Overalls/dp/B0GKJLHSZD
PI-0074,oshkosh-bgosh-baby-boys-world-s-best-overalls-2,Baby Boys World's Best Overalls (2),oshkosh-bgosh,baby-clothing,Kids' Clothing,unisex,"OshKosh B'gosh Baby Boys World's Best Overalls (2) — kids' clothing tracked across 1 store. We compare live prices, stock and coupons so you always land on the cheapest active listing.",,,kids-clothing; kids-clothing,4.8,222,7099,true,https://m.media-amazon.com/images/I/816kOTFfL-L._AC_UL320_.jpg,amazon,17.39,17.39,IN STOCK,https://www.amazon.com/OshKosh-BGosh-Worlds-Best-Overalls/dp/B0GHZN3C1Z
PI-0075,oshkosh-bgosh-girls-world-s-best-overalls-2,Girls World's Best Overalls (2),oshkosh-bgosh,kids-clothing,Kids' Clothing,unisex,"OshKosh B'gosh Girls World's Best Overalls (2) — kids' clothing tracked across 1 store. We compare live prices, stock and coupons so you always land on the cheapest active listing.",,,kids-clothing; kids-clothing,3.9,41,1798,false,https://m.media-amazon.com/images/I/81g9fSZ33tL._AC_UL320_.jpg,amazon,26.08,26.08,IN STOCK,https://www.amazon.com/OshKosh-Bgosh-Worlds-Overalls-Multi/dp/B0GP9BJZNB
PI-0076,oshkosh-bgosh-baby-boys-world-s-best-overalls-3,Baby Boys World's Best Overalls (3),oshkosh-bgosh,baby-clothing,Kids' Clothing,unisex,"OshKosh B'gosh Baby Boys World's Best Overalls (3) — kids' clothing tracked across 1 store. We compare live prices, stock and coupons so you always land on the cheapest active listing.",,,kids-clothing; kids-clothing,3.8,184,1435,false,https://m.media-amazon.com/images/I/91SN1xHg2oL._AC_UL320_.jpg,amazon,39.13,39.13,IN STOCK,https://www.amazon.com/OshKosh-BGosh-Worlds-Overalls-Railroad/dp/B0DJWRV1ZZ
PI-0077,oshkosh-bgosh-baby-girls-world-s-best-overalls-floral,Baby Girls World's Best Overalls (Floral),oshkosh-bgosh,baby-clothing,Kids' Clothing,unisex,"OshKosh B'gosh Baby Girls World's Best Overalls (Floral) — kids' clothing tracked across 1 store. We compare live prices, stock and coupons so you always land on the cheapest active listing.",Floral,,kids-clothing; kids-clothing,4.3,203,1672,false,https://m.media-amazon.com/images/I/71Nhp6AM54L._AC_UL320_.jpg,amazon,30.43,30.43,IN STOCK,https://www.amazon.com/OSHKOSH-BGOSH-Worlds-Overalls-Floral/dp/B0GZWVJBQ4
PI-0078,oshkosh-bgosh-girls-athletic-shoes-sneaker,Girls Athletic Shoes Sneaker,oshkosh-bgosh,kids-shoes,Kids' Clothing,unisex,"OshKosh B'gosh Girls Athletic Shoes Sneaker — kids' clothing tracked across 1 store. We compare live prices, stock and coupons so you always land on the cheapest active listing.",,,kids-clothing; kids-clothing,3.8,50,5593,false,https://m.media-amazon.com/images/I/71KZBXSGZzL._AC_UL320_.jpg,amazon,32.61,32.61,IN STOCK,https://www.amazon.com/OshKosh-BGosh-Girls-Sneaker-Toddler/dp/B09Y2D3ZZ7
PI-0079,oshkosh-bgosh-baby-girls-world-s-best-overalls-hickory,Baby Girls World's Best Overalls (Hickory),oshkosh-bgosh,baby-clothing,Kids' Clothing,unisex,"OshKosh B'gosh Baby Girls World's Best Overalls (Hickory) — kids' clothing tracked across 1 store. We compare live prices, stock and coupons so you always land on the cheapest active listing.",,,kids-clothing; kids-clothing,4.3,69,190,false,https://m.media-amazon.com/images/I/71ugrrivruL._AC_UL320_.jpg,amazon,26.08,26.08,IN STOCK,https://www.amazon.com/OshKosh-Worlds-Overalls-Hickory-Stripe/dp/B0DJWQHSKD
PI-0080,oshkosh-bgosh-baby-girls-world-s-best-overalls-denim,Baby Girls World's Best Overalls (Denim),oshkosh-bgosh,baby-clothing,Kids' Clothing,unisex,"OshKosh B'gosh Baby Girls World's Best Overalls (Denim) — kids' clothing tracked across 1 store. We compare live prices, stock and coupons so you always land on the cheapest active listing.",Denim,,kids-clothing; kids-clothing,4.7,195,4058,false,https://m.media-amazon.com/images/I/81JAp5LMscL._AC_UL320_.jpg,amazon,30.43,30.43,IN STOCK,https://www.amazon.com/OSHKOSH-BGOSH-Worlds-Overalls-Denim/dp/B0GZX3M7Z3
PI-0081,oshkosh-bgosh-baby-boys-world-s-best-overalls-olive,Baby Boys World's Best Overalls (Olive),oshkosh-bgosh,baby-clothing,Kids' Clothing,unisex,"OshKosh B'gosh Baby Boys World's Best Overalls (Olive) — kids' clothing tracked across 1 store. We compare live prices, stock and coupons so you always land on the cheapest active listing.",Olive,,kids-clothing; kids-clothing,3.8,214,4415,false,https://m.media-amazon.com/images/I/81FTDambRtL._AC_UL320_.jpg,amazon,26.08,26.08,IN STOCK,https://www.amazon.com/OshKosh-Bgosh-Worlds-Overalls-Olive/dp/B0GHBRZ659
PI-0082,oshkosh-bgosh-boy-s-short-sleeve-henley,Boy's Short Sleeve Henley,oshkosh-bgosh,kids-clothing,Kids' Clothing,unisex,"OshKosh B'gosh Boy's Short Sleeve Henley — kids' clothing tracked across 1 store. We compare live prices, stock and coupons so you always land on the cheapest active listing.",,,kids-clothing; kids-clothing,4.3,233,1500,false,https://m.media-amazon.com/images/I/71i99fmjolL._AC_UL320_.jpg,amazon,18.48,18.48,IN STOCK,https://www.amazon.com/OSHKOSH-BGOSH-Sleeve-Henley-Stripe/dp/B0GZWSMVGR
PI-0083,oshkosh-bgosh-baby-girls-dress,Baby Girls' Dress,oshkosh-bgosh,baby-clothing,Kids' Clothing,unisex,"OshKosh B'gosh Baby Girls' Dress — kids' clothing tracked across 1 store. We compare live prices, stock and coupons so you always land on the cheapest active listing.",,,kids-clothing; kids-clothing,4.8,52,3417,false,https://m.media-amazon.com/images/I/81awiTqpOUL._AC_UL320_.jpg,amazon,19.57,19.57,IN STOCK,https://www.amazon.com/OshKosh-BGosh-Girl-Dress-Bandana/dp/B0GPZV75LZ
PI-0084,oshkosh-bgosh-boy-s-short-sleeve-henley-2,Boy's Short Sleeve Henley (2),oshkosh-bgosh,kids-clothing,Kids' Clothing,unisex,"OshKosh B'gosh Boy's Short Sleeve Henley (2) — kids' clothing tracked across 1 store. We compare live prices, stock and coupons so you always land on the cheapest active listing.",,,kids-clothing; kids-clothing,3.9,71,6294,false,https://m.media-amazon.com/images/I/81kQUrENuLL._AC_UL320_.jpg,amazon,11.96,11.96,IN STOCK,https://www.amazon.com/OSHKOSH-BGOSH-Sleeve-Henley-Stripe/dp/B0GZX2P4WF
PI-0085,oshkosh-bgosh-boys-bruno-shoes,Boys' Bruno Shoes,oshkosh-bgosh,kids-shoes,Kids' Clothing,unisex,"OshKosh B'gosh Boys' Bruno Shoes — kids' clothing tracked across 1 store. We compare live prices, stock and coupons so you always land on the cheapest active listing.",,,kids-clothing; kids-clothing,4.4,90,7525,false,https://m.media-amazon.com/images/I/71Zu6HVp1cL._AC_UL320_.jpg,amazon,19.57,19.57,IN STOCK,https://www.amazon.com/OshKosh-BGosh-Unisex-Child-Chocolate-Toddler/dp/B0BCSC748L
PI-0086,oshkosh-bgosh-boys-pull-on-shorts,Boys Pull on Shorts,oshkosh-bgosh,kids-clothing,Kids' Clothing,unisex,"OshKosh B'gosh Boys Pull on Shorts — kids' clothing tracked across 1 store. We compare live prices, stock and coupons so you always land on the cheapest active listing.",,,kids-clothing; kids-clothing,4.9,109,3320,true,https://m.media-amazon.com/images/I/814EA8em15L._AC_UL320_.jpg,amazon,14.13,14.13,IN STOCK,https://www.amazon.com/OshKosh-BGosh-Boys-Shorts-Taupe/dp/B0DQ9H1RD8
PI-0087,oshkosh-bgosh-baby-boys-world-s-best-overalls-green,Baby Boys World's Best Overalls (Green),oshkosh-bgosh,baby-clothing,Kids' Clothing,unisex,"OshKosh B'gosh Baby Boys World's Best Overalls (Green) — kids' clothing tracked across 1 store. We compare live prices, stock and coupons so you always land on the cheapest active listing.",Green,,kids-clothing; kids-clothing,4,128,5131,false,https://m.media-amazon.com/images/I/81AE+B3nvrL._AC_UL320_.jpg,amazon,23.92,23.92,IN STOCK,https://www.amazon.com/OshKosh-Bgosh-Worlds-Overalls-Green/dp/B0GKJPV3TF
PI-0088,oshkosh-bgosh-boys-putney-sneaker,Boys' Putney Sneaker,oshkosh-bgosh,kids-shoes,Kids' Clothing,unisex,"OshKosh B'gosh Boys' Putney Sneaker — kids' clothing tracked across 1 store. We compare live prices, stock and coupons so you always land on the cheapest active listing.",,,kids-clothing; kids-clothing,4.9,43,2670,false,https://m.media-amazon.com/images/I/71QLphJeDHL._AC_UL320_.jpg,amazon,18.48,18.48,IN STOCK,https://www.amazon.com/OshKosh-BGosh-Putney-Sneaker-Toddler/dp/B09Y2CFLGX
PI-0089,oshkosh-bgosh-kids-marie-casual-sandals,Kids' Marie Casual Sandals,oshkosh-bgosh,kids-shoes,Kids' Clothing,unisex,"OshKosh B'gosh Kids' Marie Casual Sandals — kids' clothing tracked across 1 store. We compare live prices, stock and coupons so you always land on the cheapest active listing.",,,kids-clothing; kids-clothing,4,62,8103,false,https://m.media-amazon.com/images/I/71R5mzBUyAL._AC_UL320_.jpg,amazon,26.08,26.08,IN STOCK,https://www.amazon.com/OshKosh-BGosh-Sandal-Purple-Little/dp/B09FYF49VS
PI-0090,oshkosh-bgosh-boy-s-short-sleeve-henley-3,Boy's Short Sleeve Henley (3),oshkosh-bgosh,kids-clothing,Kids' Clothing,unisex,"OshKosh B'gosh Boy's Short Sleeve Henley (3) — kids' clothing tracked across 1 store. We compare live prices, stock and coupons so you always land on the cheapest active listing.",,,kids-clothing; kids-clothing,4.6,204,1993,false,https://m.media-amazon.com/images/I/818Dzpz5VZL._AC_UL320_.jpg,amazon,9.78,9.78,IN STOCK,https://www.amazon.com/OSHKOSH-BGOSH-Short-Sleeve-Henley/dp/B0GTW7ZQP6
PI-0091,the-childrens-place-girls-2-piece-tankini-swimsuit,Girls 2-Piece Tankini Swimsuit,the-childrens-place,kids-clothing,Kids' Clothing,unisex,"The Children's Place Girls 2-Piece Tankini Swimsuit — kids' clothing tracked across 1 store. We compare live prices, stock and coupons so you always land on the cheapest active listing.",Tan,,kids-clothing; kids-clothing,4.1,185,740,true,https://m.media-amazon.com/images/I/71sagIhazWL._AC_UL320_.jpg,amazon,17.99,17.99,IN STOCK,https://www.amazon.com/Childrens-Place-2-Piece-Tankini-Swimsuit/dp/B0BNP5BPZW
PI-0092,the-childrens-place-girls-short-sleeve-graphic-t-shirts-5-pack,Girls' Short Sleeve Graphic T-shirts (5-Pack),the-childrens-place,kids-clothing,Kids' Clothing,unisex,"The Children's Place Girls' Short Sleeve Graphic T-shirts (5-Pack) — kids' clothing tracked across 1 store. We compare live prices, stock and coupons so you always land on the cheapest active listing.",,,kids-clothing; kids-clothing,3.6,166,559,false,https://m.media-amazon.com/images/I/71aHUg7soRL._AC_UL320_.jpg,amazon,27.34,27.34,IN STOCK,https://www.amazon.com/Childrens-Place-Assorted-Everyday-Multipacks/dp/B0DKZVCV22
PI-0093,the-childrens-place-boys-pull-on-cargo-pants-multipacks,"Boys' Pull on Cargo Pants, Multipacks",the-childrens-place,kids-clothing,Kids' Clothing,unisex,"The Children's Place Boys' Pull on Cargo Pants, Multipacks — kids' clothing tracked across 1 store. We compare live prices, stock and coupons so you always land on the cheapest active listing.",Multi,,kids-clothing; kids-clothing,4.5,147,5798,false,https://m.media-amazon.com/images/I/61r1xiZt9VL._AC_UL320_.jpg,amazon,49.64,49.64,IN STOCK,https://www.amazon.com/Childrens-Place-Cargo-Pants-Black/dp/B08Y19DTV2
PI-0094,the-childrens-place-girls-flare-leggings,Girls' Flare Leggings,the-childrens-place,kids-clothing,Kids' Clothing,unisex,"The Children's Place Girls' Flare Leggings — kids' clothing tracked across 1 store. We compare live prices, stock and coupons so you always land on the cheapest active listing.",,,kids-clothing; kids-clothing,3.8,80,1557,false,https://m.media-amazon.com/images/I/61hX1SpwDLL._AC_UL320_.jpg,amazon,29.51,29.51,IN STOCK,https://www.amazon.com/Childrens-Place-Girls-Leggings-Vintage/dp/B0H4MG67JZ
PI-0095,the-childrens-place-baby-girls-and-toddler-graphic-t-shirts-4-pack,"Baby Girls' and Toddler Graphic T-Shirts, 4 Pack",the-childrens-place,baby-clothing,Kids' Clothing,unisex,"The Children's Place Baby Girls' and Toddler Graphic T-Shirts, 4 Pack — kids' clothing tracked across 1 store. We compare live prices, stock and coupons so you always land on the cheapest active listing.",,,kids-clothing; kids-clothing,4.7,61,4520,true,https://m.media-amazon.com/images/I/71jguxpdH2L._AC_UL320_.jpg,amazon,20.14,20.14,IN STOCK,https://www.amazon.com/Childrens-Place-Assorted-multipacks-Butterfly/dp/B0F67MDN3V
PI-0096,the-childrens-place-baby-girls-and-toddler-assorted-solid-leggings-multipacks,"Baby Girls and Toddler Assorted Solid Leggings, Multipacks",the-childrens-place,baby-clothing,Kids' Clothing,unisex,"The Children's Place Baby Girls and Toddler Assorted Solid Leggings, Multipacks — kids' clothing tracked across 1 store. We compare live prices, stock and coupons so you always land on the cheapest active listing.",Multi,,kids-clothing; kids-clothing,4.2,42,251,false,https://m.media-amazon.com/images/I/61yj7ziiH7L._AC_UL320_.jpg,amazon,29.51,29.51,IN STOCK,https://www.amazon.com/Childrens-Place-Toddler-Girls-Leggings/dp/B0BMD1ZM1Q
PI-0097,the-childrens-place-girls-assorted-cartwheel-shorts,Girls Assorted Cartwheel Shorts,the-childrens-place,kids-shoes,Kids' Clothing,unisex,"The Children's Place Girls Assorted Cartwheel Shorts — kids' clothing tracked across 1 store. We compare live prices, stock and coupons so you always land on the cheapest active listing.",,,kids-clothing; kids-clothing,3.7,223,5766,true,https://m.media-amazon.com/images/I/71Y28z8CrpL._AC_UL320_.jpg,amazon,23.73,23.73,IN STOCK,https://www.amazon.com/Childrens-Place-Cartwheel-Shorts-Yellow/dp/B0BMDNQ9NT
PI-0098,the-childrens-place-girls-basic-cardigan,Girls Basic Cardigan,the-childrens-place,kids-clothing,Kids' Clothing,unisex,"The Children's Place Girls Basic Cardigan — kids' clothing tracked across 1 store. We compare live prices, stock and coupons so you always land on the cheapest active listing.",,,kids-clothing; kids-clothing,4.8,52,5599,false,https://m.media-amazon.com/images/I/81xHOG4Z9NL._AC_UL320_.jpg,amazon,20.86,20.86,IN STOCK,https://www.amazon.com/Childrens-Place-Uniform-Cardigan-Sweater/dp/B01FWOOZ2W
PI-0099,the-childrens-place-girls-plaid-stretch-jacquard-short-sleeve-dress,Girls' Plaid Stretch Jacquard Short Sleeve Dress,the-childrens-place,kids-clothing,Kids' Clothing,unisex,"The Children's Place Girls' Plaid Stretch Jacquard Short Sleeve Dress — kids' clothing tracked across 1 store. We compare live prices, stock and coupons so you always land on the cheapest active listing.",,,kids-clothing; kids-clothing,4.3,233,3348,false,https://m.media-amazon.com/images/I/81y53f3tArL._AC_UL320_.jpg,amazon,10.8,10.8,IN STOCK,https://www.amazon.com/Childrens-Place-Girls-Skater-SleeveFair/dp/B0FQ7S689R
PI-0100,the-childrens-place-boys-performance-basketball-shorts,Boys' Performance Basketball Shorts,the-childrens-place,kids-clothing,Kids' Clothing,unisex,"The Children's Place Boys' Performance Basketball Shorts — kids' clothing tracked across 1 store. We compare live prices, stock and coupons so you always land on the cheapest active listing.",,,kids-clothing; kids-clothing,4.6,62,1617,false,https://m.media-amazon.com/images/I/71ytHWrxpEL._AC_UL320_.jpg,amazon,14.39,14.39,IN STOCK,https://www.amazon.com/Childrens-Place-Athletic-Basketball-Shorts/dp/B0BNDCRMP2
PI-0101,the-childrens-place-girls-leggings-8-pack,girls Leggings 8 Pack,the-childrens-place,kids-clothing,Kids' Clothing,unisex,"The Children's Place girls Leggings 8 Pack — kids' clothing tracked across 1 store. We compare live prices, stock and coupons so you always land on the cheapest active listing.",,,kids-clothing; kids-clothing,4.1,43,4858,false,https://m.media-amazon.com/images/I/71IXWvxftoL._AC_UL320_.jpg,amazon,36.69,36.69,IN STOCK,https://www.amazon.com/Childrens-Place-Leggings-Purple-Orange/dp/B0BMDZZRK1
PI-0102,the-childrens-place-girls-long-sleeve-graphic-t-shirts-5-pack,"Girls' Long Sleeve Graphic T-Shirts, 5 Pack",the-childrens-place,kids-clothing,Kids' Clothing,unisex,"The Children's Place Girls' Long Sleeve Graphic T-Shirts, 5 Pack — kids' clothing tracked across 1 store. We compare live prices, stock and coupons so you always land on the cheapest active listing.",,,kids-clothing; kids-clothing,4.2,100,439,false,https://m.media-amazon.com/images/I/71KDjVhhICL._AC_UL320_.jpg,amazon,29.51,29.51,IN STOCK,https://www.amazon.com/Childrens-Place-Animals-T-Shirts-Multipacks/dp/B0D9R5R72R
PI-0103,the-childrens-place-baby-and-toddler-stretch-straight-chino-pants,Baby and Toddler Stretch Straight Chino Pants,the-childrens-place,baby-clothing,Kids' Clothing,unisex,"The Children's Place Baby and Toddler Stretch Straight Chino Pants — kids' clothing tracked across 1 store. We compare live prices, stock and coupons so you always land on the cheapest active listing.",,,kids-clothing; kids-clothing,3.7,81,2300,true,https://m.media-amazon.com/images/I/81ws4e8LobL._AC_UL320_.jpg,amazon,12.23,12.23,IN STOCK,https://www.amazon.com/Childrens-Place-Baby-Chino-Pants/dp/B0851KCMZD
PI-0104,the-childrens-place-baby-girls-and-toddler-pull-on-chambray-shorts,Baby Girls' and Toddler Pull on Chambray Shorts,the-childrens-place,baby-clothing,Kids' Clothing,unisex,"The Children's Place Baby Girls' and Toddler Pull on Chambray Shorts — kids' clothing tracked across 1 store. We compare live prices, stock and coupons so you always land on the cheapest active listing.",,,kids-clothing; kids-clothing,3.8,138,645,false,https://m.media-amazon.com/images/I/91s4rxObM4L._AC_UL320_.jpg,amazon,33.81,33.81,IN STOCK,https://www.amazon.com/Childrens-Place-Toddler-Shorts-Wash-2/dp/B0C6W74CKL
PI-0105,the-childrens-place-boys-uniform-quick-dry-jogger-shorts,Boys' Uniform Quick Dry Jogger Shorts,the-childrens-place,kids-clothing,Kids' Clothing,unisex,"The Children's Place Boys' Uniform Quick Dry Jogger Shorts — kids' clothing tracked across 1 store. We compare live prices, stock and coupons so you always land on the cheapest active listing.",,,kids-clothing; kids-clothing,4.7,119,7034,false,https://m.media-amazon.com/images/I/81hrB+pP0eL._AC_UL320_.jpg,amazon,15.83,15.83,IN STOCK,https://www.amazon.com/Childrens-Place-Uniform-Jogger-Shorts/dp/B0CTPMGJCT
PI-0106,the-childrens-place-girls-solid-bike-shorts,Girls' Solid Bike Shorts,the-childrens-place,kids-clothing,Kids' Clothing,unisex,"The Children's Place Girls' Solid Bike Shorts — kids' clothing tracked across 1 store. We compare live prices, stock and coupons so you always land on the cheapest active listing.",,,kids-clothing; kids-clothing,4.8,176,3499,false,https://m.media-amazon.com/images/I/71MxYQA3QkL._AC_UL320_.jpg,amazon,38.13,38.13,IN STOCK,https://www.amazon.com/Childrens-Place-Shorts-Spring-8-Pack/dp/B0FQ6VX32G
PI-0107,the-childrens-place-boys-pull-on-cargo-pants,Boys' Pull on Cargo Pants,the-childrens-place,kids-clothing,Kids' Clothing,unisex,"The Children's Place Boys' Pull on Cargo Pants — kids' clothing tracked across 1 store. We compare live prices, stock and coupons so you always land on the cheapest active listing.",,,kids-clothing; kids-clothing,4.3,157,1688,false,https://m.media-amazon.com/images/I/71917uJe5nL._AC_UL320_.jpg,amazon,12.23,12.23,IN STOCK,https://www.amazon.com/Childrens-Place-Little-Pull-Cargo/dp/B00QGSM30U
PI-0108,the-childrens-place-boys-straight-leg-jeans,Boys' Straight Leg Jeans,the-childrens-place,kids-clothing,Kids' Clothing,unisex,"The Children's Place Boys' Straight Leg Jeans — kids' clothing tracked across 1 store. We compare live prices, stock and coupons so you always land on the cheapest active listing.",,,kids-clothing; kids-clothing,4.8,110,1735,false,https://m.media-amazon.com/images/I/911EZ2IUsaL._AC_UL320_.jpg,amazon,44.6,44.6,IN STOCK,https://www.amazon.com/Childrens-Place-Three-Straight-Jeans/dp/B08P53K95W
PI-0109,the-childrens-place-girls-unicorns-butterfly-short-sleeve-graphic-t-shirts-3-pack,"Girls' Unicorns,Butterfly Short Sleeve Graphic T-Shirts, 3 Pack",the-childrens-place,kids-clothing,Kids' Clothing,unisex,"The Children's Place Girls' Unicorns,Butterfly Short Sleeve Graphic T-Shirts, 3 Pack — kids' clothing tracked across 1 store. We compare live prices, stock and coupons so you always land on the cheapest active listing.",,,kids-clothing; kids-clothing,4.3,91,3342,true,https://m.media-amazon.com/images/I/7121hTmElfL._AC_UL320_.jpg,amazon,17.99,17.99,IN STOCK,https://www.amazon.com/Childrens-Place-Graphic-T-Shirt-Unicorn/dp/B09Q7PN2K8
PI-0110,the-childrens-place-girls-denim-bermuda-shorts,Girls' Denim Bermuda Shorts,the-childrens-place,kids-clothing,Kids' Clothing,unisex,"The Children's Place Girls' Denim Bermuda Shorts — kids' clothing tracked across 1 store. We compare live prices, stock and coupons so you always land on the cheapest active listing.",Denim,,kids-clothing; kids-clothing,4.9,59,2464,true,https://m.media-amazon.com/images/I/91J7TysMwqL._AC_UL320_.jpg,amazon,64.75,64.75,IN STOCK,https://www.amazon.com/Childrens-Place-Girls-Shortie-3-Pack/dp/B0CJKGV72M
PI-0111,fossil-men-s-nate-quartz-chronograph-watch,Men's Nate Quartz Chronograph Watch,fossil,watches,Watches,unisex,"Fossil Men's Nate Quartz Chronograph Watch — watches tracked across 1 store. We compare live prices, stock and coupons so you always land on the cheapest active listing.",,,watches; watches,4.4,40,2707,true,https://m.media-amazon.com/images/I/71kbRVr8YfL._AC_UL320_.jpg,amazon,124,124,IN STOCK,https://www.amazon.com/Fossil-Quartz-Stainless-Steel-Chronograph/dp/B008AXYWHQ
PI-0112,fossil-women-s-riley-quartz-stainless-steel-multifunction-watch,Women's Riley Quartz Stainless Steel Multifunction Watch,fossil,watches,Watches,unisex,"Fossil Women's Riley Quartz Stainless Steel Multifunction Watch — watches tracked across 1 store. We compare live prices, stock and coupons so you always land on the cheapest active listing.",Multi,,watches; watches,4.5,97,2158,false,https://m.media-amazon.com/images/I/71HAooNcaYL._AC_UL320_.jpg,amazon,97,97,IN STOCK,https://www.amazon.com/Fossil-ES3203-Multifunction-Gold-Tone-Stainless/dp/B009BEOAGQ
PI-0113,fossil-men-s-neutra-quartz-stainless-steel-chronograph-watch,Men's Neutra Quartz Stainless Steel Chronograph Watch,fossil,watches,Watches,unisex,"Fossil Men's Neutra Quartz Stainless Steel Chronograph Watch — watches tracked across 1 store. We compare live prices, stock and coupons so you always land on the cheapest active listing.",,,watches; watches,4,78,5517,false,https://m.media-amazon.com/images/I/714AEIyeizL._AC_UL320_.jpg,amazon,103,103,IN STOCK,https://www.amazon.com/Fossil-Neutra-Quartz-Stainless-Silver/dp/B08QVCPDVT
PI-0114,fossil-men-s-grant-quartz-chronograph-watch,Men's Grant Quartz Chronograph Watch,fossil,watches,Watches,unisex,"Fossil Men's Grant Quartz Chronograph Watch — watches tracked across 1 store. We compare live prices, stock and coupons so you always land on the cheapest active listing.",,,watches; watches,4.1,135,1692,false,https://m.media-amazon.com/images/I/81cfp4YcCtL._AC_UL320_.jpg,amazon,111,111,IN STOCK,https://www.amazon.com/Fossil-Quartz-Stainless-Leather-Chronograph/dp/B00STAYV6C
PI-0115,fossil-women-s-raquel-quartz-stainless-steel-watch,Women's Raquel Quartz Stainless Steel Watch,fossil,watches,Watches,unisex,"Fossil Women's Raquel Quartz Stainless Steel Watch — watches tracked across 1 store. We compare live prices, stock and coupons so you always land on the cheapest active listing.",,,watches; watches,3.6,116,2399,true,https://m.media-amazon.com/images/I/61LY38tKASL._AC_UL320_.jpg,amazon,121,121,IN STOCK,https://www.amazon.com/Fossil-Womens-Raquel-Stainless-Three-Hand/dp/B0B4H6K6J7
PI-0116,fossil-men-s-neutra-quartz-stainless-steel-chronograph-watch-2,Men's Neutra Quartz Stainless Steel Chronograph Watch (2),fossil,watches,Watches,unisex,"Fossil Men's Neutra Quartz Stainless Steel Chronograph Watch (2) — watches tracked across 1 store. We compare live prices, stock and coupons so you always land on the cheapest active listing.",,,watches; watches,3.7,173,5298,false,https://m.media-amazon.com/images/I/713qy8eBfsL._AC_UL320_.jpg,amazon,135,135,IN STOCK,https://www.amazon.com/Fossil-Neutra-Chrono-Stainless-Leather/dp/B074ZHN54C
PI-0117,fossil-men-s-neutra-quartz-stainless-steel-chronograph-watch-3,Men's Neutra Quartz Stainless Steel Chronograph Watch (3),fossil,watches,Watches,unisex,"Fossil Men's Neutra Quartz Stainless Steel Chronograph Watch (3) — watches tracked across 1 store. We compare live prices, stock and coupons so you always land on the cheapest active listing.",,,watches; watches,4.6,154,7895,false,https://m.media-amazon.com/images/I/71Qck57ImqL._AC_UL320_.jpg,amazon,123,123,IN STOCK,https://www.amazon.com/Fossil-Neutra-Chrono-Quartz-Stainless/dp/B075QFF5BV
PI-0118,fossil-men-s-minimalist-quartz-stainless-steel-three-hand-watch,Men's Minimalist Quartz Stainless Steel Three-Hand Watch,fossil,watches,Watches,unisex,"Fossil Men's Minimalist Quartz Stainless Steel Three-Hand Watch — watches tracked across 1 store. We compare live prices, stock and coupons so you always land on the cheapest active listing.",,,watches; watches,3.7,107,520,false,https://m.media-amazon.com/images/I/71WAr6TSVKL._AC_UL320_.jpg,amazon,92,92,IN STOCK,https://www.amazon.com/Fossil-Mens-Minimalist-Stainless-Analog-Quartz/dp/B079D8QRRL
PI-0119,fossil-coachman-quartz-chronograph-leather-watch,Coachman Quartz Chronograph Leather Watch,fossil,watches,Watches,unisex,"Fossil Coachman Quartz Chronograph Leather Watch — watches tracked across 1 store. We compare live prices, stock and coupons so you always land on the cheapest active listing.",,,watches; watches,4.6,88,3483,false,https://m.media-amazon.com/images/I/71MlmOso55L._AC_UL320_.jpg,amazon,115,115,IN STOCK,https://www.amazon.com/Fossil-Quartz-Stainless-Leather-Casual/dp/B001SQLI9C
PI-0120,fossil-coachman-quartz-chronograph-leather-watch-2,Coachman Quartz Chronograph Leather Watch (2),fossil,watches,Watches,unisex,"Fossil Coachman Quartz Chronograph Leather Watch (2) — watches tracked across 1 store. We compare live prices, stock and coupons so you always land on the cheapest active listing.",,,watches; watches,4.4,80,3659,true,https://m.media-amazon.com/images/I/81hmv3QuQfL._AC_UL320_.jpg,amazon,124,124,IN STOCK,https://www.amazon.com/Fossil-Coachman-Quartz-Stainless-Leather/dp/B00DUCIMCI
PI-0121,fossil-men-s-grant-quartz-chronograph-watch-2,Men's Grant Quartz Chronograph Watch (2),fossil,watches,Watches,unisex,"Fossil Men's Grant Quartz Chronograph Watch (2) — watches tracked across 1 store. We compare live prices, stock and coupons so you always land on the cheapest active listing.",,,watches; watches,3.9,61,3768,false,https://m.media-amazon.com/images/I/818lBoWqXtL._AC_UL320_.jpg,amazon,139,139,IN STOCK,https://www.amazon.com/Fossil-Quartz-Stainless-Leather-Chronograph/dp/B017SN1OI8
PI-0122,fossil-men-s-minimalist-quartz-stainless-steel-three-hand-watch-2,Men's Minimalist Quartz Stainless Steel Three-Hand Watch (2),fossil,watches,Watches,unisex,"Fossil Men's Minimalist Quartz Stainless Steel Three-Hand Watch (2) — watches tracked across 1 store. We compare live prices, stock and coupons so you always land on the cheapest active listing.",,,watches; watches,4.8,42,5925,false,https://m.media-amazon.com/images/I/81sLG+YEFqL._AC_UL320_.jpg,amazon,112,112,IN STOCK,https://www.amazon.com/Fossil-Minimalist-Quartz-Stainless-Leather/dp/B06W2JSJ4H
PI-0123,fossil-men-s-dean-quartz-stainless-steel-chronograph-watch,Men's Dean Quartz Stainless Steel Chronograph Watch,fossil,watches,Watches,unisex,"Fossil Men's Dean Quartz Stainless Steel Chronograph Watch — watches tracked across 1 store. We compare live prices, stock and coupons so you always land on the cheapest active listing.",,,watches; watches,4.3,223,7898,false,https://m.media-amazon.com/images/I/71QoSMBhfVL._AC_UL320_.jpg,amazon,129,129,IN STOCK,https://www.amazon.com/Fossil-Quartz-Two-Tone-Stainless-Chronograph/dp/B00AG37H8Y
PI-0124,fossil-men-s-minimalist-quartz-stainless-steel-three-hand-watch-3,Men's Minimalist Quartz Stainless Steel Three-Hand Watch (3),fossil,watches,Watches,unisex,"Fossil Men's Minimalist Quartz Stainless Steel Three-Hand Watch (3) — watches tracked across 1 store. We compare live prices, stock and coupons so you always land on the cheapest active listing.",,,watches; watches,3.8,204,2713,false,https://m.media-amazon.com/images/I/51NYPwjoHhL._AC_UL320_.jpg,amazon,109,109,IN STOCK,https://www.amazon.com/Fossil-Minimalist-Quartz-Stainless-Leather/dp/B079DD13WB
PI-0125,fossil-men-s-carraway-quartz-stainless-steel-three-hand-watch,Men's Carraway Quartz Stainless Steel Three-Hand Watch,fossil,watches,Watches,unisex,"Fossil Men's Carraway Quartz Stainless Steel Three-Hand Watch — watches tracked across 1 store. We compare live prices, stock and coupons so you always land on the cheapest active listing.",,,watches; watches,4.7,185,6044,false,https://m.media-amazon.com/images/I/71R9UXW6d3L._AC_UL320_.jpg,amazon,103,103,IN STOCK,https://www.amazon.com/Fossil-Carraway-Stainless-Leather-Three-Hand/dp/B0C77NPQFH
PI-0126,fossil-women-s-carlie-watch-and-bracelet-set,Women's Carlie Watch and Bracelet Set,fossil,jewelry,Watches,unisex,"Fossil Women's Carlie Watch and Bracelet Set — watches tracked across 1 store. We compare live prices, stock and coupons so you always land on the cheapest active listing.",,,watches; watches,4.2,166,3953,false,https://m.media-amazon.com/images/I/61Cx7A+Yy4L._AC_UL320_.jpg,amazon,73,73,IN STOCK,https://www.amazon.com/Fossil-Carlie-Mini-ES4701-Rose/dp/B07XYWS79G
PI-0127,fossil-men-s-machine-quartz-stainless-steel-three-hand-watch,Men's Machine Quartz Stainless Steel Three-Hand Watch,fossil,watches,Watches,unisex,"Fossil Men's Machine Quartz Stainless Steel Three-Hand Watch — watches tracked across 1 store. We compare live prices, stock and coupons so you always land on the cheapest active listing.",,,watches; watches,3.7,147,602,false,https://m.media-amazon.com/images/I/71phfGfh8GL._AC_UL320_.jpg,amazon,94,94,IN STOCK,https://www.amazon.com/Fossil-Machine-Quartz-Stainless-Steel/dp/B00A9WVTJ0
PI-0128,fossil-men-s-grant-quartz-chronograph-watch-3,Men's Grant Quartz Chronograph Watch (3),fossil,watches,Watches,unisex,"Fossil Men's Grant Quartz Chronograph Watch (3) — watches tracked across 1 store. We compare live prices, stock and coupons so you always land on the cheapest active listing.",,,watches; watches,4.6,128,707,false,https://m.media-amazon.com/images/I/713EyiqlnTL._AC_UL320_.jpg,amazon,115,115,IN STOCK,https://www.amazon.com/Fossil-Quartz-Stainless-Leather-Chronograph/dp/B00AFTTQ8I
PI-0129,fossil-men-s-nate-quartz-chronograph-watch-2,Men's Nate Quartz Chronograph Watch (2),fossil,watches,Watches,unisex,"Fossil Men's Nate Quartz Chronograph Watch (2) — watches tracked across 1 store. We compare live prices, stock and coupons so you always land on the cheapest active listing.",,,watches; watches,4.1,109,720,false,https://m.media-amazon.com/images/I/71kbRVr8YfL._AC_UL320_.jpg,amazon,124,124,IN STOCK,https://www.amazon.com/Fossil-Quartz-Stainless-Steel-Chronograph/dp/B008AXYWHQ2
PI-0130,fossil-women-s-raquel-quartz-stainless-steel-watch-2,Women's Raquel Quartz Stainless Steel Watch (2),fossil,watches,Watches,unisex,"Fossil Women's Raquel Quartz Stainless Steel Watch (2) — watches tracked across 1 store. We compare live prices, stock and coupons so you always land on the cheapest active listing.",,,watches; watches,4.5,71,4362,false,https://m.media-amazon.com/images/I/61LY38tKASL._AC_UL320_.jpg,amazon,121,121,IN STOCK,https://www.amazon.com/Fossil-Womens-Raquel-Stainless-Three-Hand2/dp/B0B4H6K6J8
PI-0131,gap-kids-kids-rib-t-shirt,Kids Rib T-Shirt,gap-kids,kids-clothing,Girls Short-Sleeved Tees,unisex,"GAP Kids Kids Rib T-Shirt — girls short-sleeved tees tracked across 1 store. We compare live prices, stock and coupons so you always land on the cheapest active listing.",,,girls-short-sleeved-tees; girls-short-sleeved-tees,3.6,90,3605,false,https://content.gapinc.com/b/0062/862/268/cn62862268.png,gap-kids-store,11,19.95,IN STOCK,https://www.gap.com/browse/product.do?pid=898840062
PI-0132,gap-kids-kids-rib-t-shirt-2,Kids Rib T-Shirt (2),gap-kids,kids-clothing,Girls Short-Sleeved Tees,unisex,"GAP Kids Kids Rib T-Shirt (2) — girls short-sleeved tees tracked across 1 store. We compare live prices, stock and coupons so you always land on the cheapest active listing.",,,girls-short-sleeved-tees; girls-short-sleeved-tees,4.1,109,168,false,https://content.gapinc.com/b/0062/467/196/cn62467196.png,gap-kids-store,11,19.95,IN STOCK,https://www.gap.com/browse/product.do?pid=898840042
PI-0133,gap-kids-kids-rib-t-shirt-3,Kids Rib T-Shirt (3),gap-kids,kids-clothing,Girls Short-Sleeved Tees,unisex,"GAP Kids Kids Rib T-Shirt (3) — girls short-sleeved tees tracked across 1 store. We compare live prices, stock and coupons so you always land on the cheapest active listing.",,,girls-short-sleeved-tees; girls-short-sleeved-tees,4.6,128,2357,false,https://content.gapinc.com/b/0061/792/345/cn61792345.png,gap-kids-store,11,19.95,IN STOCK,https://www.gap.com/browse/product.do?pid=898840072
PI-0134,gap-kids-kids-rib-t-shirt-4,Kids Rib T-Shirt (4),gap-kids,kids-clothing,Girls Short-Sleeved Tees,unisex,"GAP Kids Kids Rib T-Shirt (4) — girls short-sleeved tees tracked across 1 store. We compare live prices, stock and coupons so you always land on the cheapest active listing.",,,girls-short-sleeved-tees; girls-short-sleeved-tees,3.9,195,6918,false,https://content.gapinc.com/b/0061/792/349/cn61792349.png,gap-kids-store,11,19.95,IN STOCK,https://www.gap.com/browse/product.do?pid=898840052
PI-0135,gap-kids-kids-rib-t-shirt-5,Kids Rib T-Shirt (5),gap-kids,kids-clothing,Girls Short-Sleeved Tees,unisex,"GAP Kids Kids Rib T-Shirt (5) — girls short-sleeved tees tracked across 1 store. We compare live prices, stock and coupons so you always land on the cheapest active listing.",,,girls-short-sleeved-tees; girls-short-sleeved-tees,4.4,214,7439,false,https://content.gapinc.com/b/0061/882/427/cn61882427.png,gap-kids-store,13,19.95,IN STOCK,https://www.gap.com/browse/product.do?pid=898840032
PI-0136,gap-kids-kids-square-neck-t-shirt,Kids Square-Neck T-Shirt,gap-kids,kids-clothing,Girls Short-Sleeved Tees,unisex,"GAP Kids Kids Square-Neck T-Shirt — girls short-sleeved tees tracked across 1 store. We compare live prices, stock and coupons so you always land on the cheapest active listing.",,,girls-short-sleeved-tees; girls-short-sleeved-tees,4.9,233,580,true,https://content.gapinc.com/b/0062/117/066/cn62117066.png,gap-kids-store,14.99,29.95,IN STOCK,https://www.gap.com/browse/product.do?pid=894337012
PI-0137,gap-kids-kids-square-neck-t-shirt-2,Kids Square-Neck T-Shirt (2),gap-kids,kids-clothing,Girls Short-Sleeved Tees,unisex,"GAP Kids Kids Square-Neck T-Shirt (2) — girls short-sleeved tees tracked across 1 store. We compare live prices, stock and coupons so you always land on the cheapest active listing.",,,girls-short-sleeved-tees; girls-short-sleeved-tees,4,52,1193,false,https://content.gapinc.com/b/0061/879/436/cn61879436.png,gap-kids-store,14.99,29.95,IN STOCK,https://www.gap.com/browse/product.do?pid=894337022
PI-0138,gap-kids-kids-square-neck-t-shirt-3,Kids Square-Neck T-Shirt (3),gap-kids,kids-clothing,Girls Short-Sleeved Tees,unisex,"GAP Kids Kids Square-Neck T-Shirt (3) — girls short-sleeved tees tracked across 1 store. We compare live prices, stock and coupons so you always land on the cheapest active listing.",,,girls-short-sleeved-tees; girls-short-sleeved-tees,4.7,119,3618,false,https://content.gapinc.com/b/0062/116/576/cn62116576.png,gap-kids-store,14.99,29.95,IN STOCK,https://www.gap.com/browse/product.do?pid=894337002
PI-0139,gap-kids-kids-square-neck-t-shirt-4,Kids Square-Neck T-Shirt (4),gap-kids,kids-clothing,Girls Short-Sleeved Tees,unisex,"GAP Kids Kids Square-Neck T-Shirt (4) — girls short-sleeved tees tracked across 1 store. We compare live prices, stock and coupons so you always land on the cheapest active listing.",,,girls-short-sleeved-tees; girls-short-sleeved-tees,3.8,138,6403,true,https://content.gapinc.com/b/0062/096/790/cn62096790.png,gap-kids-store,24.99,29.95,IN STOCK,https://www.gap.com/browse/product.do?pid=894337032
PI-0140,gap-kids-kids-baby-organic-brushed-cotton-gingham-pj-set,Kids & Baby Organic Brushed Cotton Gingham PJ Set,gap-kids,baby-clothing,Baby Sleepwear,unisex,"GAP Kids Kids & Baby Organic Brushed Cotton Gingham PJ Set — baby sleepwear tracked across 1 store. We compare live prices, stock and coupons so you always land on the cheapest active listing.",,,baby-sleepwear; baby-sleepwear,4,66,4149,false,https://content.gapinc.com/b/0063/446/044/cn63446044.png,gap-kids-store,27,34.95,IN STOCK,https://www.gap.com/browse/product.do?pid=912952002
PI-0141,gap-kids-kids-baby-organic-brushed-cotton-gingham-pj-set-2,Kids & Baby Organic Brushed Cotton Gingham PJ Set (2),gap-kids,baby-clothing,Baby Sleepwear,unisex,"GAP Kids Kids & Baby Organic Brushed Cotton Gingham PJ Set (2) — baby sleepwear tracked across 1 store. We compare live prices, stock and coupons so you always land on the cheapest active listing.",,,baby-sleepwear; baby-sleepwear,4.9,47,6086,false,https://content.gapinc.com/b/0063/406/967/cn63406967.png,gap-kids-store,27,34.95,IN STOCK,https://www.gap.com/browse/product.do?pid=912954002
PI-0142,gap-kids-kids-baby-organic-brushed-cotton-gingham-pj-set-3,Kids & Baby Organic Brushed Cotton Gingham PJ Set (3),gap-kids,baby-clothing,Baby Sleepwear,unisex,"GAP Kids Kids & Baby Organic Brushed Cotton Gingham PJ Set (3) — baby sleepwear tracked across 1 store. We compare live prices, stock and coupons so you always land on the cheapest active listing.",,,baby-sleepwear; baby-sleepwear,3.6,104,5147,false,https://content.gapinc.com/b/0063/464/727/cn63464727.png,gap-kids-store,27,34.95,IN STOCK,https://www.gap.com/browse/product.do?pid=912955002
PI-0143,gap-kids-kids-baby-organic-brushed-cotton-gingham-pj-set-4,Kids & Baby Organic Brushed Cotton Gingham PJ Set (4),gap-kids,baby-clothing,Baby Sleepwear,unisex,"GAP Kids Kids & Baby Organic Brushed Cotton Gingham PJ Set (4) — baby sleepwear tracked across 1 store. We compare live prices, stock and coupons so you always land on the cheapest active listing.",,,baby-sleepwear; baby-sleepwear,4.5,85,5384,false,https://content.gapinc.com/b/0063/445/228/cn63445228.png,gap-kids-store,27,34.95,IN STOCK,https://www.gap.com/browse/product.do?pid=912953002
PI-0144,gap-kids-kids-low-rise-stride-wide-leg-jeans,Kids Low Rise Stride Wide-Leg Jeans,gap-kids,kids-clothing,Girls Jeans,unisex,"GAP Kids Kids Low Rise Stride Wide-Leg Jeans — girls jeans tracked across 1 store. We compare live prices, stock and coupons so you always land on the cheapest active listing.",,,girls-jeans; girls-jeans,4.8,190,7361,false,https://content.gapinc.com/b/0062/835/553/cn62835553.png,gap-kids-store,29,59.95,IN STOCK,https://www.gap.com/browse/product.do?pid=501265002
PI-0145,gap-kids-kids-low-rise-stride-wide-leg-jeans-2,Kids Low Rise Stride Wide-Leg Jeans (2),gap-kids,kids-clothing,Girls Jeans,unisex,"GAP Kids Kids Low Rise Stride Wide-Leg Jeans (2) — girls jeans tracked across 1 store. We compare live prices, stock and coupons so you always land on the cheapest active listing.",,,girls-jeans; girls-jeans,4.3,171,2662,false,https://content.gapinc.com/b/0054/751/919/cn54751919.png,gap-kids-store,29,59.95,IN STOCK,https://www.gap.com/browse/product.do?pid=891508002
PI-0146,gap-kids-kids-low-rise-stride-wide-leg-jeans-3,Kids Low Rise Stride Wide-Leg Jeans (3),gap-kids,kids-clothing,Girls Jeans,unisex,"GAP Kids Kids Low Rise Stride Wide-Leg Jeans (3) — girls jeans tracked across 1 store. We compare live prices, stock and coupons so you always land on the cheapest active listing.",,,girls-jeans; girls-jeans,4.4,228,4839,false,https://content.gapinc.com/b/0056/276/462/cn56276462.png,gap-kids-store,35,59.95,IN STOCK,https://www.gap.com/browse/product.do?pid=525732002
PI-0147,gap-kids-kids-low-rise-stride-wide-leg-jeans-4,Kids Low Rise Stride Wide-Leg Jeans (4),gap-kids,kids-clothing,Girls Jeans,unisex,"GAP Kids Kids Low Rise Stride Wide-Leg Jeans (4) — girls jeans tracked across 1 store. We compare live prices, stock and coupons so you always land on the cheapest active listing.",,,girls-jeans; girls-jeans,3.9,209,6500,false,https://content.gapinc.com/b/0060/112/464/cn60112464.png,gap-kids-store,23,59.95,IN STOCK,https://www.gap.com/browse/product.do?pid=819481002
PI-0148,gap-kids-kids-low-rise-stride-wide-leg-jeans-5,Kids Low Rise Stride Wide-Leg Jeans (5),gap-kids,kids-clothing,Girls Jeans,unisex,"GAP Kids Kids Low Rise Stride Wide-Leg Jeans (5) — girls jeans tracked across 1 store. We compare live prices, stock and coupons so you always land on the cheapest active listing.",,,girls-jeans; girls-jeans,4.2,114,7629,false,https://content.gapinc.com/b/0061/365/927/cn61365927.png,gap-kids-store,24.98,59.95,IN STOCK,https://www.gap.com/browse/product.do?pid=881333002
PI-0149,gap-kids-kids-flare-leggings,Kids Flare Leggings,gap-kids,kids-clothing,Girls Active Bottoms,unisex,"GAP Kids Kids Flare Leggings — girls active bottoms tracked across 1 store. We compare live prices, stock and coupons so you always land on the cheapest active listing.",,,girls-active-bottoms; girls-active-bottoms,3.7,95,5294,true,https://content.gapinc.com/b/0062/666/653/cn62666653.png,gap-kids-store,12,24.95,IN STOCK,https://www.gap.com/browse/product.do?pid=445082012
PI-0150,gap-kids-kids-flare-leggings-2,Kids Flare Leggings (2),gap-kids,kids-clothing,Girls Active Bottoms,unisex,"GAP Kids Kids Flare Leggings (2) — girls active bottoms tracked across 1 store. We compare live prices, stock and coupons so you always land on the cheapest active listing.",,,girls-active-bottoms; girls-active-bottoms,4.1,57,7956,true,https://content.gapinc.com/b/0062/666/664/cn62666664.png,gap-kids-store,12,24.95,IN STOCK,https://www.gap.com/browse/product.do?pid=445082002
