product_name,brand_slug,category_slug,subcategory,gender,store_slug,price,original_price,availability,product_url,image_url
Nike Air Runner,nike,sneakers,Sneakers,men,nike-store,2775,3700,IN STOCK,https://www.nike.com/p/nike-1-air-runner,https://picsum.photos/seed/nike-1-air-runner/600/600
Nike Ultra Trainer,nike,sneakers,Running Shoes,women,nike-store,1120,1400,LOW STOCK,https://www.nike.com/p/nike-2-ultra-trainer,https://picsum.photos/seed/nike-2-ultra-trainer/600/600
Nike Pro Sneaker,nike,sneakers,Training Shoes,unisex,nike-store,1080,1800,IN STOCK,https://www.nike.com/p/nike-3-pro-sneaker,https://picsum.photos/seed/nike-3-pro-sneaker/600/600
Nike React Basketball Shoe,nike,sneakers,Basketball Shoes,men,nike-store,5950,8500,IN STOCK,https://www.nike.com/p/nike-4-react-basketball-shoe,https://picsum.photos/seed/nike-4-react-basketball-shoe/600/600
Nike Flex Court Shoe,nike,sneakers,Lifestyle Sneakers,women,nike-store,2530,4600,IN STOCK,https://www.nike.com/p/nike-5-flex-court-shoe,https://picsum.photos/seed/nike-5-flex-court-shoe/600/600
Nike Boost Runner,nike,sneakers,Sneakers,unisex,nike-store,935,1700,IN STOCK,https://www.nike.com/p/nike-6-boost-runner,https://picsum.photos/seed/nike-6-boost-runner/600/600
Nike Prime Trainer,nike,sneakers,Running Shoes,men,nike-store,4480,5600,LOW STOCK,https://www.nike.com/p/nike-7-prime-trainer,https://picsum.photos/seed/nike-7-prime-trainer/600/600
Nike Air Sneaker,nike,sneakers,Training Shoes,women,nike-store,5270,6200,IN STOCK,https://www.nike.com/p/nike-8-air-sneaker,https://picsum.photos/seed/nike-8-air-sneaker/600/600
Nike Ultra Basketball Shoe,nike,sneakers,Basketball Shoes,unisex,nike-store,3570,4200,OUT OF STOCK,https://www.nike.com/p/nike-9-ultra-basketball-shoe,https://picsum.photos/seed/nike-9-ultra-basketball-shoe/600/600
Nike Pro Court Shoe,nike,sneakers,Lifestyle Sneakers,men,nike-store,1050,1400,IN STOCK,https://www.nike.com/p/nike-10-pro-court-shoe,https://picsum.photos/seed/nike-10-pro-court-shoe/600/600
Nike React Runner,nike,sneakers,Sneakers,women,nike-store,1760,2200,IN STOCK,https://www.nike.com/p/nike-11-react-runner,https://picsum.photos/seed/nike-11-react-runner/600/600
Nike Flex Trainer,nike,sneakers,Running Shoes,unisex,nike-store,4200,5600,IN STOCK,https://www.nike.com/p/nike-12-flex-trainer,https://picsum.photos/seed/nike-12-flex-trainer/600/600
Nike Boost Sneaker,nike,sneakers,Training Shoes,men,nike-store,3989,5700,IN STOCK,https://www.nike.com/p/nike-13-boost-sneaker,https://picsum.photos/seed/nike-13-boost-sneaker/600/600
Nike Prime Basketball Shoe,nike,sneakers,Basketball Shoes,women,nike-store,4400,5500,IN STOCK,https://www.nike.com/p/nike-14-prime-basketball-shoe,https://picsum.photos/seed/nike-14-prime-basketball-shoe/600/600
Nike Air Court Shoe,nike,sneakers,Lifestyle Sneakers,unisex,nike-store,4270,6100,IN STOCK,https://www.nike.com/p/nike-15-air-court-shoe,https://picsum.photos/seed/nike-15-air-court-shoe/600/600
Nike Ultra Runner,nike,sneakers,Sneakers,men,nike-store,2970,5400,IN STOCK,https://www.nike.com/p/nike-16-ultra-runner,https://picsum.photos/seed/nike-16-ultra-runner/600/600
Nike Pro Trainer,nike,sneakers,Running Shoes,women,nike-store,2400,4800,IN STOCK,https://www.nike.com/p/nike-17-pro-trainer,https://picsum.photos/seed/nike-17-pro-trainer/600/600
Nike React Sneaker,nike,sneakers,Training Shoes,unisex,nike-store,2250,3000,IN STOCK,https://www.nike.com/p/nike-18-react-sneaker,https://picsum.photos/seed/nike-18-react-sneaker/600/600
Nike Flex Basketball Shoe,nike,sneakers,Basketball Shoes,men,nike-store,2400,3000,IN STOCK,https://www.nike.com/p/nike-19-flex-basketball-shoe,https://picsum.photos/seed/nike-19-flex-basketball-shoe/600/600
Nike Boost Court Shoe,nike,sneakers,Lifestyle Sneakers,women,nike-store,2650,5300,LOW STOCK,https://www.nike.com/p/nike-20-boost-court-shoe,https://picsum.photos/seed/nike-20-boost-court-shoe/600/600
Adidas Air Runner,adidas,sneakers,Sneakers,men,adidas-store,3500,7000,IN STOCK,https://www.adidas.com/p/adidas-1-air-runner,https://picsum.photos/seed/adidas-1-air-runner/600/600
Adidas Ultra Trainer,adidas,sneakers,Running Shoes,women,adidas-store,1280,1600,IN STOCK,https://www.adidas.com/p/adidas-2-ultra-trainer,https://picsum.photos/seed/adidas-2-ultra-trainer/600/600
Adidas Pro Sneaker,adidas,sneakers,Training Shoes,unisex,adidas-store,1440,2400,IN STOCK,https://www.adidas.com/p/adidas-3-pro-sneaker,https://picsum.photos/seed/adidas-3-pro-sneaker/600/600
Adidas React Basketball Shoe,adidas,sneakers,Basketball Shoes,men,adidas-store,2750,5000,IN STOCK,https://www.adidas.com/p/adidas-4-react-basketball-shoe,https://picsum.photos/seed/adidas-4-react-basketball-shoe/600/600
Adidas Flex Court Shoe,adidas,sneakers,Lifestyle Sneakers,women,adidas-store,5200,6500,IN STOCK,https://www.adidas.com/p/adidas-5-flex-court-shoe,https://picsum.photos/seed/adidas-5-flex-court-shoe/600/600
Adidas Boost Runner,adidas,sneakers,Sneakers,unisex,adidas-store,3420,5700,IN STOCK,https://www.adidas.com/p/adidas-6-boost-runner,https://picsum.photos/seed/adidas-6-boost-runner/600/600
Adidas Prime Trainer,adidas,sneakers,Running Shoes,men,adidas-store,1950,3900,IN STOCK,https://www.adidas.com/p/adidas-7-prime-trainer,https://picsum.photos/seed/adidas-7-prime-trainer/600/600
Adidas Air Sneaker,adidas,sneakers,Training Shoes,women,adidas-store,3760,4700,LOW STOCK,https://www.adidas.com/p/adidas-8-air-sneaker,https://picsum.photos/seed/adidas-8-air-sneaker/600/600
Adidas Ultra Basketball Shoe,adidas,sneakers,Basketball Shoes,unisex,adidas-store,5655,8700,IN STOCK,https://www.adidas.com/p/adidas-9-ultra-basketball-shoe,https://picsum.photos/seed/adidas-9-ultra-basketball-shoe/600/600
Adidas Pro Court Shoe,adidas,sneakers,Lifestyle Sneakers,men,adidas-store,5120,6400,IN STOCK,https://www.adidas.com/p/adidas-10-pro-court-shoe,https://picsum.photos/seed/adidas-10-pro-court-shoe/600/600
Adidas React Runner,adidas,sneakers,Sneakers,women,adidas-store,4355,6700,IN STOCK,https://www.adidas.com/p/adidas-11-react-runner,https://picsum.photos/seed/adidas-11-react-runner/600/600
Adidas Flex Trainer,adidas,sneakers,Running Shoes,unisex,adidas-store,3300,6600,IN STOCK,https://www.adidas.com/p/adidas-12-flex-trainer,https://picsum.photos/seed/adidas-12-flex-trainer/600/600
Adidas Boost Sneaker,adidas,sneakers,Training Shoes,men,adidas-store,2520,4200,IN STOCK,https://www.adidas.com/p/adidas-13-boost-sneaker,https://picsum.photos/seed/adidas-13-boost-sneaker/600/600
Adidas Prime Basketball Shoe,adidas,sneakers,Basketball Shoes,women,adidas-store,2880,4800,IN STOCK,https://www.adidas.com/p/adidas-14-prime-basketball-shoe,https://picsum.photos/seed/adidas-14-prime-basketball-shoe/600/600
Adidas Air Court Shoe,adidas,sneakers,Lifestyle Sneakers,unisex,adidas-store,1000,2000,IN STOCK,https://www.adidas.com/p/adidas-15-air-court-shoe,https://picsum.photos/seed/adidas-15-air-court-shoe/600/600
Adidas Ultra Runner,adidas,sneakers,Sneakers,men,adidas-store,4745,7300,IN STOCK,https://www.adidas.com/p/adidas-16-ultra-runner,https://picsum.photos/seed/adidas-16-ultra-runner/600/600
Adidas Pro Trainer,adidas,sneakers,Running Shoes,women,adidas-store,1650,3000,IN STOCK,https://www.adidas.com/p/adidas-17-pro-trainer,https://picsum.photos/seed/adidas-17-pro-trainer/600/600
Adidas React Sneaker,adidas,sneakers,Training Shoes,unisex,adidas-store,4050,8100,IN STOCK,https://www.adidas.com/p/adidas-18-react-sneaker,https://picsum.photos/seed/adidas-18-react-sneaker/600/600
Adidas Flex Basketball Shoe,adidas,sneakers,Basketball Shoes,men,adidas-store,2585,4700,IN STOCK,https://www.adidas.com/p/adidas-19-flex-basketball-shoe,https://picsum.photos/seed/adidas-19-flex-basketball-shoe/600/600
Adidas Boost Court Shoe,adidas,sneakers,Lifestyle Sneakers,women,adidas-store,6150,8200,LOW STOCK,https://www.adidas.com/p/adidas-20-boost-court-shoe,https://picsum.photos/seed/adidas-20-boost-court-shoe/600/600
Zara Classic Blazer,zara,clothing,Dresses,women,zara-store,5265,8100,IN STOCK,https://www.zara.com/p/zara-1-classic-blazer,https://picsum.photos/seed/zara-1-classic-blazer/600/600
Zara Relaxed Shirt Dress,zara,clothing,Jackets,men,zara-store,2145,3900,OUT OF STOCK,https://www.zara.com/p/zara-2-relaxed-shirt-dress,https://picsum.photos/seed/zara-2-relaxed-shirt-dress/600/600
Zara Slim Fit Denim Jacket,zara,clothing,Jeans,unisex,zara-store,1760,2200,IN STOCK,https://www.zara.com/p/zara-3-slim-fit-denim-jacket,https://picsum.photos/seed/zara-3-slim-fit-denim-jacket/600/600
Zara Oversized Knit Sweater,zara,clothing,Shirts,women,zara-store,2029,2900,IN STOCK,https://www.zara.com/p/zara-4-oversized-knit-sweater,https://picsum.photos/seed/zara-4-oversized-knit-sweater/600/600
Zara Tailored Trench Coat,zara,clothing,Sweaters,men,zara-store,5850,7800,IN STOCK,https://www.zara.com/p/zara-5-tailored-trench-coat,https://picsum.photos/seed/zara-5-tailored-trench-coat/600/600
Zara Classic Midi Dress,zara,clothing,Dresses,unisex,zara-store,750,1000,IN STOCK,https://www.zara.com/p/zara-6-classic-midi-dress,https://picsum.photos/seed/zara-6-classic-midi-dress/600/600
Zara Relaxed Blazer,zara,clothing,Jackets,women,zara-store,2400,4000,OUT OF STOCK,https://www.zara.com/p/zara-7-relaxed-blazer,https://picsum.photos/seed/zara-7-relaxed-blazer/600/600
Zara Slim Fit Shirt Dress,zara,clothing,Jeans,men,zara-store,5695,6700,IN STOCK,https://www.zara.com/p/zara-8-slim-fit-shirt-dress,https://picsum.photos/seed/zara-8-slim-fit-shirt-dress/600/600
Zara Oversized Denim Jacket,zara,clothing,Shirts,unisex,zara-store,4455,8100,IN STOCK,https://www.zara.com/p/zara-9-oversized-denim-jacket,https://picsum.photos/seed/zara-9-oversized-denim-jacket/600/600
Zara Tailored Knit Sweater,zara,clothing,Sweaters,women,zara-store,3360,4200,IN STOCK,https://www.zara.com/p/zara-10-tailored-knit-sweater,https://picsum.photos/seed/zara-10-tailored-knit-sweater/600/600
Zara Classic Trench Coat,zara,clothing,Dresses,men,zara-store,3655,4300,IN STOCK,https://www.zara.com/p/zara-11-classic-trench-coat,https://picsum.photos/seed/zara-11-classic-trench-coat/600/600
Zara Relaxed Midi Dress,zara,clothing,Jackets,unisex,zara-store,1350,2700,IN STOCK,https://www.zara.com/p/zara-12-relaxed-midi-dress,https://picsum.photos/seed/zara-12-relaxed-midi-dress/600/600
Zara Slim Fit Blazer,zara,clothing,Jeans,women,zara-store,3230,3800,IN STOCK,https://www.zara.com/p/zara-13-slim-fit-blazer,https://picsum.photos/seed/zara-13-slim-fit-blazer/600/600
Zara Oversized Shirt Dress,zara,clothing,Shirts,men,zara-store,4200,5600,IN STOCK,https://www.zara.com/p/zara-14-oversized-shirt-dress,https://picsum.photos/seed/zara-14-oversized-shirt-dress/600/600
Zara Tailored Denim Jacket,zara,clothing,Sweaters,unisex,zara-store,5280,8800,IN STOCK,https://www.zara.com/p/zara-15-tailored-denim-jacket,https://picsum.photos/seed/zara-15-tailored-denim-jacket/600/600
Zara Classic Knit Sweater,zara,clothing,Dresses,women,zara-store,1120,1600,IN STOCK,https://www.zara.com/p/zara-16-classic-knit-sweater,https://picsum.photos/seed/zara-16-classic-knit-sweater/600/600
Zara Relaxed Trench Coat,zara,clothing,Jackets,men,zara-store,1430,2200,OUT OF STOCK,https://www.zara.com/p/zara-17-relaxed-trench-coat,https://picsum.photos/seed/zara-17-relaxed-trench-coat/600/600
Zara Slim Fit Midi Dress,zara,clothing,Jeans,unisex,zara-store,3540,5900,IN STOCK,https://www.zara.com/p/zara-18-slim-fit-midi-dress,https://picsum.photos/seed/zara-18-slim-fit-midi-dress/600/600
Zara Oversized Blazer,zara,clothing,Shirts,women,zara-store,950,1900,OUT OF STOCK,https://www.zara.com/p/zara-19-oversized-blazer,https://picsum.photos/seed/zara-19-oversized-blazer/600/600
Zara Tailored Shirt Dress,zara,clothing,Sweaters,men,zara-store,2400,4800,IN STOCK,https://www.zara.com/p/zara-20-tailored-shirt-dress,https://picsum.photos/seed/zara-20-tailored-shirt-dress/600/600
Hm Classic Blazer,hm,clothing,Dresses,women,hm-store,600,800,IN STOCK,https://www.hm.com/p/hm-1-classic-blazer,https://picsum.photos/seed/hm-1-classic-blazer/600/600
Hm Relaxed Shirt Dress,hm,clothing,Jackets,men,hm-store,1170,1800,IN STOCK,https://www.hm.com/p/hm-2-relaxed-shirt-dress,https://picsum.photos/seed/hm-2-relaxed-shirt-dress/600/600
Hm Slim Fit Denim Jacket,hm,clothing,Jeans,unisex,hm-store,2400,3200,IN STOCK,https://www.hm.com/p/hm-3-slim-fit-denim-jacket,https://picsum.photos/seed/hm-3-slim-fit-denim-jacket/600/600
Hm Oversized Knit Sweater,hm,clothing,Shirts,women,hm-store,720,1200,IN STOCK,https://www.hm.com/p/hm-4-oversized-knit-sweater,https://picsum.photos/seed/hm-4-oversized-knit-sweater/600/600
Hm Tailored Trench Coat,hm,clothing,Sweaters,men,hm-store,2210,2600,IN STOCK,https://www.hm.com/p/hm-5-tailored-trench-coat,https://picsum.photos/seed/hm-5-tailored-trench-coat/600/600
Hm Classic Midi Dress,hm,clothing,Dresses,unisex,hm-store,1280,1600,IN STOCK,https://www.hm.com/p/hm-6-classic-midi-dress,https://picsum.photos/seed/hm-6-classic-midi-dress/600/600
Hm Relaxed Blazer,hm,clothing,Jackets,women,hm-store,900,1500,LOW STOCK,https://www.hm.com/p/hm-7-relaxed-blazer,https://picsum.photos/seed/hm-7-relaxed-blazer/600/600
Hm Slim Fit Shirt Dress,hm,clothing,Jeans,men,hm-store,1330,1900,IN STOCK,https://www.hm.com/p/hm-8-slim-fit-shirt-dress,https://picsum.photos/seed/hm-8-slim-fit-shirt-dress/600/600
Hm Oversized Denim Jacket,hm,clothing,Shirts,unisex,hm-store,1500,2500,IN STOCK,https://www.hm.com/p/hm-9-oversized-denim-jacket,https://picsum.photos/seed/hm-9-oversized-denim-jacket/600/600
Hm Tailored Knit Sweater,hm,clothing,Sweaters,women,hm-store,2029,2900,LOW STOCK,https://www.hm.com/p/hm-10-tailored-knit-sweater,https://picsum.photos/seed/hm-10-tailored-knit-sweater/600/600
Hm Classic Trench Coat,hm,clothing,Dresses,men,hm-store,1400,2000,IN STOCK,https://www.hm.com/p/hm-11-classic-trench-coat,https://picsum.photos/seed/hm-11-classic-trench-coat/600/600
Hm Relaxed Midi Dress,hm,clothing,Jackets,unisex,hm-store,1440,2400,IN STOCK,https://www.hm.com/p/hm-12-relaxed-midi-dress,https://picsum.photos/seed/hm-12-relaxed-midi-dress/600/600
Hm Slim Fit Blazer,hm,clothing,Jeans,women,hm-store,325,500,IN STOCK,https://www.hm.com/p/hm-13-slim-fit-blazer,https://picsum.photos/seed/hm-13-slim-fit-blazer/600/600
Hm Oversized Shirt Dress,hm,clothing,Shirts,men,hm-store,720,1200,IN STOCK,https://www.hm.com/p/hm-14-oversized-shirt-dress,https://picsum.photos/seed/hm-14-oversized-shirt-dress/600/600
Hm Tailored Denim Jacket,hm,clothing,Sweaters,unisex,hm-store,2040,3400,OUT OF STOCK,https://www.hm.com/p/hm-15-tailored-denim-jacket,https://picsum.photos/seed/hm-15-tailored-denim-jacket/600/600
Hm Classic Knit Sweater,hm,clothing,Dresses,women,hm-store,1520,1900,IN STOCK,https://www.hm.com/p/hm-16-classic-knit-sweater,https://picsum.photos/seed/hm-16-classic-knit-sweater/600/600
Hm Relaxed Trench Coat,hm,clothing,Jackets,men,hm-store,650,1300,IN STOCK,https://www.hm.com/p/hm-17-relaxed-trench-coat,https://picsum.photos/seed/hm-17-relaxed-trench-coat/600/600
Hm Slim Fit Midi Dress,hm,clothing,Jeans,unisex,hm-store,600,1200,IN STOCK,https://www.hm.com/p/hm-18-slim-fit-midi-dress,https://picsum.photos/seed/hm-18-slim-fit-midi-dress/600/600
Hm Oversized Blazer,hm,clothing,Shirts,women,hm-store,2465,2900,IN STOCK,https://www.hm.com/p/hm-19-oversized-blazer,https://picsum.photos/seed/hm-19-oversized-blazer/600/600
Hm Tailored Shirt Dress,hm,clothing,Sweaters,men,hm-store,1860,3100,IN STOCK,https://www.hm.com/p/hm-20-tailored-shirt-dress,https://picsum.photos/seed/hm-20-tailored-shirt-dress/600/600
Nordstrom Classic Blazer,nordstrom,clothing,Dresses,women,nordstrom,5440,6800,LOW STOCK,https://www.nordstrom.com/p/nordstrom-1-classic-blazer,https://picsum.photos/seed/nordstrom-1-classic-blazer/600/600
Nordstrom Relaxed Shirt Dress,nordstrom,clothing,Jackets,men,nordstrom,5250,10500,LOW STOCK,https://www.nordstrom.com/p/nordstrom-2-relaxed-shirt-dress,https://picsum.photos/seed/nordstrom-2-relaxed-shirt-dress/600/600
Nordstrom Slim Fit Denim Jacket,nordstrom,clothing,Jeans,unisex,nordstrom,10920,18200,IN STOCK,https://www.nordstrom.com/p/nordstrom-3-slim-fit-denim-jacket,https://picsum.photos/seed/nordstrom-3-slim-fit-denim-jacket/600/600
Nordstrom Oversized Knit Sweater,nordstrom,clothing,Shirts,women,nordstrom,8500,17000,IN STOCK,https://www.nordstrom.com/p/nordstrom-4-oversized-knit-sweater,https://picsum.photos/seed/nordstrom-4-oversized-knit-sweater/600/600
Nordstrom Tailored Trench Coat,nordstrom,clothing,Sweaters,men,nordstrom,5100,6800,IN STOCK,https://www.nordstrom.com/p/nordstrom-5-tailored-trench-coat,https://picsum.photos/seed/nordstrom-5-tailored-trench-coat/600/600
Nordstrom Classic Midi Dress,nordstrom,clothing,Dresses,unisex,nordstrom,6970,8200,IN STOCK,https://www.nordstrom.com/p/nordstrom-6-classic-midi-dress,https://picsum.photos/seed/nordstrom-6-classic-midi-dress/600/600
Nordstrom Relaxed Blazer,nordstrom,clothing,Jackets,women,nordstrom,14400,19200,IN STOCK,https://www.nordstrom.com/p/nordstrom-7-relaxed-blazer,https://picsum.photos/seed/nordstrom-7-relaxed-blazer/600/600
Nordstrom Slim Fit Shirt Dress,nordstrom,clothing,Jeans,men,nordstrom,11750,23500,IN STOCK,https://www.nordstrom.com/p/nordstrom-8-slim-fit-shirt-dress,https://picsum.photos/seed/nordstrom-8-slim-fit-shirt-dress/600/600
Nordstrom Oversized Denim Jacket,nordstrom,clothing,Shirts,unisex,nordstrom,11625,15500,IN STOCK,https://www.nordstrom.com/p/nordstrom-9-oversized-denim-jacket,https://picsum.photos/seed/nordstrom-9-oversized-denim-jacket/600/600
Nordstrom Tailored Knit Sweater,nordstrom,clothing,Sweaters,women,nordstrom,7055,8300,IN STOCK,https://www.nordstrom.com/p/nordstrom-10-tailored-knit-sweater,https://picsum.photos/seed/nordstrom-10-tailored-knit-sweater/600/600
Nordstrom Classic Trench Coat,nordstrom,clothing,Dresses,men,nordstrom,5550,7400,IN STOCK,https://www.nordstrom.com/p/nordstrom-11-classic-trench-coat,https://picsum.photos/seed/nordstrom-11-classic-trench-coat/600/600
Nordstrom Relaxed Midi Dress,nordstrom,clothing,Jackets,unisex,nordstrom,7279,10400,IN STOCK,https://www.nordstrom.com/p/nordstrom-12-relaxed-midi-dress,https://picsum.photos/seed/nordstrom-12-relaxed-midi-dress/600/600
Nordstrom Slim Fit Blazer,nordstrom,clothing,Jeans,women,nordstrom,7150,11000,IN STOCK,https://www.nordstrom.com/p/nordstrom-13-slim-fit-blazer,https://picsum.photos/seed/nordstrom-13-slim-fit-blazer/600/600
Nordstrom Oversized Shirt Dress,nordstrom,clothing,Shirts,men,nordstrom,13920,23200,IN STOCK,https://www.nordstrom.com/p/nordstrom-14-oversized-shirt-dress,https://picsum.photos/seed/nordstrom-14-oversized-shirt-dress/600/600
Nordstrom Tailored Denim Jacket,nordstrom,clothing,Sweaters,unisex,nordstrom,13275,17700,IN STOCK,https://www.nordstrom.com/p/nordstrom-15-tailored-denim-jacket,https://picsum.photos/seed/nordstrom-15-tailored-denim-jacket/600/600
Nordstrom Classic Knit Sweater,nordstrom,clothing,Dresses,women,nordstrom,7800,15600,IN STOCK,https://www.nordstrom.com/p/nordstrom-16-classic-knit-sweater,https://picsum.photos/seed/nordstrom-16-classic-knit-sweater/600/600
Nordstrom Relaxed Trench Coat,nordstrom,clothing,Jackets,men,nordstrom,11495,20900,LOW STOCK,https://www.nordstrom.com/p/nordstrom-17-relaxed-trench-coat,https://picsum.photos/seed/nordstrom-17-relaxed-trench-coat/600/600
Nordstrom Slim Fit Midi Dress,nordstrom,clothing,Jeans,unisex,nordstrom,15300,20400,IN STOCK,https://www.nordstrom.com/p/nordstrom-18-slim-fit-midi-dress,https://picsum.photos/seed/nordstrom-18-slim-fit-midi-dress/600/600
Nordstrom Oversized Blazer,nordstrom,clothing,Shirts,women,nordstrom,18020,21200,LOW STOCK,https://www.nordstrom.com/p/nordstrom-19-oversized-blazer,https://picsum.photos/seed/nordstrom-19-oversized-blazer/600/600
Nordstrom Tailored Shirt Dress,nordstrom,clothing,Sweaters,men,nordstrom,8500,10000,IN STOCK,https://www.nordstrom.com/p/nordstrom-20-tailored-shirt-dress,https://picsum.photos/seed/nordstrom-20-tailored-shirt-dress/600/600
Revolve Classic Blazer,revolve,clothing,Dresses,women,revolve,6675,8900,IN STOCK,https://www.revolve.com/p/revolve-1-classic-blazer,https://picsum.photos/seed/revolve-1-classic-blazer/600/600
Revolve Relaxed Shirt Dress,revolve,clothing,Jackets,men,revolve,19440,24300,IN STOCK,https://www.revolve.com/p/revolve-2-relaxed-shirt-dress,https://picsum.photos/seed/revolve-2-relaxed-shirt-dress/600/600
Revolve Slim Fit Denim Jacket,revolve,clothing,Jeans,unisex,revolve,7350,14700,IN STOCK,https://www.revolve.com/p/revolve-3-slim-fit-denim-jacket,https://picsum.photos/seed/revolve-3-slim-fit-denim-jacket/600/600
Revolve Oversized Knit Sweater,revolve,clothing,Shirts,women,revolve,6375,7500,IN STOCK,https://www.revolve.com/p/revolve-4-oversized-knit-sweater,https://picsum.photos/seed/revolve-4-oversized-knit-sweater/600/600
Revolve Tailored Trench Coat,revolve,clothing,Sweaters,men,revolve,11135,13100,IN STOCK,https://www.revolve.com/p/revolve-5-tailored-trench-coat,https://picsum.photos/seed/revolve-5-tailored-trench-coat/600/600
Revolve Classic Midi Dress,revolve,clothing,Dresses,unisex,revolve,10300,20600,IN STOCK,https://www.revolve.com/p/revolve-6-classic-midi-dress,https://picsum.photos/seed/revolve-6-classic-midi-dress/600/600
Revolve Relaxed Blazer,revolve,clothing,Jackets,women,revolve,3050,6100,IN STOCK,https://www.revolve.com/p/revolve-7-relaxed-blazer,https://picsum.photos/seed/revolve-7-relaxed-blazer/600/600
Revolve Slim Fit Shirt Dress,revolve,clothing,Jeans,men,revolve,14419,20600,IN STOCK,https://www.revolve.com/p/revolve-8-slim-fit-shirt-dress,https://picsum.photos/seed/revolve-8-slim-fit-shirt-dress/600/600
Revolve Oversized Denim Jacket,revolve,clothing,Shirts,unisex,revolve,9400,18800,IN STOCK,https://www.revolve.com/p/revolve-9-oversized-denim-jacket,https://picsum.photos/seed/revolve-9-oversized-denim-jacket/600/600
Revolve Tailored Knit Sweater,revolve,clothing,Sweaters,women,revolve,7865,12100,LOW STOCK,https://www.revolve.com/p/revolve-10-tailored-knit-sweater,https://picsum.photos/seed/revolve-10-tailored-knit-sweater/600/600
Revolve Classic Trench Coat,revolve,clothing,Dresses,men,revolve,5300,10600,IN STOCK,https://www.revolve.com/p/revolve-11-classic-trench-coat,https://picsum.photos/seed/revolve-11-classic-trench-coat/600/600
Revolve Relaxed Midi Dress,revolve,clothing,Jackets,unisex,revolve,4400,8000,IN STOCK,https://www.revolve.com/p/revolve-12-relaxed-midi-dress,https://picsum.photos/seed/revolve-12-relaxed-midi-dress/600/600
Revolve Slim Fit Blazer,revolve,clothing,Jeans,women,revolve,4480,6400,IN STOCK,https://www.revolve.com/p/revolve-13-slim-fit-blazer,https://picsum.photos/seed/revolve-13-slim-fit-blazer/600/600
Revolve Oversized Shirt Dress,revolve,clothing,Shirts,men,revolve,7150,11000,IN STOCK,https://www.revolve.com/p/revolve-14-oversized-shirt-dress,https://picsum.photos/seed/revolve-14-oversized-shirt-dress/600/600
Revolve Tailored Denim Jacket,revolve,clothing,Sweaters,unisex,revolve,5460,9100,IN STOCK,https://www.revolve.com/p/revolve-15-tailored-denim-jacket,https://picsum.photos/seed/revolve-15-tailored-denim-jacket/600/600
Revolve Classic Knit Sweater,revolve,clothing,Dresses,women,revolve,4250,8500,IN STOCK,https://www.revolve.com/p/revolve-16-classic-knit-sweater,https://picsum.photos/seed/revolve-16-classic-knit-sweater/600/600
Revolve Relaxed Trench Coat,revolve,clothing,Jackets,men,revolve,3905,7100,LOW STOCK,https://www.revolve.com/p/revolve-17-relaxed-trench-coat,https://picsum.photos/seed/revolve-17-relaxed-trench-coat/600/600
Revolve Slim Fit Midi Dress,revolve,clothing,Jeans,unisex,revolve,6510,9300,IN STOCK,https://www.revolve.com/p/revolve-18-slim-fit-midi-dress,https://picsum.photos/seed/revolve-18-slim-fit-midi-dress/600/600
Revolve Oversized Blazer,revolve,clothing,Shirts,women,revolve,9955,18100,IN STOCK,https://www.revolve.com/p/revolve-19-oversized-blazer,https://picsum.photos/seed/revolve-19-oversized-blazer/600/600
Revolve Tailored Shirt Dress,revolve,clothing,Sweaters,men,revolve,6240,10400,IN STOCK,https://www.revolve.com/p/revolve-20-tailored-shirt-dress,https://picsum.photos/seed/revolve-20-tailored-shirt-dress/600/600
Amazon Classic Blazer,amazon,clothing,Dresses,women,amazon,2040,3400,IN STOCK,https://www.amazon.com/p/amazon-1-classic-blazer,https://picsum.photos/seed/amazon-1-classic-blazer/600/600
Amazon Relaxed Shirt Dress,amazon,clothing,Jackets,men,amazon,1350,2700,IN STOCK,https://www.amazon.com/p/amazon-2-relaxed-shirt-dress,https://picsum.photos/seed/amazon-2-relaxed-shirt-dress/600/600
Amazon Slim Fit Denim Jacket,amazon,clothing,Jeans,unisex,amazon,275,500,IN STOCK,https://www.amazon.com/p/amazon-3-slim-fit-denim-jacket,https://picsum.photos/seed/amazon-3-slim-fit-denim-jacket/600/600
Amazon Oversized Knit Sweater,amazon,clothing,Shirts,women,amazon,1950,3000,IN STOCK,https://www.amazon.com/p/amazon-4-oversized-knit-sweater,https://picsum.photos/seed/amazon-4-oversized-knit-sweater/600/600
Amazon Tailored Trench Coat,amazon,clothing,Sweaters,men,amazon,560,700,OUT OF STOCK,https://www.amazon.com/p/amazon-5-tailored-trench-coat,https://picsum.photos/seed/amazon-5-tailored-trench-coat/600/600
Amazon Classic Midi Dress,amazon,clothing,Dresses,unisex,amazon,1040,1300,IN STOCK,https://www.amazon.com/p/amazon-6-classic-midi-dress,https://picsum.photos/seed/amazon-6-classic-midi-dress/600/600
Amazon Relaxed Blazer,amazon,clothing,Jackets,women,amazon,1275,1500,LOW STOCK,https://www.amazon.com/p/amazon-7-relaxed-blazer,https://picsum.photos/seed/amazon-7-relaxed-blazer/600/600
Amazon Slim Fit Shirt Dress,amazon,clothing,Jeans,men,amazon,715,1100,IN STOCK,https://www.amazon.com/p/amazon-8-slim-fit-shirt-dress,https://picsum.photos/seed/amazon-8-slim-fit-shirt-dress/600/600
Amazon Oversized Denim Jacket,amazon,clothing,Shirts,unisex,amazon,1365,2100,IN STOCK,https://www.amazon.com/p/amazon-9-oversized-denim-jacket,https://picsum.photos/seed/amazon-9-oversized-denim-jacket/600/600
Amazon Tailored Knit Sweater,amazon,clothing,Sweaters,women,amazon,1300,2600,IN STOCK,https://www.amazon.com/p/amazon-10-tailored-knit-sweater,https://picsum.photos/seed/amazon-10-tailored-knit-sweater/600/600
Amazon Classic Trench Coat,amazon,clothing,Dresses,men,amazon,520,800,IN STOCK,https://www.amazon.com/p/amazon-11-classic-trench-coat,https://picsum.photos/seed/amazon-11-classic-trench-coat/600/600
Amazon Relaxed Midi Dress,amazon,clothing,Jackets,unisex,amazon,2400,3200,IN STOCK,https://www.amazon.com/p/amazon-12-relaxed-midi-dress,https://picsum.photos/seed/amazon-12-relaxed-midi-dress/600/600
Amazon Slim Fit Blazer,amazon,clothing,Jeans,women,amazon,455,700,LOW STOCK,https://www.amazon.com/p/amazon-13-slim-fit-blazer,https://picsum.photos/seed/amazon-13-slim-fit-blazer/600/600
Amazon Oversized Shirt Dress,amazon,clothing,Shirts,men,amazon,2400,3000,LOW STOCK,https://www.amazon.com/p/amazon-14-oversized-shirt-dress,https://picsum.photos/seed/amazon-14-oversized-shirt-dress/600/600
Amazon Tailored Denim Jacket,amazon,clothing,Sweaters,unisex,amazon,489,700,IN STOCK,https://www.amazon.com/p/amazon-15-tailored-denim-jacket,https://picsum.photos/seed/amazon-15-tailored-denim-jacket/600/600
Amazon Classic Knit Sweater,amazon,clothing,Dresses,women,amazon,450,900,IN STOCK,https://www.amazon.com/p/amazon-16-classic-knit-sweater,https://picsum.photos/seed/amazon-16-classic-knit-sweater/600/600
Amazon Relaxed Trench Coat,amazon,clothing,Jackets,men,amazon,1485,2700,LOW STOCK,https://www.amazon.com/p/amazon-17-relaxed-trench-coat,https://picsum.photos/seed/amazon-17-relaxed-trench-coat/600/600
Amazon Slim Fit Midi Dress,amazon,clothing,Jeans,unisex,amazon,1125,1500,IN STOCK,https://www.amazon.com/p/amazon-18-slim-fit-midi-dress,https://picsum.photos/seed/amazon-18-slim-fit-midi-dress/600/600
Amazon Oversized Blazer,amazon,clothing,Shirts,women,amazon,2310,3300,LOW STOCK,https://www.amazon.com/p/amazon-19-oversized-blazer,https://picsum.photos/seed/amazon-19-oversized-blazer/600/600
Amazon Tailored Shirt Dress,amazon,clothing,Sweaters,men,amazon,715,1100,IN STOCK,https://www.amazon.com/p/amazon-20-tailored-shirt-dress,https://picsum.photos/seed/amazon-20-tailored-shirt-dress/600/600
Puma Air Runner,puma,sneakers,Sneakers,men,puma-store,1755,2700,IN STOCK,https://www.puma.com/p/puma-1-air-runner,https://picsum.photos/seed/puma-1-air-runner/600/600
Puma Ultra Trainer,puma,sneakers,Running Shoes,women,puma-store,3709,5300,IN STOCK,https://www.puma.com/p/puma-2-ultra-trainer,https://picsum.photos/seed/puma-2-ultra-trainer/600/600
Puma Pro Sneaker,puma,sneakers,Training Shoes,unisex,puma-store,3825,5100,IN STOCK,https://www.puma.com/p/puma-3-pro-sneaker,https://picsum.photos/seed/puma-3-pro-sneaker/600/600
Puma React Basketball Shoe,puma,sneakers,Basketball Shoes,men,puma-store,6460,7600,OUT OF STOCK,https://www.puma.com/p/puma-4-react-basketball-shoe,https://picsum.photos/seed/puma-4-react-basketball-shoe/600/600
Puma Flex Court Shoe,puma,sneakers,Lifestyle Sneakers,women,puma-store,1105,1300,IN STOCK,https://www.puma.com/p/puma-5-flex-court-shoe,https://picsum.photos/seed/puma-5-flex-court-shoe/600/600
Puma Boost Runner,puma,sneakers,Sneakers,unisex,puma-store,3570,5100,IN STOCK,https://www.puma.com/p/puma-6-boost-runner,https://picsum.photos/seed/puma-6-boost-runner/600/600
Puma Prime Trainer,puma,sneakers,Running Shoes,men,puma-store,1500,3000,IN STOCK,https://www.puma.com/p/puma-7-prime-trainer,https://picsum.photos/seed/puma-7-prime-trainer/600/600
Puma Air Sneaker,puma,sneakers,Training Shoes,women,puma-store,4235,7700,IN STOCK,https://www.puma.com/p/puma-8-air-sneaker,https://picsum.photos/seed/puma-8-air-sneaker/600/600
Puma Ultra Basketball Shoe,puma,sneakers,Basketball Shoes,unisex,puma-store,3025,5500,OUT OF STOCK,https://www.puma.com/p/puma-9-ultra-basketball-shoe,https://picsum.photos/seed/puma-9-ultra-basketball-shoe/600/600
Puma Pro Court Shoe,puma,sneakers,Lifestyle Sneakers,men,puma-store,2450,3500,OUT OF STOCK,https://www.puma.com/p/puma-10-pro-court-shoe,https://picsum.photos/seed/puma-10-pro-court-shoe/600/600
Puma React Runner,puma,sneakers,Sneakers,women,puma-store,2660,3800,LOW STOCK,https://www.puma.com/p/puma-11-react-runner,https://picsum.photos/seed/puma-11-react-runner/600/600
Puma Flex Trainer,puma,sneakers,Running Shoes,unisex,puma-store,5100,6800,IN STOCK,https://www.puma.com/p/puma-12-flex-trainer,https://picsum.photos/seed/puma-12-flex-trainer/600/600
Puma Boost Sneaker,puma,sneakers,Training Shoes,men,puma-store,3230,3800,LOW STOCK,https://www.puma.com/p/puma-13-boost-sneaker,https://picsum.photos/seed/puma-13-boost-sneaker/600/600
Puma Prime Basketball Shoe,puma,sneakers,Basketball Shoes,women,puma-store,880,1100,IN STOCK,https://www.puma.com/p/puma-14-prime-basketball-shoe,https://picsum.photos/seed/puma-14-prime-basketball-shoe/600/600
Puma Air Court Shoe,puma,sneakers,Lifestyle Sneakers,unisex,puma-store,5330,8200,IN STOCK,https://www.puma.com/p/puma-15-air-court-shoe,https://picsum.photos/seed/puma-15-air-court-shoe/600/600
Puma Ultra Runner,puma,sneakers,Sneakers,men,puma-store,1200,1500,IN STOCK,https://www.puma.com/p/puma-16-ultra-runner,https://picsum.photos/seed/puma-16-ultra-runner/600/600
Puma Pro Trainer,puma,sneakers,Running Shoes,women,puma-store,2665,4100,IN STOCK,https://www.puma.com/p/puma-17-pro-trainer,https://picsum.photos/seed/puma-17-pro-trainer/600/600
Puma React Sneaker,puma,sneakers,Training Shoes,unisex,puma-store,4355,6700,IN STOCK,https://www.puma.com/p/puma-18-react-sneaker,https://picsum.photos/seed/puma-18-react-sneaker/600/600
Puma Flex Basketball Shoe,puma,sneakers,Basketball Shoes,men,puma-store,1875,2500,IN STOCK,https://www.puma.com/p/puma-19-flex-basketball-shoe,https://picsum.photos/seed/puma-19-flex-basketball-shoe/600/600
Puma Boost Court Shoe,puma,sneakers,Lifestyle Sneakers,women,puma-store,650,1000,IN STOCK,https://www.puma.com/p/puma-20-boost-court-shoe,https://picsum.photos/seed/puma-20-boost-court-shoe/600/600
Levis Slim Fit Denim Jeans,levis,mens-clothing,Shirts,men,levis-store,2220,3700,IN STOCK,https://www.levi.com/p/levis-1-slim-fit-denim-jeans,https://picsum.photos/seed/levis-1-slim-fit-denim-jeans/600/600
Levis Classic Oxford Shirt,levis,mens-clothing,Jeans,men,levis-store,5785,8900,IN STOCK,https://www.levi.com/p/levis-2-classic-oxford-shirt,https://picsum.photos/seed/levis-2-classic-oxford-shirt/600/600
Levis Relaxed Chino Trousers,levis,mens-clothing,Jackets,men,levis-store,2125,2500,IN STOCK,https://www.levi.com/p/levis-3-relaxed-chino-trousers,https://picsum.photos/seed/levis-3-relaxed-chino-trousers/600/600
Levis Tailored Bomber Jacket,levis,mens-clothing,Chinos,men,levis-store,850,1700,IN STOCK,https://www.levi.com/p/levis-4-tailored-bomber-jacket,https://picsum.photos/seed/levis-4-tailored-bomber-jacket/600/600
Levis Slim Fit Denim Jeans,levis,mens-clothing,Shirts,men,levis-store,4480,6400,IN STOCK,https://www.levi.com/p/levis-5-slim-fit-denim-jeans,https://picsum.photos/seed/levis-5-slim-fit-denim-jeans/600/600
Levis Classic Oxford Shirt,levis,mens-clothing,Jeans,men,levis-store,6290,7400,IN STOCK,https://www.levi.com/p/levis-6-classic-oxford-shirt,https://picsum.photos/seed/levis-6-classic-oxford-shirt/600/600
Levis Relaxed Chino Trousers,levis,mens-clothing,Jackets,men,levis-store,6160,7700,IN STOCK,https://www.levi.com/p/levis-7-relaxed-chino-trousers,https://picsum.photos/seed/levis-7-relaxed-chino-trousers/600/600
Levis Tailored Bomber Jacket,levis,mens-clothing,Chinos,men,levis-store,4930,5800,IN STOCK,https://www.levi.com/p/levis-8-tailored-bomber-jacket,https://picsum.photos/seed/levis-8-tailored-bomber-jacket/600/600
Levis Slim Fit Denim Jeans,levis,mens-clothing,Shirts,men,levis-store,2275,3500,IN STOCK,https://www.levi.com/p/levis-9-slim-fit-denim-jeans,https://picsum.photos/seed/levis-9-slim-fit-denim-jeans/600/600
Levis Classic Oxford Shirt,levis,mens-clothing,Jeans,men,levis-store,1275,1700,IN STOCK,https://www.levi.com/p/levis-10-classic-oxford-shirt,https://picsum.photos/seed/levis-10-classic-oxford-shirt/600/600
Levis Relaxed Chino Trousers,levis,mens-clothing,Jackets,men,levis-store,3795,6900,IN STOCK,https://www.levi.com/p/levis-11-relaxed-chino-trousers,https://picsum.photos/seed/levis-11-relaxed-chino-trousers/600/600
Levis Tailored Bomber Jacket,levis,mens-clothing,Chinos,men,levis-store,3450,6900,IN STOCK,https://www.levi.com/p/levis-12-tailored-bomber-jacket,https://picsum.photos/seed/levis-12-tailored-bomber-jacket/600/600
Levis Slim Fit Denim Jeans,levis,mens-clothing,Shirts,men,levis-store,5175,6900,IN STOCK,https://www.levi.com/p/levis-13-slim-fit-denim-jeans,https://picsum.photos/seed/levis-13-slim-fit-denim-jeans/600/600
Levis Classic Oxford Shirt,levis,mens-clothing,Jeans,men,levis-store,4290,7800,IN STOCK,https://www.levi.com/p/levis-14-classic-oxford-shirt,https://picsum.photos/seed/levis-14-classic-oxford-shirt/600/600
Levis Relaxed Chino Trousers,levis,mens-clothing,Jackets,men,levis-store,5775,7700,LOW STOCK,https://www.levi.com/p/levis-15-relaxed-chino-trousers,https://picsum.photos/seed/levis-15-relaxed-chino-trousers/600/600
Levis Tailored Bomber Jacket,levis,mens-clothing,Chinos,men,levis-store,6120,7200,LOW STOCK,https://www.levi.com/p/levis-16-tailored-bomber-jacket,https://picsum.photos/seed/levis-16-tailored-bomber-jacket/600/600
Levis Slim Fit Denim Jeans,levis,mens-clothing,Shirts,men,levis-store,4059,5800,IN STOCK,https://www.levi.com/p/levis-17-slim-fit-denim-jeans,https://picsum.photos/seed/levis-17-slim-fit-denim-jeans/600/600
Levis Classic Oxford Shirt,levis,mens-clothing,Jeans,men,levis-store,975,1300,IN STOCK,https://www.levi.com/p/levis-18-classic-oxford-shirt,https://picsum.photos/seed/levis-18-classic-oxford-shirt/600/600
Levis Relaxed Chino Trousers,levis,mens-clothing,Jackets,men,levis-store,7120,8900,IN STOCK,https://www.levi.com/p/levis-19-relaxed-chino-trousers,https://picsum.photos/seed/levis-19-relaxed-chino-trousers/600/600
Levis Tailored Bomber Jacket,levis,mens-clothing,Chinos,men,levis-store,3995,4700,IN STOCK,https://www.levi.com/p/levis-20-tailored-bomber-jacket,https://picsum.photos/seed/levis-20-tailored-bomber-jacket/600/600
Calvin Klein Classic Blazer,calvin-klein,clothing,Dresses,women,calvin-klein-store,4270,6100,IN STOCK,https://www.calvinklein.com/p/calvin-klein-1-classic-blazer,https://picsum.photos/seed/calvin-klein-1-classic-blazer/600/600
Calvin Klein Relaxed Shirt Dress,calvin-klein,clothing,Jackets,men,calvin-klein-store,500,1000,IN STOCK,https://www.calvinklein.com/p/calvin-klein-2-relaxed-shirt-dress,https://picsum.photos/seed/calvin-klein-2-relaxed-shirt-dress/600/600
Calvin Klein Slim Fit Denim Jacket,calvin-klein,clothing,Jeans,unisex,calvin-klein-store,5680,7100,IN STOCK,https://www.calvinklein.com/p/calvin-klein-3-slim-fit-denim-jacket,https://picsum.photos/seed/calvin-klein-3-slim-fit-denim-jacket/600/600
Calvin Klein Oversized Knit Sweater,calvin-klein,clothing,Shirts,women,calvin-klein-store,750,1500,IN STOCK,https://www.calvinklein.com/p/calvin-klein-4-oversized-knit-sweater,https://picsum.photos/seed/calvin-klein-4-oversized-knit-sweater/600/600
Calvin Klein Tailored Trench Coat,calvin-klein,clothing,Sweaters,men,calvin-klein-store,1040,1600,IN STOCK,https://www.calvinklein.com/p/calvin-klein-5-tailored-trench-coat,https://picsum.photos/seed/calvin-klein-5-tailored-trench-coat/600/600
Calvin Klein Classic Midi Dress,calvin-klein,clothing,Dresses,unisex,calvin-klein-store,5040,7200,IN STOCK,https://www.calvinklein.com/p/calvin-klein-6-classic-midi-dress,https://picsum.photos/seed/calvin-klein-6-classic-midi-dress/600/600
Calvin Klein Relaxed Blazer,calvin-klein,clothing,Jackets,women,calvin-klein-store,3150,6300,IN STOCK,https://www.calvinklein.com/p/calvin-klein-7-relaxed-blazer,https://picsum.photos/seed/calvin-klein-7-relaxed-blazer/600/600
Calvin Klein Slim Fit Shirt Dress,calvin-klein,clothing,Jeans,men,calvin-klein-store,3280,4100,IN STOCK,https://www.calvinklein.com/p/calvin-klein-8-slim-fit-shirt-dress,https://picsum.photos/seed/calvin-klein-8-slim-fit-shirt-dress/600/600
Calvin Klein Oversized Denim Jacket,calvin-klein,clothing,Shirts,unisex,calvin-klein-store,4290,6600,IN STOCK,https://www.calvinklein.com/p/calvin-klein-9-oversized-denim-jacket,https://picsum.photos/seed/calvin-klein-9-oversized-denim-jacket/600/600
Calvin Klein Tailored Knit Sweater,calvin-klein,clothing,Sweaters,women,calvin-klein-store,4270,6100,IN STOCK,https://www.calvinklein.com/p/calvin-klein-10-tailored-knit-sweater,https://picsum.photos/seed/calvin-klein-10-tailored-knit-sweater/600/600
Calvin Klein Classic Trench Coat,calvin-klein,clothing,Dresses,men,calvin-klein-store,1320,2200,IN STOCK,https://www.calvinklein.com/p/calvin-klein-11-classic-trench-coat,https://picsum.photos/seed/calvin-klein-11-classic-trench-coat/600/600
Calvin Klein Relaxed Midi Dress,calvin-klein,clothing,Jackets,unisex,calvin-klein-store,4615,7100,IN STOCK,https://www.calvinklein.com/p/calvin-klein-12-relaxed-midi-dress,https://picsum.photos/seed/calvin-klein-12-relaxed-midi-dress/600/600
Calvin Klein Slim Fit Blazer,calvin-klein,clothing,Jeans,women,calvin-klein-store,1785,2100,IN STOCK,https://www.calvinklein.com/p/calvin-klein-13-slim-fit-blazer,https://picsum.photos/seed/calvin-klein-13-slim-fit-blazer/600/600
Calvin Klein Oversized Shirt Dress,calvin-klein,clothing,Shirts,men,calvin-klein-store,3250,5000,OUT OF STOCK,https://www.calvinklein.com/p/calvin-klein-14-oversized-shirt-dress,https://picsum.photos/seed/calvin-klein-14-oversized-shirt-dress/600/600
Calvin Klein Tailored Denim Jacket,calvin-klein,clothing,Sweaters,unisex,calvin-klein-store,1260,1800,IN STOCK,https://www.calvinklein.com/p/calvin-klein-15-tailored-denim-jacket,https://picsum.photos/seed/calvin-klein-15-tailored-denim-jacket/600/600
Calvin Klein Classic Knit Sweater,calvin-klein,clothing,Dresses,women,calvin-klein-store,2210,3400,IN STOCK,https://www.calvinklein.com/p/calvin-klein-16-classic-knit-sweater,https://picsum.photos/seed/calvin-klein-16-classic-knit-sweater/600/600
Calvin Klein Relaxed Trench Coat,calvin-klein,clothing,Jackets,men,calvin-klein-store,3840,4800,OUT OF STOCK,https://www.calvinklein.com/p/calvin-klein-17-relaxed-trench-coat,https://picsum.photos/seed/calvin-klein-17-relaxed-trench-coat/600/600
Calvin Klein Slim Fit Midi Dress,calvin-klein,clothing,Jeans,unisex,calvin-klein-store,3849,5500,IN STOCK,https://www.calvinklein.com/p/calvin-klein-18-slim-fit-midi-dress,https://picsum.photos/seed/calvin-klein-18-slim-fit-midi-dress/600/600
Calvin Klein Oversized Blazer,calvin-klein,clothing,Shirts,women,calvin-klein-store,850,1700,IN STOCK,https://www.calvinklein.com/p/calvin-klein-19-oversized-blazer,https://picsum.photos/seed/calvin-klein-19-oversized-blazer/600/600
Calvin Klein Tailored Shirt Dress,calvin-klein,clothing,Sweaters,men,calvin-klein-store,3840,4800,LOW STOCK,https://www.calvinklein.com/p/calvin-klein-20-tailored-shirt-dress,https://picsum.photos/seed/calvin-klein-20-tailored-shirt-dress/600/600
Ulta Hydrating Serum,ulta,beauty,Skincare,unisex,ulta,4450,8900,OUT OF STOCK,https://www.ulta.com/p/ulta-1-hydrating-serum,https://picsum.photos/seed/ulta-1-hydrating-serum/600/600
Ulta Matte Foundation,ulta,beauty,Makeup,women,ulta,2940,4200,LOW STOCK,https://www.ulta.com/p/ulta-2-matte-foundation,https://picsum.photos/seed/ulta-2-matte-foundation/600/600
Ulta Radiant Eau de Parfum,ulta,beauty,Fragrance,unisex,ulta,6020,8600,IN STOCK,https://www.ulta.com/p/ulta-3-radiant-eau-de-parfum,https://picsum.photos/seed/ulta-3-radiant-eau-de-parfum/600/600
Ulta Nourishing Shampoo,ulta,beauty,Haircare,women,ulta,1275,1700,IN STOCK,https://www.ulta.com/p/ulta-4-nourishing-shampoo,https://picsum.photos/seed/ulta-4-nourishing-shampoo/600/600
Ulta Long-Lasting Lip Kit,ulta,beauty,Skincare,unisex,ulta,1860,3100,IN STOCK,https://www.ulta.com/p/ulta-5-long-lasting-lip-kit,https://picsum.photos/seed/ulta-5-long-lasting-lip-kit/600/600
Ulta Hydrating Moisturizer,ulta,beauty,Makeup,women,ulta,5005,7700,LOW STOCK,https://www.ulta.com/p/ulta-6-hydrating-moisturizer,https://picsum.photos/seed/ulta-6-hydrating-moisturizer/600/600
Ulta Matte Serum,ulta,beauty,Fragrance,unisex,ulta,4080,6800,IN STOCK,https://www.ulta.com/p/ulta-7-matte-serum,https://picsum.photos/seed/ulta-7-matte-serum/600/600
Ulta Radiant Foundation,ulta,beauty,Haircare,women,ulta,4200,8400,IN STOCK,https://www.ulta.com/p/ulta-8-radiant-foundation,https://picsum.photos/seed/ulta-8-radiant-foundation/600/600
Ulta Nourishing Eau de Parfum,ulta,beauty,Skincare,unisex,ulta,1955,2300,LOW STOCK,https://www.ulta.com/p/ulta-9-nourishing-eau-de-parfum,https://picsum.photos/seed/ulta-9-nourishing-eau-de-parfum/600/600
Ulta Long-Lasting Shampoo,ulta,beauty,Makeup,women,ulta,3300,6600,IN STOCK,https://www.ulta.com/p/ulta-10-long-lasting-shampoo,https://picsum.photos/seed/ulta-10-long-lasting-shampoo/600/600
Ulta Hydrating Lip Kit,ulta,beauty,Fragrance,unisex,ulta,5250,7000,IN STOCK,https://www.ulta.com/p/ulta-11-hydrating-lip-kit,https://picsum.photos/seed/ulta-11-hydrating-lip-kit/600/600
Ulta Matte Moisturizer,ulta,beauty,Haircare,women,ulta,2460,4100,IN STOCK,https://www.ulta.com/p/ulta-12-matte-moisturizer,https://picsum.photos/seed/ulta-12-matte-moisturizer/600/600
Ulta Radiant Serum,ulta,beauty,Skincare,unisex,ulta,3145,3700,IN STOCK,https://www.ulta.com/p/ulta-13-radiant-serum,https://picsum.photos/seed/ulta-13-radiant-serum/600/600
Ulta Nourishing Foundation,ulta,beauty,Makeup,women,ulta,2090,3800,IN STOCK,https://www.ulta.com/p/ulta-14-nourishing-foundation,https://picsum.photos/seed/ulta-14-nourishing-foundation/600/600
Ulta Long-Lasting Eau de Parfum,ulta,beauty,Fragrance,unisex,ulta,6020,8600,IN STOCK,https://www.ulta.com/p/ulta-15-long-lasting-eau-de-parfum,https://picsum.photos/seed/ulta-15-long-lasting-eau-de-parfum/600/600
Ulta Hydrating Shampoo,ulta,beauty,Haircare,women,ulta,5460,8400,IN STOCK,https://www.ulta.com/p/ulta-16-hydrating-shampoo,https://picsum.photos/seed/ulta-16-hydrating-shampoo/600/600
Ulta Matte Lip Kit,ulta,beauty,Skincare,unisex,ulta,825,1500,IN STOCK,https://www.ulta.com/p/ulta-17-matte-lip-kit,https://picsum.photos/seed/ulta-17-matte-lip-kit/600/600
Ulta Radiant Moisturizer,ulta,beauty,Makeup,women,ulta,6480,8100,IN STOCK,https://www.ulta.com/p/ulta-18-radiant-moisturizer,https://picsum.photos/seed/ulta-18-radiant-moisturizer/600/600
Ulta Nourishing Serum,ulta,beauty,Fragrance,unisex,ulta,2925,4500,LOW STOCK,https://www.ulta.com/p/ulta-19-nourishing-serum,https://picsum.photos/seed/ulta-19-nourishing-serum/600/600
Ulta Long-Lasting Foundation,ulta,beauty,Haircare,women,ulta,2640,3300,IN STOCK,https://www.ulta.com/p/ulta-20-long-lasting-foundation,https://picsum.photos/seed/ulta-20-long-lasting-foundation/600/600
Sephora Hydrating Serum,sephora,beauty,Skincare,unisex,sephora,4160,6400,IN STOCK,https://www.sephora.com/p/sephora-1-hydrating-serum,https://picsum.photos/seed/sephora-1-hydrating-serum/600/600
Sephora Matte Foundation,sephora,beauty,Makeup,women,sephora,1540,2200,OUT OF STOCK,https://www.sephora.com/p/sephora-2-matte-foundation,https://picsum.photos/seed/sephora-2-matte-foundation/600/600
Sephora Radiant Eau de Parfum,sephora,beauty,Fragrance,unisex,sephora,2760,4600,IN STOCK,https://www.sephora.com/p/sephora-3-radiant-eau-de-parfum,https://picsum.photos/seed/sephora-3-radiant-eau-de-parfum/600/600
Sephora Nourishing Shampoo,sephora,beauty,Haircare,women,sephora,2255,4100,LOW STOCK,https://www.sephora.com/p/sephora-4-nourishing-shampoo,https://picsum.photos/seed/sephora-4-nourishing-shampoo/600/600
Sephora Long-Lasting Lip Kit,sephora,beauty,Skincare,unisex,sephora,4180,7600,LOW STOCK,https://www.sephora.com/p/sephora-5-long-lasting-lip-kit,https://picsum.photos/seed/sephora-5-long-lasting-lip-kit/600/600
Sephora Hydrating Moisturizer,sephora,beauty,Makeup,women,sephora,6090,8700,IN STOCK,https://www.sephora.com/p/sephora-6-hydrating-moisturizer,https://picsum.photos/seed/sephora-6-hydrating-moisturizer/600/600
Sephora Matte Serum,sephora,beauty,Fragrance,unisex,sephora,770,1400,IN STOCK,https://www.sephora.com/p/sephora-7-matte-serum,https://picsum.photos/seed/sephora-7-matte-serum/600/600
Sephora Radiant Foundation,sephora,beauty,Haircare,women,sephora,5400,7200,IN STOCK,https://www.sephora.com/p/sephora-8-radiant-foundation,https://picsum.photos/seed/sephora-8-radiant-foundation/600/600
Sephora Nourishing Eau de Parfum,sephora,beauty,Skincare,unisex,sephora,1650,3300,IN STOCK,https://www.sephora.com/p/sephora-9-nourishing-eau-de-parfum,https://picsum.photos/seed/sephora-9-nourishing-eau-de-parfum/600/600
Sephora Long-Lasting Shampoo,sephora,beauty,Makeup,women,sephora,6450,8600,IN STOCK,https://www.sephora.com/p/sephora-10-long-lasting-shampoo,https://picsum.photos/seed/sephora-10-long-lasting-shampoo/600/600
Sephora Hydrating Lip Kit,sephora,beauty,Fragrance,unisex,sephora,2640,4400,IN STOCK,https://www.sephora.com/p/sephora-11-hydrating-lip-kit,https://picsum.photos/seed/sephora-11-hydrating-lip-kit/600/600
Sephora Matte Moisturizer,sephora,beauty,Haircare,women,sephora,2015,3100,IN STOCK,https://www.sephora.com/p/sephora-12-matte-moisturizer,https://picsum.photos/seed/sephora-12-matte-moisturizer/600/600
Sephora Radiant Serum,sephora,beauty,Skincare,unisex,sephora,1950,3000,IN STOCK,https://www.sephora.com/p/sephora-13-radiant-serum,https://picsum.photos/seed/sephora-13-radiant-serum/600/600
Sephora Nourishing Foundation,sephora,beauty,Makeup,women,sephora,3575,6500,IN STOCK,https://www.sephora.com/p/sephora-14-nourishing-foundation,https://picsum.photos/seed/sephora-14-nourishing-foundation/600/600
Sephora Long-Lasting Eau de Parfum,sephora,beauty,Fragrance,unisex,sephora,4725,6300,IN STOCK,https://www.sephora.com/p/sephora-15-long-lasting-eau-de-parfum,https://picsum.photos/seed/sephora-15-long-lasting-eau-de-parfum/600/600
Sephora Hydrating Shampoo,sephora,beauty,Haircare,women,sephora,2550,5100,IN STOCK,https://www.sephora.com/p/sephora-16-hydrating-shampoo,https://picsum.photos/seed/sephora-16-hydrating-shampoo/600/600
Sephora Matte Lip Kit,sephora,beauty,Skincare,unisex,sephora,2820,4700,OUT OF STOCK,https://www.sephora.com/p/sephora-17-matte-lip-kit,https://picsum.photos/seed/sephora-17-matte-lip-kit/600/600
Sephora Radiant Moisturizer,sephora,beauty,Makeup,women,sephora,2585,4700,IN STOCK,https://www.sephora.com/p/sephora-18-radiant-moisturizer,https://picsum.photos/seed/sephora-18-radiant-moisturizer/600/600
Sephora Nourishing Serum,sephora,beauty,Fragrance,unisex,sephora,1819,2600,IN STOCK,https://www.sephora.com/p/sephora-19-nourishing-serum,https://picsum.photos/seed/sephora-19-nourishing-serum/600/600
Sephora Long-Lasting Foundation,sephora,beauty,Haircare,women,sephora,3040,3800,IN STOCK,https://www.sephora.com/p/sephora-20-long-lasting-foundation,https://picsum.photos/seed/sephora-20-long-lasting-foundation/600/600
Bata Leather Derby Shoes,bata,shoes,Formal Shoes,men,bata-store,1235,1900,LOW STOCK,https://www.bata.com/p/bata-1-leather-derby-shoes,https://picsum.photos/seed/bata-1-leather-derby-shoes/600/600
Bata Classic Loafers,bata,shoes,Sandals,women,bata-store,1020,1200,IN STOCK,https://www.bata.com/p/bata-2-classic-loafers,https://picsum.photos/seed/bata-2-classic-loafers/600/600
Bata Comfort-Fit Sandals,bata,shoes,Casual Shoes,unisex,bata-store,1155,2100,IN STOCK,https://www.bata.com/p/bata-3-comfort-fit-sandals,https://picsum.photos/seed/bata-3-comfort-fit-sandals/600/600
Bata Everyday Sneakers,bata,shoes,School Shoes,men,bata-store,1750,2500,IN STOCK,https://www.bata.com/p/bata-4-everyday-sneakers,https://picsum.photos/seed/bata-4-everyday-sneakers/600/600
Bata Leather Derby Shoes,bata,shoes,Formal Shoes,women,bata-store,1530,1800,IN STOCK,https://www.bata.com/p/bata-5-leather-derby-shoes,https://picsum.photos/seed/bata-5-leather-derby-shoes/600/600
Bata Classic Loafers,bata,shoes,Sandals,unisex,bata-store,1680,2800,IN STOCK,https://www.bata.com/p/bata-6-classic-loafers,https://picsum.photos/seed/bata-6-classic-loafers/600/600
Bata Comfort-Fit Sandals,bata,shoes,Casual Shoes,men,bata-store,1750,2500,IN STOCK,https://www.bata.com/p/bata-7-comfort-fit-sandals,https://picsum.photos/seed/bata-7-comfort-fit-sandals/600/600
Bata Everyday Sneakers,bata,shoes,School Shoes,women,bata-store,770,1400,IN STOCK,https://www.bata.com/p/bata-8-everyday-sneakers,https://picsum.photos/seed/bata-8-everyday-sneakers/600/600
Bata Leather Derby Shoes,bata,shoes,Formal Shoes,unisex,bata-store,1210,2200,OUT OF STOCK,https://www.bata.com/p/bata-9-leather-derby-shoes,https://picsum.photos/seed/bata-9-leather-derby-shoes/600/600
Bata Classic Loafers,bata,shoes,Sandals,men,bata-store,375,500,IN STOCK,https://www.bata.com/p/bata-10-classic-loafers,https://picsum.photos/seed/bata-10-classic-loafers/600/600
Bata Comfort-Fit Sandals,bata,shoes,Casual Shoes,women,bata-store,1650,3300,OUT OF STOCK,https://www.bata.com/p/bata-11-comfort-fit-sandals,https://picsum.photos/seed/bata-11-comfort-fit-sandals/600/600
Bata Everyday Sneakers,bata,shoes,School Shoes,unisex,bata-store,2040,2400,IN STOCK,https://www.bata.com/p/bata-12-everyday-sneakers,https://picsum.photos/seed/bata-12-everyday-sneakers/600/600
Bata Leather Derby Shoes,bata,shoes,Formal Shoes,men,bata-store,1300,2600,OUT OF STOCK,https://www.bata.com/p/bata-13-leather-derby-shoes,https://picsum.photos/seed/bata-13-leather-derby-shoes/600/600
Bata Classic Loafers,bata,shoes,Sandals,women,bata-store,1120,1400,IN STOCK,https://www.bata.com/p/bata-14-classic-loafers,https://picsum.photos/seed/bata-14-classic-loafers/600/600
Bata Comfort-Fit Sandals,bata,shoes,Casual Shoes,unisex,bata-store,800,1000,LOW STOCK,https://www.bata.com/p/bata-15-comfort-fit-sandals,https://picsum.photos/seed/bata-15-comfort-fit-sandals/600/600
Bata Everyday Sneakers,bata,shoes,School Shoes,men,bata-store,1700,3400,IN STOCK,https://www.bata.com/p/bata-16-everyday-sneakers,https://picsum.photos/seed/bata-16-everyday-sneakers/600/600
Bata Leather Derby Shoes,bata,shoes,Formal Shoes,women,bata-store,510,600,IN STOCK,https://www.bata.com/p/bata-17-leather-derby-shoes,https://picsum.photos/seed/bata-17-leather-derby-shoes/600/600
Bata Classic Loafers,bata,shoes,Sandals,unisex,bata-store,1190,1400,IN STOCK,https://www.bata.com/p/bata-18-classic-loafers,https://picsum.photos/seed/bata-18-classic-loafers/600/600
Bata Comfort-Fit Sandals,bata,shoes,Casual Shoes,men,bata-store,1200,1600,IN STOCK,https://www.bata.com/p/bata-19-comfort-fit-sandals,https://picsum.photos/seed/bata-19-comfort-fit-sandals/600/600
Bata Everyday Sneakers,bata,shoes,School Shoes,women,bata-store,1430,2600,IN STOCK,https://www.bata.com/p/bata-20-everyday-sneakers,https://picsum.photos/seed/bata-20-everyday-sneakers/600/600
Charles Keith Structured Tote Bag,charles-keith,bags,Handbags,women,charles-keith-store,1520,1900,IN STOCK,https://www.charleskeith.com/p/charles-keith-1-structured-tote-bag,https://picsum.photos/seed/charles-keith-1-structured-tote-bag/600/600
Charles Keith Compact Crossbody Bag,charles-keith,bags,Crossbody Bags,men,charles-keith-store,3709,5300,IN STOCK,https://www.charleskeith.com/p/charles-keith-2-compact-crossbody-bag,https://picsum.photos/seed/charles-keith-2-compact-crossbody-bag/600/600
Charles Keith Signature Wallet,charles-keith,bags,Totes,unisex,charles-keith-store,2380,2800,IN STOCK,https://www.charleskeith.com/p/charles-keith-3-signature-wallet,https://picsum.photos/seed/charles-keith-3-signature-wallet/600/600
Charles Keith Pebbled Leather Clutch,charles-keith,bags,Wallets,women,charles-keith-store,1750,3500,IN STOCK,https://www.charleskeith.com/p/charles-keith-4-pebbled-leather-clutch,https://picsum.photos/seed/charles-keith-4-pebbled-leather-clutch/600/600
Charles Keith Structured Shoulder Bag,charles-keith,bags,Handbags,men,charles-keith-store,2520,3600,IN STOCK,https://www.charleskeith.com/p/charles-keith-5-structured-shoulder-bag,https://picsum.photos/seed/charles-keith-5-structured-shoulder-bag/600/600
Charles Keith Compact Tote Bag,charles-keith,bags,Crossbody Bags,unisex,charles-keith-store,2029,2900,IN STOCK,https://www.charleskeith.com/p/charles-keith-6-compact-tote-bag,https://picsum.photos/seed/charles-keith-6-compact-tote-bag/600/600
Charles Keith Signature Crossbody Bag,charles-keith,bags,Totes,women,charles-keith-store,2860,4400,IN STOCK,https://www.charleskeith.com/p/charles-keith-7-signature-crossbody-bag,https://picsum.photos/seed/charles-keith-7-signature-crossbody-bag/600/600
Charles Keith Pebbled Leather Wallet,charles-keith,bags,Wallets,men,charles-keith-store,1300,2600,LOW STOCK,https://www.charleskeith.com/p/charles-keith-8-pebbled-leather-wallet,https://picsum.photos/seed/charles-keith-8-pebbled-leather-wallet/600/600
Charles Keith Structured Clutch,charles-keith,bags,Handbags,unisex,charles-keith-store,3465,6300,IN STOCK,https://www.charleskeith.com/p/charles-keith-9-structured-clutch,https://picsum.photos/seed/charles-keith-9-structured-clutch/600/600
Charles Keith Compact Shoulder Bag,charles-keith,bags,Crossbody Bags,women,charles-keith-store,1595,2900,LOW STOCK,https://www.charleskeith.com/p/charles-keith-10-compact-shoulder-bag,https://picsum.photos/seed/charles-keith-10-compact-shoulder-bag/600/600
Charles Keith Signature Tote Bag,charles-keith,bags,Totes,men,charles-keith-store,1450,2900,IN STOCK,https://www.charleskeith.com/p/charles-keith-11-signature-tote-bag,https://picsum.photos/seed/charles-keith-11-signature-tote-bag/600/600
Charles Keith Pebbled Leather Crossbody Bag,charles-keith,bags,Wallets,unisex,charles-keith-store,2090,3800,IN STOCK,https://www.charleskeith.com/p/charles-keith-12-pebbled-leather-crossbody-bag,https://picsum.photos/seed/charles-keith-12-pebbled-leather-crossbody-bag/600/600
Charles Keith Structured Wallet,charles-keith,bags,Handbags,women,charles-keith-store,2940,4200,IN STOCK,https://www.charleskeith.com/p/charles-keith-13-structured-wallet,https://picsum.photos/seed/charles-keith-13-structured-wallet/600/600
Charles Keith Compact Clutch,charles-keith,bags,Crossbody Bags,men,charles-keith-store,2720,3400,IN STOCK,https://www.charleskeith.com/p/charles-keith-14-compact-clutch,https://picsum.photos/seed/charles-keith-14-compact-clutch/600/600
Charles Keith Signature Shoulder Bag,charles-keith,bags,Totes,unisex,charles-keith-store,6230,8900,IN STOCK,https://www.charleskeith.com/p/charles-keith-15-signature-shoulder-bag,https://picsum.photos/seed/charles-keith-15-signature-shoulder-bag/600/600
Charles Keith Pebbled Leather Tote Bag,charles-keith,bags,Wallets,women,charles-keith-store,5390,7700,IN STOCK,https://www.charleskeith.com/p/charles-keith-16-pebbled-leather-tote-bag,https://picsum.photos/seed/charles-keith-16-pebbled-leather-tote-bag/600/600
Charles Keith Structured Crossbody Bag,charles-keith,bags,Handbags,men,charles-keith-store,1820,2800,IN STOCK,https://www.charleskeith.com/p/charles-keith-17-structured-crossbody-bag,https://picsum.photos/seed/charles-keith-17-structured-crossbody-bag/600/600
Charles Keith Compact Wallet,charles-keith,bags,Crossbody Bags,unisex,charles-keith-store,2720,3400,OUT OF STOCK,https://www.charleskeith.com/p/charles-keith-18-compact-wallet,https://picsum.photos/seed/charles-keith-18-compact-wallet/600/600
Charles Keith Signature Clutch,charles-keith,bags,Totes,women,charles-keith-store,3825,5100,LOW STOCK,https://www.charleskeith.com/p/charles-keith-19-signature-clutch,https://picsum.photos/seed/charles-keith-19-signature-clutch/600/600
Charles Keith Pebbled Leather Shoulder Bag,charles-keith,bags,Wallets,men,charles-keith-store,2750,5000,LOW STOCK,https://www.charleskeith.com/p/charles-keith-20-pebbled-leather-shoulder-bag,https://picsum.photos/seed/charles-keith-20-pebbled-leather-shoulder-bag/600/600
Burberry Signature Shoulder Bag,burberry,accessories,Handbags,men,burberry-store,20550,27400,LOW STOCK,https://www.burberry.com/p/burberry-1-signature-shoulder-bag,https://picsum.photos/seed/burberry-1-signature-shoulder-bag/600/600
Burberry Monogram Silk Scarf,burberry,accessories,Ready-to-Wear,women,burberry-store,18970,27100,IN STOCK,https://www.burberry.com/p/burberry-2-monogram-silk-scarf,https://picsum.photos/seed/burberry-2-monogram-silk-scarf/600/600
Burberry Limited Edition Leather Loafers,burberry,accessories,Footwear,unisex,burberry-store,73575,98100,IN STOCK,https://www.burberry.com/p/burberry-3-limited-edition-leather-loafers,https://picsum.photos/seed/burberry-3-limited-edition-leather-loafers/600/600
Burberry Runway Sunglasses,burberry,accessories,Accessories,men,burberry-store,96050,113000,IN STOCK,https://www.burberry.com/p/burberry-4-runway-sunglasses,https://picsum.photos/seed/burberry-4-runway-sunglasses/600/600
Burberry Heritage Wool Coat,burberry,accessories,Handbags,women,burberry-store,47340,78900,IN STOCK,https://www.burberry.com/p/burberry-5-heritage-wool-coat,https://picsum.photos/seed/burberry-5-heritage-wool-coat/600/600
Burberry Signature Tote,burberry,accessories,Ready-to-Wear,unisex,burberry-store,22800,30400,IN STOCK,https://www.burberry.com/p/burberry-6-signature-tote,https://picsum.photos/seed/burberry-6-signature-tote/600/600
Burberry Monogram Shoulder Bag,burberry,accessories,Footwear,men,burberry-store,22150,44300,IN STOCK,https://www.burberry.com/p/burberry-7-monogram-shoulder-bag,https://picsum.photos/seed/burberry-7-monogram-shoulder-bag/600/600
Burberry Limited Edition Silk Scarf,burberry,accessories,Accessories,women,burberry-store,58905,107100,LOW STOCK,https://www.burberry.com/p/burberry-8-limited-edition-silk-scarf,https://picsum.photos/seed/burberry-8-limited-edition-silk-scarf/600/600
Burberry Runway Leather Loafers,burberry,accessories,Handbags,unisex,burberry-store,89460,149100,IN STOCK,https://www.burberry.com/p/burberry-9-runway-leather-loafers,https://picsum.photos/seed/burberry-9-runway-leather-loafers/600/600
Burberry Heritage Sunglasses,burberry,accessories,Ready-to-Wear,men,burberry-store,29155,34300,IN STOCK,https://www.burberry.com/p/burberry-10-heritage-sunglasses,https://picsum.photos/seed/burberry-10-heritage-sunglasses/600/600
Burberry Signature Wool Coat,burberry,accessories,Footwear,women,burberry-store,18360,30600,IN STOCK,https://www.burberry.com/p/burberry-11-signature-wool-coat,https://picsum.photos/seed/burberry-11-signature-wool-coat/600/600
Burberry Monogram Tote,burberry,accessories,Accessories,unisex,burberry-store,108800,136000,IN STOCK,https://www.burberry.com/p/burberry-12-monogram-tote,https://picsum.photos/seed/burberry-12-monogram-tote/600/600
Burberry Limited Edition Shoulder Bag,burberry,accessories,Handbags,men,burberry-store,83650,119500,IN STOCK,https://www.burberry.com/p/burberry-13-limited-edition-shoulder-bag,https://picsum.photos/seed/burberry-13-limited-edition-shoulder-bag/600/600
Burberry Runway Silk Scarf,burberry,accessories,Ready-to-Wear,women,burberry-store,78520,120800,LOW STOCK,https://www.burberry.com/p/burberry-14-runway-silk-scarf,https://picsum.photos/seed/burberry-14-runway-silk-scarf/600/600
Burberry Heritage Leather Loafers,burberry,accessories,Footwear,unisex,burberry-store,61360,76700,IN STOCK,https://www.burberry.com/p/burberry-15-heritage-leather-loafers,https://picsum.photos/seed/burberry-15-heritage-leather-loafers/600/600
Burberry Signature Sunglasses,burberry,accessories,Accessories,men,burberry-store,57469,82100,IN STOCK,https://www.burberry.com/p/burberry-16-signature-sunglasses,https://picsum.photos/seed/burberry-16-signature-sunglasses/600/600
Burberry Monogram Wool Coat,burberry,accessories,Handbags,women,burberry-store,70250,140500,IN STOCK,https://www.burberry.com/p/burberry-17-monogram-wool-coat,https://picsum.photos/seed/burberry-17-monogram-wool-coat/600/600
Burberry Limited Edition Tote,burberry,accessories,Ready-to-Wear,unisex,burberry-store,33850,67700,IN STOCK,https://www.burberry.com/p/burberry-18-limited-edition-tote,https://picsum.photos/seed/burberry-18-limited-edition-tote/600/600
Burberry Runway Shoulder Bag,burberry,accessories,Footwear,men,burberry-store,51660,73800,LOW STOCK,https://www.burberry.com/p/burberry-19-runway-shoulder-bag,https://picsum.photos/seed/burberry-19-runway-shoulder-bag/600/600
Burberry Heritage Silk Scarf,burberry,accessories,Accessories,women,burberry-store,66275,120500,IN STOCK,https://www.burberry.com/p/burberry-20-heritage-silk-scarf,https://picsum.photos/seed/burberry-20-heritage-silk-scarf/600/600
Armani Classic Blazer,armani,clothing,Dresses,women,armani-store,12300,24600,IN STOCK,https://www.armani.com/p/armani-1-classic-blazer,https://picsum.photos/seed/armani-1-classic-blazer/600/600
Armani Relaxed Shirt Dress,armani,clothing,Jackets,men,armani-store,119510,140600,IN STOCK,https://www.armani.com/p/armani-2-relaxed-shirt-dress,https://picsum.photos/seed/armani-2-relaxed-shirt-dress/600/600
Armani Slim Fit Denim Jacket,armani,clothing,Jeans,unisex,armani-store,94320,117900,LOW STOCK,https://www.armani.com/p/armani-3-slim-fit-denim-jacket,https://picsum.photos/seed/armani-3-slim-fit-denim-jacket/600/600
Armani Oversized Knit Sweater,armani,clothing,Shirts,women,armani-store,38640,64400,IN STOCK,https://www.armani.com/p/armani-4-oversized-knit-sweater,https://picsum.photos/seed/armani-4-oversized-knit-sweater/600/600
Armani Tailored Trench Coat,armani,clothing,Sweaters,men,armani-store,123675,145500,IN STOCK,https://www.armani.com/p/armani-5-tailored-trench-coat,https://picsum.photos/seed/armani-5-tailored-trench-coat/600/600
Armani Classic Midi Dress,armani,clothing,Dresses,unisex,armani-store,68340,113900,LOW STOCK,https://www.armani.com/p/armani-6-classic-midi-dress,https://picsum.photos/seed/armani-6-classic-midi-dress/600/600
Armani Relaxed Blazer,armani,clothing,Jackets,women,armani-store,50150,59000,IN STOCK,https://www.armani.com/p/armani-7-relaxed-blazer,https://picsum.photos/seed/armani-7-relaxed-blazer/600/600
Armani Slim Fit Shirt Dress,armani,clothing,Jeans,men,armani-store,78480,98100,IN STOCK,https://www.armani.com/p/armani-8-slim-fit-shirt-dress,https://picsum.photos/seed/armani-8-slim-fit-shirt-dress/600/600
Armani Oversized Denim Jacket,armani,clothing,Shirts,unisex,armani-store,40560,50700,IN STOCK,https://www.armani.com/p/armani-9-oversized-denim-jacket,https://picsum.photos/seed/armani-9-oversized-denim-jacket/600/600
Armani Tailored Knit Sweater,armani,clothing,Sweaters,women,armani-store,72700,145400,OUT OF STOCK,https://www.armani.com/p/armani-10-tailored-knit-sweater,https://picsum.photos/seed/armani-10-tailored-knit-sweater/600/600
Armani Classic Trench Coat,armani,clothing,Dresses,men,armani-store,45955,70700,LOW STOCK,https://www.armani.com/p/armani-11-classic-trench-coat,https://picsum.photos/seed/armani-11-classic-trench-coat/600/600
Armani Relaxed Midi Dress,armani,clothing,Jackets,unisex,armani-store,63400,126800,IN STOCK,https://www.armani.com/p/armani-12-relaxed-midi-dress,https://picsum.photos/seed/armani-12-relaxed-midi-dress/600/600
Armani Slim Fit Blazer,armani,clothing,Jeans,women,armani-store,63825,85100,IN STOCK,https://www.armani.com/p/armani-13-slim-fit-blazer,https://picsum.photos/seed/armani-13-slim-fit-blazer/600/600
Armani Oversized Shirt Dress,armani,clothing,Shirts,men,armani-store,92300,142000,LOW STOCK,https://www.armani.com/p/armani-14-oversized-shirt-dress,https://picsum.photos/seed/armani-14-oversized-shirt-dress/600/600
Armani Tailored Denim Jacket,armani,clothing,Sweaters,unisex,armani-store,90975,121300,IN STOCK,https://www.armani.com/p/armani-15-tailored-denim-jacket,https://picsum.photos/seed/armani-15-tailored-denim-jacket/600/600
Armani Classic Knit Sweater,armani,clothing,Dresses,women,armani-store,37800,63000,IN STOCK,https://www.armani.com/p/armani-16-classic-knit-sweater,https://picsum.photos/seed/armani-16-classic-knit-sweater/600/600
Armani Relaxed Trench Coat,armani,clothing,Jackets,men,armani-store,98160,122700,IN STOCK,https://www.armani.com/p/armani-17-relaxed-trench-coat,https://picsum.photos/seed/armani-17-relaxed-trench-coat/600/600
Armani Slim Fit Midi Dress,armani,clothing,Jeans,unisex,armani-store,53475,71300,IN STOCK,https://www.armani.com/p/armani-18-slim-fit-midi-dress,https://picsum.photos/seed/armani-18-slim-fit-midi-dress/600/600
Armani Oversized Blazer,armani,clothing,Shirts,women,armani-store,24225,28500,IN STOCK,https://www.armani.com/p/armani-19-oversized-blazer,https://picsum.photos/seed/armani-19-oversized-blazer/600/600
Armani Tailored Shirt Dress,armani,clothing,Sweaters,men,armani-store,54840,91400,IN STOCK,https://www.armani.com/p/armani-20-tailored-shirt-dress,https://picsum.photos/seed/armani-20-tailored-shirt-dress/600/600
Decathlon Compact Resistance Bands,decathlon,fitness,Fitness Equipment,unisex,decathlon,3600,4500,OUT OF STOCK,https://www.decathlon.com/p/decathlon-1-compact-resistance-bands,https://picsum.photos/seed/decathlon-1-compact-resistance-bands/600/600
Decathlon Adjustable Yoga Mat,decathlon,fitness,Activewear,unisex,decathlon,2560,3200,IN STOCK,https://www.decathlon.com/p/decathlon-2-adjustable-yoga-mat,https://picsum.photos/seed/decathlon-2-adjustable-yoga-mat/600/600
Decathlon Everyday Training Shoes,decathlon,fitness,Footwear,unisex,decathlon,2200,4400,OUT OF STOCK,https://www.decathlon.com/p/decathlon-3-everyday-training-shoes,https://picsum.photos/seed/decathlon-3-everyday-training-shoes/600/600
Decathlon Performance Water Bottle,decathlon,fitness,Fitness Equipment,unisex,decathlon,4500,9000,IN STOCK,https://www.decathlon.com/p/decathlon-4-performance-water-bottle,https://picsum.photos/seed/decathlon-4-performance-water-bottle/600/600
Decathlon Compact Resistance Bands,decathlon,fitness,Activewear,unisex,decathlon,1155,2100,IN STOCK,https://www.decathlon.com/p/decathlon-5-compact-resistance-bands,https://picsum.photos/seed/decathlon-5-compact-resistance-bands/600/600
Decathlon Adjustable Yoga Mat,decathlon,fitness,Footwear,unisex,decathlon,5810,8300,IN STOCK,https://www.decathlon.com/p/decathlon-6-adjustable-yoga-mat,https://picsum.photos/seed/decathlon-6-adjustable-yoga-mat/600/600
Decathlon Everyday Training Shoes,decathlon,fitness,Fitness Equipment,unisex,decathlon,6320,7900,IN STOCK,https://www.decathlon.com/p/decathlon-7-everyday-training-shoes,https://picsum.photos/seed/decathlon-7-everyday-training-shoes/600/600
Decathlon Performance Water Bottle,decathlon,fitness,Activewear,unisex,decathlon,2210,3400,IN STOCK,https://www.decathlon.com/p/decathlon-8-performance-water-bottle,https://picsum.photos/seed/decathlon-8-performance-water-bottle/600/600
Decathlon Compact Resistance Bands,decathlon,fitness,Footwear,unisex,decathlon,1920,3200,IN STOCK,https://www.decathlon.com/p/decathlon-9-compact-resistance-bands,https://picsum.photos/seed/decathlon-9-compact-resistance-bands/600/600
Decathlon Adjustable Yoga Mat,decathlon,fitness,Fitness Equipment,unisex,decathlon,2170,3100,IN STOCK,https://www.decathlon.com/p/decathlon-10-adjustable-yoga-mat,https://picsum.photos/seed/decathlon-10-adjustable-yoga-mat/600/600
Decathlon Everyday Training Shoes,decathlon,fitness,Activewear,unisex,decathlon,1750,2500,IN STOCK,https://www.decathlon.com/p/decathlon-11-everyday-training-shoes,https://picsum.photos/seed/decathlon-11-everyday-training-shoes/600/600
Decathlon Performance Water Bottle,decathlon,fitness,Footwear,unisex,decathlon,2310,3300,IN STOCK,https://www.decathlon.com/p/decathlon-12-performance-water-bottle,https://picsum.photos/seed/decathlon-12-performance-water-bottle/600/600
Decathlon Compact Resistance Bands,decathlon,fitness,Fitness Equipment,unisex,decathlon,2730,4200,OUT OF STOCK,https://www.decathlon.com/p/decathlon-13-compact-resistance-bands,https://picsum.photos/seed/decathlon-13-compact-resistance-bands/600/600
Decathlon Adjustable Yoga Mat,decathlon,fitness,Activewear,unisex,decathlon,3639,5200,IN STOCK,https://www.decathlon.com/p/decathlon-14-adjustable-yoga-mat,https://picsum.photos/seed/decathlon-14-adjustable-yoga-mat/600/600
Decathlon Everyday Training Shoes,decathlon,fitness,Footwear,unisex,decathlon,900,1800,OUT OF STOCK,https://www.decathlon.com/p/decathlon-15-everyday-training-shoes,https://picsum.photos/seed/decathlon-15-everyday-training-shoes/600/600
Decathlon Performance Water Bottle,decathlon,fitness,Fitness Equipment,unisex,decathlon,1530,1800,IN STOCK,https://www.decathlon.com/p/decathlon-16-performance-water-bottle,https://picsum.photos/seed/decathlon-16-performance-water-bottle/600/600
Decathlon Compact Resistance Bands,decathlon,fitness,Activewear,unisex,decathlon,5390,7700,LOW STOCK,https://www.decathlon.com/p/decathlon-17-compact-resistance-bands,https://picsum.photos/seed/decathlon-17-compact-resistance-bands/600/600
Decathlon Adjustable Yoga Mat,decathlon,fitness,Footwear,unisex,decathlon,5100,8500,IN STOCK,https://www.decathlon.com/p/decathlon-18-adjustable-yoga-mat,https://picsum.photos/seed/decathlon-18-adjustable-yoga-mat/600/600
Decathlon Everyday Training Shoes,decathlon,fitness,Fitness Equipment,unisex,decathlon,2380,3400,IN STOCK,https://www.decathlon.com/p/decathlon-19-everyday-training-shoes,https://picsum.photos/seed/decathlon-19-everyday-training-shoes/600/600
Decathlon Performance Water Bottle,decathlon,fitness,Activewear,unisex,decathlon,1819,2600,LOW STOCK,https://www.decathlon.com/p/decathlon-20-performance-water-bottle,https://picsum.photos/seed/decathlon-20-performance-water-bottle/600/600
Expedia Hardshell Suitcase,expedia,travel,Check-In Luggage,unisex,expedia-store,12150,16200,IN STOCK,https://www.expedia.com/p/expedia-1-hardshell-suitcase,https://picsum.photos/seed/expedia-1-hardshell-suitcase/600/600
Expedia Lightweight Spinner Case,expedia,travel,Cabin Luggage,unisex,expedia-store,10625,12500,IN STOCK,https://www.expedia.com/p/expedia-2-lightweight-spinner-case,https://picsum.photos/seed/expedia-2-lightweight-spinner-case/600/600
Expedia Expandable Duffel Bag,expedia,travel,Travel Packages,unisex,expedia-store,14100,23500,IN STOCK,https://www.expedia.com/p/expedia-3-expandable-duffel-bag,https://picsum.photos/seed/expedia-3-expandable-duffel-bag/600/600
Expedia All-Inclusive Getaway Package,expedia,travel,Backpacks,unisex,expedia-store,9660,16100,IN STOCK,https://www.expedia.com/p/expedia-4-all-inclusive-getaway-package,https://picsum.photos/seed/expedia-4-all-inclusive-getaway-package/600/600
Expedia 3-Night Hotel Booking,expedia,travel,Check-In Luggage,unisex,expedia-store,6955,10700,IN STOCK,https://www.expedia.com/p/expedia-5-3-night-hotel-booking,https://picsum.photos/seed/expedia-5-3-night-hotel-booking/600/600
Expedia Hardshell Suitcase,expedia,travel,Cabin Luggage,unisex,expedia-store,9095,10700,LOW STOCK,https://www.expedia.com/p/expedia-6-hardshell-suitcase,https://picsum.photos/seed/expedia-6-hardshell-suitcase/600/600
Expedia Lightweight Spinner Case,expedia,travel,Travel Packages,unisex,expedia-store,10440,17400,IN STOCK,https://www.expedia.com/p/expedia-7-lightweight-spinner-case,https://picsum.photos/seed/expedia-7-lightweight-spinner-case/600/600
Expedia Expandable Duffel Bag,expedia,travel,Backpacks,unisex,expedia-store,11360,14200,IN STOCK,https://www.expedia.com/p/expedia-8-expandable-duffel-bag,https://picsum.photos/seed/expedia-8-expandable-duffel-bag/600/600
Expedia All-Inclusive Getaway Package,expedia,travel,Check-In Luggage,unisex,expedia-store,10100,20200,IN STOCK,https://www.expedia.com/p/expedia-9-all-inclusive-getaway-package,https://picsum.photos/seed/expedia-9-all-inclusive-getaway-package/600/600
Expedia 3-Night Hotel Booking,expedia,travel,Cabin Luggage,unisex,expedia-store,4015,7300,IN STOCK,https://www.expedia.com/p/expedia-10-3-night-hotel-booking,https://picsum.photos/seed/expedia-10-3-night-hotel-booking/600/600
Expedia Hardshell Suitcase,expedia,travel,Travel Packages,unisex,expedia-store,7280,9100,IN STOCK,https://www.expedia.com/p/expedia-11-hardshell-suitcase,https://picsum.photos/seed/expedia-11-hardshell-suitcase/600/600
Expedia Lightweight Spinner Case,expedia,travel,Backpacks,unisex,expedia-store,11050,17000,IN STOCK,https://www.expedia.com/p/expedia-12-lightweight-spinner-case,https://picsum.photos/seed/expedia-12-lightweight-spinner-case/600/600
Expedia Expandable Duffel Bag,expedia,travel,Check-In Luggage,unisex,expedia-store,8645,13300,IN STOCK,https://www.expedia.com/p/expedia-13-expandable-duffel-bag,https://picsum.photos/seed/expedia-13-expandable-duffel-bag/600/600
Expedia All-Inclusive Getaway Package,expedia,travel,Cabin Luggage,unisex,expedia-store,3705,5700,IN STOCK,https://www.expedia.com/p/expedia-14-all-inclusive-getaway-package,https://picsum.photos/seed/expedia-14-all-inclusive-getaway-package/600/600
Expedia 3-Night Hotel Booking,expedia,travel,Travel Packages,unisex,expedia-store,8635,15700,IN STOCK,https://www.expedia.com/p/expedia-15-3-night-hotel-booking,https://picsum.photos/seed/expedia-15-3-night-hotel-booking/600/600
Expedia Hardshell Suitcase,expedia,travel,Backpacks,unisex,expedia-store,11130,15900,IN STOCK,https://www.expedia.com/p/expedia-16-hardshell-suitcase,https://picsum.photos/seed/expedia-16-hardshell-suitcase/600/600
Expedia Lightweight Spinner Case,expedia,travel,Check-In Luggage,unisex,expedia-store,12110,17300,LOW STOCK,https://www.expedia.com/p/expedia-17-lightweight-spinner-case,https://picsum.photos/seed/expedia-17-lightweight-spinner-case/600/600
Expedia Expandable Duffel Bag,expedia,travel,Cabin Luggage,unisex,expedia-store,13650,18200,IN STOCK,https://www.expedia.com/p/expedia-18-expandable-duffel-bag,https://picsum.photos/seed/expedia-18-expandable-duffel-bag/600/600
Expedia All-Inclusive Getaway Package,expedia,travel,Travel Packages,unisex,expedia-store,3850,7000,IN STOCK,https://www.expedia.com/p/expedia-19-all-inclusive-getaway-package,https://picsum.photos/seed/expedia-19-all-inclusive-getaway-package/600/600
Expedia 3-Night Hotel Booking,expedia,travel,Backpacks,unisex,expedia-store,8000,16000,IN STOCK,https://www.expedia.com/p/expedia-20-3-night-hotel-booking,https://picsum.photos/seed/expedia-20-3-night-hotel-booking/600/600
Mango Classic Blazer,mango,clothing,Dresses,women,mango-store,1785,2100,IN STOCK,https://www.mango.com/p/mango-1-classic-blazer,https://picsum.photos/seed/mango-1-classic-blazer/600/600
Mango Relaxed Shirt Dress,mango,clothing,Jackets,men,mango-store,1210,2200,IN STOCK,https://www.mango.com/p/mango-2-relaxed-shirt-dress,https://picsum.photos/seed/mango-2-relaxed-shirt-dress/600/600
Mango Slim Fit Denim Jacket,mango,clothing,Jeans,unisex,mango-store,3660,6100,IN STOCK,https://www.mango.com/p/mango-3-slim-fit-denim-jacket,https://picsum.photos/seed/mango-3-slim-fit-denim-jacket/600/600
Mango Oversized Knit Sweater,mango,clothing,Shirts,women,mango-store,1800,2400,IN STOCK,https://www.mango.com/p/mango-4-oversized-knit-sweater,https://picsum.photos/seed/mango-4-oversized-knit-sweater/600/600
Mango Tailored Trench Coat,mango,clothing,Sweaters,men,mango-store,1725,2300,LOW STOCK,https://www.mango.com/p/mango-5-tailored-trench-coat,https://picsum.photos/seed/mango-5-tailored-trench-coat/600/600
Mango Classic Midi Dress,mango,clothing,Dresses,unisex,mango-store,1045,1900,IN STOCK,https://www.mango.com/p/mango-6-classic-midi-dress,https://picsum.photos/seed/mango-6-classic-midi-dress/600/600
Mango Relaxed Blazer,mango,clothing,Jackets,women,mango-store,5320,7600,IN STOCK,https://www.mango.com/p/mango-7-relaxed-blazer,https://picsum.photos/seed/mango-7-relaxed-blazer/600/600
Mango Slim Fit Shirt Dress,mango,clothing,Jeans,men,mango-store,6715,7900,OUT OF STOCK,https://www.mango.com/p/mango-8-slim-fit-shirt-dress,https://picsum.photos/seed/mango-8-slim-fit-shirt-dress/600/600
Mango Oversized Denim Jacket,mango,clothing,Shirts,unisex,mango-store,3000,5000,IN STOCK,https://www.mango.com/p/mango-9-oversized-denim-jacket,https://picsum.photos/seed/mango-9-oversized-denim-jacket/600/600
Mango Tailored Knit Sweater,mango,clothing,Sweaters,women,mango-store,4730,8600,IN STOCK,https://www.mango.com/p/mango-10-tailored-knit-sweater,https://picsum.photos/seed/mango-10-tailored-knit-sweater/600/600
Mango Classic Trench Coat,mango,clothing,Dresses,men,mango-store,5100,6800,IN STOCK,https://www.mango.com/p/mango-11-classic-trench-coat,https://picsum.photos/seed/mango-11-classic-trench-coat/600/600
Mango Relaxed Midi Dress,mango,clothing,Jackets,unisex,mango-store,5600,8000,IN STOCK,https://www.mango.com/p/mango-12-relaxed-midi-dress,https://picsum.photos/seed/mango-12-relaxed-midi-dress/600/600
Mango Slim Fit Blazer,mango,clothing,Jeans,women,mango-store,4200,6000,LOW STOCK,https://www.mango.com/p/mango-13-slim-fit-blazer,https://picsum.photos/seed/mango-13-slim-fit-blazer/600/600
Mango Oversized Shirt Dress,mango,clothing,Shirts,men,mango-store,1750,2500,IN STOCK,https://www.mango.com/p/mango-14-oversized-shirt-dress,https://picsum.photos/seed/mango-14-oversized-shirt-dress/600/600
Mango Tailored Denim Jacket,mango,clothing,Sweaters,unisex,mango-store,6525,8700,IN STOCK,https://www.mango.com/p/mango-15-tailored-denim-jacket,https://picsum.photos/seed/mango-15-tailored-denim-jacket/600/600
Mango Classic Knit Sweater,mango,clothing,Dresses,women,mango-store,1500,2000,IN STOCK,https://www.mango.com/p/mango-16-classic-knit-sweater,https://picsum.photos/seed/mango-16-classic-knit-sweater/600/600
Mango Relaxed Trench Coat,mango,clothing,Jackets,men,mango-store,4830,6900,IN STOCK,https://www.mango.com/p/mango-17-relaxed-trench-coat,https://picsum.photos/seed/mango-17-relaxed-trench-coat/600/600
Mango Slim Fit Midi Dress,mango,clothing,Jeans,unisex,mango-store,4760,5600,IN STOCK,https://www.mango.com/p/mango-18-slim-fit-midi-dress,https://picsum.photos/seed/mango-18-slim-fit-midi-dress/600/600
Mango Oversized Blazer,mango,clothing,Shirts,women,mango-store,2960,3700,IN STOCK,https://www.mango.com/p/mango-19-oversized-blazer,https://picsum.photos/seed/mango-19-oversized-blazer/600/600
Mango Tailored Shirt Dress,mango,clothing,Sweaters,men,mango-store,3055,4700,IN STOCK,https://www.mango.com/p/mango-20-tailored-shirt-dress,https://picsum.photos/seed/mango-20-tailored-shirt-dress/600/600
Uniqlo Classic Blazer,uniqlo,clothing,Dresses,women,uniqlo-store,1190,1700,IN STOCK,https://www.uniqlo.com/p/uniqlo-1-classic-blazer,https://picsum.photos/seed/uniqlo-1-classic-blazer/600/600
Uniqlo Relaxed Shirt Dress,uniqlo,clothing,Jackets,men,uniqlo-store,1860,3100,IN STOCK,https://www.uniqlo.com/p/uniqlo-2-relaxed-shirt-dress,https://picsum.photos/seed/uniqlo-2-relaxed-shirt-dress/600/600
Uniqlo Slim Fit Denim Jacket,uniqlo,clothing,Jeans,unisex,uniqlo-store,1650,2200,IN STOCK,https://www.uniqlo.com/p/uniqlo-3-slim-fit-denim-jacket,https://picsum.photos/seed/uniqlo-3-slim-fit-denim-jacket/600/600
Uniqlo Oversized Knit Sweater,uniqlo,clothing,Shirts,women,uniqlo-store,1450,2900,IN STOCK,https://www.uniqlo.com/p/uniqlo-4-oversized-knit-sweater,https://picsum.photos/seed/uniqlo-4-oversized-knit-sweater/600/600
Uniqlo Tailored Trench Coat,uniqlo,clothing,Sweaters,men,uniqlo-store,1100,2200,LOW STOCK,https://www.uniqlo.com/p/uniqlo-5-tailored-trench-coat,https://picsum.photos/seed/uniqlo-5-tailored-trench-coat/600/600
Uniqlo Classic Midi Dress,uniqlo,clothing,Dresses,unisex,uniqlo-store,1265,2300,IN STOCK,https://www.uniqlo.com/p/uniqlo-6-classic-midi-dress,https://picsum.photos/seed/uniqlo-6-classic-midi-dress/600/600
Uniqlo Relaxed Blazer,uniqlo,clothing,Jackets,women,uniqlo-store,540,900,IN STOCK,https://www.uniqlo.com/p/uniqlo-7-relaxed-blazer,https://picsum.photos/seed/uniqlo-7-relaxed-blazer/600/600
Uniqlo Slim Fit Shirt Dress,uniqlo,clothing,Jeans,men,uniqlo-store,400,800,IN STOCK,https://www.uniqlo.com/p/uniqlo-8-slim-fit-shirt-dress,https://picsum.photos/seed/uniqlo-8-slim-fit-shirt-dress/600/600
Uniqlo Oversized Denim Jacket,uniqlo,clothing,Shirts,unisex,uniqlo-store,2635,3100,IN STOCK,https://www.uniqlo.com/p/uniqlo-9-oversized-denim-jacket,https://picsum.photos/seed/uniqlo-9-oversized-denim-jacket/600/600
Uniqlo Tailored Knit Sweater,uniqlo,clothing,Sweaters,women,uniqlo-store,720,900,LOW STOCK,https://www.uniqlo.com/p/uniqlo-10-tailored-knit-sweater,https://picsum.photos/seed/uniqlo-10-tailored-knit-sweater/600/600
Uniqlo Classic Trench Coat,uniqlo,clothing,Dresses,men,uniqlo-store,1360,1700,IN STOCK,https://www.uniqlo.com/p/uniqlo-11-classic-trench-coat,https://picsum.photos/seed/uniqlo-11-classic-trench-coat/600/600
Uniqlo Relaxed Midi Dress,uniqlo,clothing,Jackets,unisex,uniqlo-store,1375,2500,IN STOCK,https://www.uniqlo.com/p/uniqlo-12-relaxed-midi-dress,https://picsum.photos/seed/uniqlo-12-relaxed-midi-dress/600/600
Uniqlo Slim Fit Blazer,uniqlo,clothing,Jeans,women,uniqlo-store,850,1000,LOW STOCK,https://www.uniqlo.com/p/uniqlo-13-slim-fit-blazer,https://picsum.photos/seed/uniqlo-13-slim-fit-blazer/600/600
Uniqlo Oversized Shirt Dress,uniqlo,clothing,Shirts,men,uniqlo-store,2320,2900,IN STOCK,https://www.uniqlo.com/p/uniqlo-14-oversized-shirt-dress,https://picsum.photos/seed/uniqlo-14-oversized-shirt-dress/600/600
Uniqlo Tailored Denim Jacket,uniqlo,clothing,Sweaters,unisex,uniqlo-store,1560,2400,OUT OF STOCK,https://www.uniqlo.com/p/uniqlo-15-tailored-denim-jacket,https://picsum.photos/seed/uniqlo-15-tailored-denim-jacket/600/600
Uniqlo Classic Knit Sweater,uniqlo,clothing,Dresses,women,uniqlo-store,770,1100,IN STOCK,https://www.uniqlo.com/p/uniqlo-16-classic-knit-sweater,https://picsum.photos/seed/uniqlo-16-classic-knit-sweater/600/600
Uniqlo Relaxed Trench Coat,uniqlo,clothing,Jackets,men,uniqlo-store,1170,1800,IN STOCK,https://www.uniqlo.com/p/uniqlo-17-relaxed-trench-coat,https://picsum.photos/seed/uniqlo-17-relaxed-trench-coat/600/600
Uniqlo Slim Fit Midi Dress,uniqlo,clothing,Jeans,unisex,uniqlo-store,1885,2900,LOW STOCK,https://www.uniqlo.com/p/uniqlo-18-slim-fit-midi-dress,https://picsum.photos/seed/uniqlo-18-slim-fit-midi-dress/600/600
Uniqlo Oversized Blazer,uniqlo,clothing,Shirts,women,uniqlo-store,1725,2300,IN STOCK,https://www.uniqlo.com/p/uniqlo-19-oversized-blazer,https://picsum.photos/seed/uniqlo-19-oversized-blazer/600/600
Uniqlo Tailored Shirt Dress,uniqlo,clothing,Sweaters,men,uniqlo-store,1680,2400,IN STOCK,https://www.uniqlo.com/p/uniqlo-20-tailored-shirt-dress,https://picsum.photos/seed/uniqlo-20-tailored-shirt-dress/600/600
Columbia Seamless Leggings,columbia,mens-sportswear,Activewear,men,columbia-store,4200,6000,IN STOCK,https://www.columbia.com/p/columbia-1-seamless-leggings,https://picsum.photos/seed/columbia-1-seamless-leggings/600/600
Columbia Performance Joggers,columbia,mens-sportswear,Leggings,women,columbia-store,909,1300,IN STOCK,https://www.columbia.com/p/columbia-2-performance-joggers,https://picsum.photos/seed/columbia-2-performance-joggers/600/600
Columbia Lightweight Training Tee,columbia,mens-sportswear,Training Tops,unisex,columbia-store,1495,2300,IN STOCK,https://www.columbia.com/p/columbia-3-lightweight-training-tee,https://picsum.photos/seed/columbia-3-lightweight-training-tee/600/600
Columbia Breathable Sports Bra,columbia,mens-sportswear,Joggers,men,columbia-store,4565,8300,IN STOCK,https://www.columbia.com/p/columbia-4-breathable-sports-bra,https://picsum.photos/seed/columbia-4-breathable-sports-bra/600/600
Columbia Seamless Track Jacket,columbia,mens-sportswear,Sports Bras,women,columbia-store,4810,7400,IN STOCK,https://www.columbia.com/p/columbia-5-seamless-track-jacket,https://picsum.photos/seed/columbia-5-seamless-track-jacket/600/600
Columbia Performance Leggings,columbia,mens-sportswear,Activewear,unisex,columbia-store,4505,5300,IN STOCK,https://www.columbia.com/p/columbia-6-performance-leggings,https://picsum.photos/seed/columbia-6-performance-leggings/600/600
Columbia Lightweight Joggers,columbia,mens-sportswear,Leggings,men,columbia-store,1950,3900,IN STOCK,https://www.columbia.com/p/columbia-7-lightweight-joggers,https://picsum.photos/seed/columbia-7-lightweight-joggers/600/600
Columbia Breathable Training Tee,columbia,mens-sportswear,Training Tops,women,columbia-store,4640,5800,IN STOCK,https://www.columbia.com/p/columbia-8-breathable-training-tee,https://picsum.photos/seed/columbia-8-breathable-training-tee/600/600
Columbia Seamless Sports Bra,columbia,mens-sportswear,Joggers,unisex,columbia-store,2970,5400,IN STOCK,https://www.columbia.com/p/columbia-9-seamless-sports-bra,https://picsum.photos/seed/columbia-9-seamless-sports-bra/600/600
Columbia Performance Track Jacket,columbia,mens-sportswear,Sports Bras,men,columbia-store,2600,4000,IN STOCK,https://www.columbia.com/p/columbia-10-performance-track-jacket,https://picsum.photos/seed/columbia-10-performance-track-jacket/600/600
Columbia Lightweight Leggings,columbia,mens-sportswear,Activewear,women,columbia-store,3000,4000,IN STOCK,https://www.columbia.com/p/columbia-11-lightweight-leggings,https://picsum.photos/seed/columbia-11-lightweight-leggings/600/600
Columbia Breathable Joggers,columbia,mens-sportswear,Leggings,unisex,columbia-store,5840,7300,IN STOCK,https://www.columbia.com/p/columbia-12-breathable-joggers,https://picsum.photos/seed/columbia-12-breathable-joggers/600/600
Columbia Seamless Training Tee,columbia,mens-sportswear,Training Tops,men,columbia-store,2040,2400,IN STOCK,https://www.columbia.com/p/columbia-13-seamless-training-tee,https://picsum.photos/seed/columbia-13-seamless-training-tee/600/600
Columbia Performance Sports Bra,columbia,mens-sportswear,Joggers,women,columbia-store,3380,5200,IN STOCK,https://www.columbia.com/p/columbia-14-performance-sports-bra,https://picsum.photos/seed/columbia-14-performance-sports-bra/600/600
Columbia Lightweight Track Jacket,columbia,mens-sportswear,Sports Bras,unisex,columbia-store,5340,8900,IN STOCK,https://www.columbia.com/p/columbia-15-lightweight-track-jacket,https://picsum.photos/seed/columbia-15-lightweight-track-jacket/600/600
Columbia Breathable Leggings,columbia,mens-sportswear,Activewear,men,columbia-store,6035,7100,IN STOCK,https://www.columbia.com/p/columbia-16-breathable-leggings,https://picsum.photos/seed/columbia-16-breathable-leggings/600/600
Columbia Seamless Joggers,columbia,mens-sportswear,Leggings,women,columbia-store,1870,3400,IN STOCK,https://www.columbia.com/p/columbia-17-seamless-joggers,https://picsum.photos/seed/columbia-17-seamless-joggers/600/600
Columbia Performance Training Tee,columbia,mens-sportswear,Training Tops,unisex,columbia-store,3400,4000,IN STOCK,https://www.columbia.com/p/columbia-18-performance-training-tee,https://picsum.photos/seed/columbia-18-performance-training-tee/600/600
Columbia Lightweight Sports Bra,columbia,mens-sportswear,Joggers,men,columbia-store,2465,2900,IN STOCK,https://www.columbia.com/p/columbia-19-lightweight-sports-bra,https://picsum.photos/seed/columbia-19-lightweight-sports-bra/600/600
Columbia Breathable Track Jacket,columbia,mens-sportswear,Sports Bras,women,columbia-store,600,1000,IN STOCK,https://www.columbia.com/p/columbia-20-breathable-track-jacket,https://picsum.photos/seed/columbia-20-breathable-track-jacket/600/600
Gucci Signature Shoulder Bag,gucci,accessories,Handbags,men,gucci-store,53160,88600,IN STOCK,https://www.gucci.com/p/gucci-1-signature-shoulder-bag,https://picsum.photos/seed/gucci-1-signature-shoulder-bag/600/600
Gucci Monogram Silk Scarf,gucci,accessories,Ready-to-Wear,women,gucci-store,48230,74200,IN STOCK,https://www.gucci.com/p/gucci-2-monogram-silk-scarf,https://picsum.photos/seed/gucci-2-monogram-silk-scarf/600/600
Gucci Limited Edition Leather Loafers,gucci,accessories,Footwear,unisex,gucci-store,28080,46800,IN STOCK,https://www.gucci.com/p/gucci-3-limited-edition-leather-loafers,https://picsum.photos/seed/gucci-3-limited-edition-leather-loafers/600/600
Gucci Runway Sunglasses,gucci,accessories,Accessories,men,gucci-store,61650,82200,IN STOCK,https://www.gucci.com/p/gucci-4-runway-sunglasses,https://picsum.photos/seed/gucci-4-runway-sunglasses/600/600
Gucci Heritage Wool Coat,gucci,accessories,Handbags,women,gucci-store,99960,142800,IN STOCK,https://www.gucci.com/p/gucci-5-heritage-wool-coat,https://picsum.photos/seed/gucci-5-heritage-wool-coat/600/600
Gucci Signature Tote,gucci,accessories,Ready-to-Wear,unisex,gucci-store,63280,79100,IN STOCK,https://www.gucci.com/p/gucci-6-signature-tote,https://picsum.photos/seed/gucci-6-signature-tote/600/600
Gucci Monogram Shoulder Bag,gucci,accessories,Footwear,men,gucci-store,25350,39000,IN STOCK,https://www.gucci.com/p/gucci-7-monogram-shoulder-bag,https://picsum.photos/seed/gucci-7-monogram-shoulder-bag/600/600
Gucci Limited Edition Silk Scarf,gucci,accessories,Accessories,women,gucci-store,46410,54600,IN STOCK,https://www.gucci.com/p/gucci-8-limited-edition-silk-scarf,https://picsum.photos/seed/gucci-8-limited-edition-silk-scarf/600/600
Gucci Runway Leather Loafers,gucci,accessories,Handbags,unisex,gucci-store,76560,127600,IN STOCK,https://www.gucci.com/p/gucci-9-runway-leather-loafers,https://picsum.photos/seed/gucci-9-runway-leather-loafers/600/600
Gucci Heritage Sunglasses,gucci,accessories,Ready-to-Wear,men,gucci-store,47900,95800,IN STOCK,https://www.gucci.com/p/gucci-10-heritage-sunglasses,https://picsum.photos/seed/gucci-10-heritage-sunglasses/600/600
Gucci Signature Wool Coat,gucci,accessories,Footwear,women,gucci-store,43900,87800,IN STOCK,https://www.gucci.com/p/gucci-11-signature-wool-coat,https://picsum.photos/seed/gucci-11-signature-wool-coat/600/600
Gucci Monogram Tote,gucci,accessories,Accessories,unisex,gucci-store,117640,138400,IN STOCK,https://www.gucci.com/p/gucci-12-monogram-tote,https://picsum.photos/seed/gucci-12-monogram-tote/600/600
Gucci Limited Edition Shoulder Bag,gucci,accessories,Handbags,men,gucci-store,76245,89700,IN STOCK,https://www.gucci.com/p/gucci-13-limited-edition-shoulder-bag,https://picsum.photos/seed/gucci-13-limited-edition-shoulder-bag/600/600
Gucci Runway Silk Scarf,gucci,accessories,Ready-to-Wear,women,gucci-store,38400,51200,IN STOCK,https://www.gucci.com/p/gucci-14-runway-silk-scarf,https://picsum.photos/seed/gucci-14-runway-silk-scarf/600/600
Gucci Heritage Leather Loafers,gucci,accessories,Footwear,unisex,gucci-store,97680,122100,IN STOCK,https://www.gucci.com/p/gucci-15-heritage-leather-loafers,https://picsum.photos/seed/gucci-15-heritage-leather-loafers/600/600
Gucci Signature Sunglasses,gucci,accessories,Accessories,men,gucci-store,64539,92200,IN STOCK,https://www.gucci.com/p/gucci-16-signature-sunglasses,https://picsum.photos/seed/gucci-16-signature-sunglasses/600/600
Gucci Monogram Wool Coat,gucci,accessories,Handbags,women,gucci-store,25410,46200,LOW STOCK,https://www.gucci.com/p/gucci-17-monogram-wool-coat,https://picsum.photos/seed/gucci-17-monogram-wool-coat/600/600
Gucci Limited Edition Tote,gucci,accessories,Ready-to-Wear,unisex,gucci-store,27885,42900,IN STOCK,https://www.gucci.com/p/gucci-18-limited-edition-tote,https://picsum.photos/seed/gucci-18-limited-edition-tote/600/600
Gucci Runway Shoulder Bag,gucci,accessories,Footwear,men,gucci-store,86700,102000,OUT OF STOCK,https://www.gucci.com/p/gucci-19-runway-shoulder-bag,https://picsum.photos/seed/gucci-19-runway-shoulder-bag/600/600
Gucci Heritage Silk Scarf,gucci,accessories,Accessories,women,gucci-store,57450,114900,IN STOCK,https://www.gucci.com/p/gucci-20-heritage-silk-scarf,https://picsum.photos/seed/gucci-20-heritage-silk-scarf/600/600
Asos Classic Blazer,asos,clothing,Dresses,women,asos-store,605,1100,LOW STOCK,https://www.asos.com/p/asos-1-classic-blazer,https://picsum.photos/seed/asos-1-classic-blazer/600/600
Asos Relaxed Shirt Dress,asos,clothing,Jackets,men,asos-store,3550,7100,IN STOCK,https://www.asos.com/p/asos-2-relaxed-shirt-dress,https://picsum.photos/seed/asos-2-relaxed-shirt-dress/600/600
Asos Slim Fit Denim Jacket,asos,clothing,Jeans,unisex,asos-store,3200,6400,IN STOCK,https://www.asos.com/p/asos-3-slim-fit-denim-jacket,https://picsum.photos/seed/asos-3-slim-fit-denim-jacket/600/600
Asos Oversized Knit Sweater,asos,clothing,Shirts,women,asos-store,1235,1900,IN STOCK,https://www.asos.com/p/asos-4-oversized-knit-sweater,https://picsum.photos/seed/asos-4-oversized-knit-sweater/600/600
Asos Tailored Trench Coat,asos,clothing,Sweaters,men,asos-store,1040,1300,IN STOCK,https://www.asos.com/p/asos-5-tailored-trench-coat,https://picsum.photos/seed/asos-5-tailored-trench-coat/600/600
Asos Classic Midi Dress,asos,clothing,Dresses,unisex,asos-store,4615,7100,IN STOCK,https://www.asos.com/p/asos-6-classic-midi-dress,https://picsum.photos/seed/asos-6-classic-midi-dress/600/600
Asos Relaxed Blazer,asos,clothing,Jackets,women,asos-store,1760,3200,IN STOCK,https://www.asos.com/p/asos-7-relaxed-blazer,https://picsum.photos/seed/asos-7-relaxed-blazer/600/600
Asos Slim Fit Shirt Dress,asos,clothing,Jeans,men,asos-store,5525,8500,IN STOCK,https://www.asos.com/p/asos-8-slim-fit-shirt-dress,https://picsum.photos/seed/asos-8-slim-fit-shirt-dress/600/600
Asos Oversized Denim Jacket,asos,clothing,Shirts,unisex,asos-store,6020,8600,IN STOCK,https://www.asos.com/p/asos-9-oversized-denim-jacket,https://picsum.photos/seed/asos-9-oversized-denim-jacket/600/600
Asos Tailored Knit Sweater,asos,clothing,Sweaters,women,asos-store,4420,5200,IN STOCK,https://www.asos.com/p/asos-10-tailored-knit-sweater,https://picsum.photos/seed/asos-10-tailored-knit-sweater/600/600
Asos Classic Trench Coat,asos,clothing,Dresses,men,asos-store,5880,8400,LOW STOCK,https://www.asos.com/p/asos-11-classic-trench-coat,https://picsum.photos/seed/asos-11-classic-trench-coat/600/600
Asos Relaxed Midi Dress,asos,clothing,Jackets,unisex,asos-store,2025,2700,IN STOCK,https://www.asos.com/p/asos-12-relaxed-midi-dress,https://picsum.photos/seed/asos-12-relaxed-midi-dress/600/600
Asos Slim Fit Blazer,asos,clothing,Jeans,women,asos-store,2590,3700,LOW STOCK,https://www.asos.com/p/asos-13-slim-fit-blazer,https://picsum.photos/seed/asos-13-slim-fit-blazer/600/600
Asos Oversized Shirt Dress,asos,clothing,Shirts,men,asos-store,2590,3700,IN STOCK,https://www.asos.com/p/asos-14-oversized-shirt-dress,https://picsum.photos/seed/asos-14-oversized-shirt-dress/600/600
Asos Tailored Denim Jacket,asos,clothing,Sweaters,unisex,asos-store,4000,8000,IN STOCK,https://www.asos.com/p/asos-15-tailored-denim-jacket,https://picsum.photos/seed/asos-15-tailored-denim-jacket/600/600
Asos Classic Knit Sweater,asos,clothing,Dresses,women,asos-store,4505,5300,LOW STOCK,https://www.asos.com/p/asos-16-classic-knit-sweater,https://picsum.photos/seed/asos-16-classic-knit-sweater/600/600
Asos Relaxed Trench Coat,asos,clothing,Jackets,men,asos-store,3220,4600,IN STOCK,https://www.asos.com/p/asos-17-relaxed-trench-coat,https://picsum.photos/seed/asos-17-relaxed-trench-coat/600/600
Asos Slim Fit Midi Dress,asos,clothing,Jeans,unisex,asos-store,2450,3500,IN STOCK,https://www.asos.com/p/asos-18-slim-fit-midi-dress,https://picsum.photos/seed/asos-18-slim-fit-midi-dress/600/600
Asos Oversized Blazer,asos,clothing,Shirts,women,asos-store,4640,5800,IN STOCK,https://www.asos.com/p/asos-19-oversized-blazer,https://picsum.photos/seed/asos-19-oversized-blazer/600/600
Asos Tailored Shirt Dress,asos,clothing,Sweaters,men,asos-store,1800,2400,IN STOCK,https://www.asos.com/p/asos-20-tailored-shirt-dress,https://picsum.photos/seed/asos-20-tailored-shirt-dress/600/600
Shein Classic Blazer,shein,clothing,Dresses,women,shein-store,720,900,IN STOCK,https://www.shein.com/p/shein-1-classic-blazer,https://picsum.photos/seed/shein-1-classic-blazer/600/600
Shein Relaxed Shirt Dress,shein,clothing,Jackets,men,shein-store,660,1100,OUT OF STOCK,https://www.shein.com/p/shein-2-relaxed-shirt-dress,https://picsum.photos/seed/shein-2-relaxed-shirt-dress/600/600
Shein Slim Fit Denim Jacket,shein,clothing,Jeans,unisex,shein-store,2805,3300,IN STOCK,https://www.shein.com/p/shein-3-slim-fit-denim-jacket,https://picsum.photos/seed/shein-3-slim-fit-denim-jacket/600/600
Shein Oversized Knit Sweater,shein,clothing,Shirts,women,shein-store,850,1000,IN STOCK,https://www.shein.com/p/shein-4-oversized-knit-sweater,https://picsum.photos/seed/shein-4-oversized-knit-sweater/600/600
Shein Tailored Trench Coat,shein,clothing,Sweaters,men,shein-store,2890,3400,IN STOCK,https://www.shein.com/p/shein-5-tailored-trench-coat,https://picsum.photos/seed/shein-5-tailored-trench-coat/600/600
Shein Classic Midi Dress,shein,clothing,Dresses,unisex,shein-store,1680,2800,IN STOCK,https://www.shein.com/p/shein-6-classic-midi-dress,https://picsum.photos/seed/shein-6-classic-midi-dress/600/600
Shein Relaxed Blazer,shein,clothing,Jackets,women,shein-store,2080,2600,LOW STOCK,https://www.shein.com/p/shein-7-relaxed-blazer,https://picsum.photos/seed/shein-7-relaxed-blazer/600/600
Shein Slim Fit Shirt Dress,shein,clothing,Jeans,men,shein-store,1925,3500,IN STOCK,https://www.shein.com/p/shein-8-slim-fit-shirt-dress,https://picsum.photos/seed/shein-8-slim-fit-shirt-dress/600/600
Shein Oversized Denim Jacket,shein,clothing,Shirts,unisex,shein-store,840,1200,IN STOCK,https://www.shein.com/p/shein-9-oversized-denim-jacket,https://picsum.photos/seed/shein-9-oversized-denim-jacket/600/600
Shein Tailored Knit Sweater,shein,clothing,Sweaters,women,shein-store,400,500,LOW STOCK,https://www.shein.com/p/shein-10-tailored-knit-sweater,https://picsum.photos/seed/shein-10-tailored-knit-sweater/600/600
Shein Classic Trench Coat,shein,clothing,Dresses,men,shein-store,1950,3000,IN STOCK,https://www.shein.com/p/shein-11-classic-trench-coat,https://picsum.photos/seed/shein-11-classic-trench-coat/600/600
Shein Relaxed Midi Dress,shein,clothing,Jackets,unisex,shein-store,720,900,IN STOCK,https://www.shein.com/p/shein-12-relaxed-midi-dress,https://picsum.photos/seed/shein-12-relaxed-midi-dress/600/600
Shein Slim Fit Blazer,shein,clothing,Jeans,women,shein-store,2100,3000,IN STOCK,https://www.shein.com/p/shein-13-slim-fit-blazer,https://picsum.photos/seed/shein-13-slim-fit-blazer/600/600
Shein Oversized Shirt Dress,shein,clothing,Shirts,men,shein-store,990,1800,IN STOCK,https://www.shein.com/p/shein-14-oversized-shirt-dress,https://picsum.photos/seed/shein-14-oversized-shirt-dress/600/600
Shein Tailored Denim Jacket,shein,clothing,Sweaters,unisex,shein-store,1170,1800,LOW STOCK,https://www.shein.com/p/shein-15-tailored-denim-jacket,https://picsum.photos/seed/shein-15-tailored-denim-jacket/600/600
Shein Classic Knit Sweater,shein,clothing,Dresses,women,shein-store,360,600,LOW STOCK,https://www.shein.com/p/shein-16-classic-knit-sweater,https://picsum.photos/seed/shein-16-classic-knit-sweater/600/600
Shein Relaxed Trench Coat,shein,clothing,Jackets,men,shein-store,1450,2900,LOW STOCK,https://www.shein.com/p/shein-17-relaxed-trench-coat,https://picsum.photos/seed/shein-17-relaxed-trench-coat/600/600
Shein Slim Fit Midi Dress,shein,clothing,Jeans,unisex,shein-store,2465,2900,IN STOCK,https://www.shein.com/p/shein-18-slim-fit-midi-dress,https://picsum.photos/seed/shein-18-slim-fit-midi-dress/600/600
Shein Oversized Blazer,shein,clothing,Shirts,women,shein-store,275,500,IN STOCK,https://www.shein.com/p/shein-19-oversized-blazer,https://picsum.photos/seed/shein-19-oversized-blazer/600/600
Shein Tailored Shirt Dress,shein,clothing,Sweaters,men,shein-store,480,800,IN STOCK,https://www.shein.com/p/shein-20-tailored-shirt-dress,https://picsum.photos/seed/shein-20-tailored-shirt-dress/600/600
Boohooman Slim Fit Denim Jeans,boohooman,mens-clothing,Shirts,men,boohooman-store,420,600,IN STOCK,https://www.boohooman.com/p/boohooman-1-slim-fit-denim-jeans,https://picsum.photos/seed/boohooman-1-slim-fit-denim-jeans/600/600
Boohooman Classic Oxford Shirt,boohooman,mens-clothing,Jeans,men,boohooman-store,520,800,IN STOCK,https://www.boohooman.com/p/boohooman-2-classic-oxford-shirt,https://picsum.photos/seed/boohooman-2-classic-oxford-shirt/600/600
Boohooman Relaxed Chino Trousers,boohooman,mens-clothing,Jackets,men,boohooman-store,280,400,IN STOCK,https://www.boohooman.com/p/boohooman-3-relaxed-chino-trousers,https://picsum.photos/seed/boohooman-3-relaxed-chino-trousers/600/600
Boohooman Tailored Bomber Jacket,boohooman,mens-clothing,Chinos,men,boohooman-store,2975,3500,IN STOCK,https://www.boohooman.com/p/boohooman-4-tailored-bomber-jacket,https://picsum.photos/seed/boohooman-4-tailored-bomber-jacket/600/600
Boohooman Slim Fit Denim Jeans,boohooman,mens-clothing,Shirts,men,boohooman-store,1920,2400,IN STOCK,https://www.boohooman.com/p/boohooman-5-slim-fit-denim-jeans,https://picsum.photos/seed/boohooman-5-slim-fit-denim-jeans/600/600
Boohooman Classic Oxford Shirt,boohooman,mens-clothing,Jeans,men,boohooman-store,600,1200,IN STOCK,https://www.boohooman.com/p/boohooman-6-classic-oxford-shirt,https://picsum.photos/seed/boohooman-6-classic-oxford-shirt/600/600
Boohooman Relaxed Chino Trousers,boohooman,mens-clothing,Jackets,men,boohooman-store,1625,2500,IN STOCK,https://www.boohooman.com/p/boohooman-7-relaxed-chino-trousers,https://picsum.photos/seed/boohooman-7-relaxed-chino-trousers/600/600
Boohooman Tailored Bomber Jacket,boohooman,mens-clothing,Chinos,men,boohooman-store,650,1000,LOW STOCK,https://www.boohooman.com/p/boohooman-8-tailored-bomber-jacket,https://picsum.photos/seed/boohooman-8-tailored-bomber-jacket/600/600
Boohooman Slim Fit Denim Jeans,boohooman,mens-clothing,Shirts,men,boohooman-store,2310,3300,IN STOCK,https://www.boohooman.com/p/boohooman-9-slim-fit-denim-jeans,https://picsum.photos/seed/boohooman-9-slim-fit-denim-jeans/600/600
Boohooman Classic Oxford Shirt,boohooman,mens-clothing,Jeans,men,boohooman-store,640,800,IN STOCK,https://www.boohooman.com/p/boohooman-10-classic-oxford-shirt,https://picsum.photos/seed/boohooman-10-classic-oxford-shirt/600/600
Boohooman Relaxed Chino Trousers,boohooman,mens-clothing,Jackets,men,boohooman-store,2640,3300,IN STOCK,https://www.boohooman.com/p/boohooman-11-relaxed-chino-trousers,https://picsum.photos/seed/boohooman-11-relaxed-chino-trousers/600/600
Boohooman Tailored Bomber Jacket,boohooman,mens-clothing,Chinos,men,boohooman-store,1520,1900,IN STOCK,https://www.boohooman.com/p/boohooman-12-tailored-bomber-jacket,https://picsum.photos/seed/boohooman-12-tailored-bomber-jacket/600/600
Boohooman Slim Fit Denim Jeans,boohooman,mens-clothing,Shirts,men,boohooman-store,1600,2000,IN STOCK,https://www.boohooman.com/p/boohooman-13-slim-fit-denim-jeans,https://picsum.photos/seed/boohooman-13-slim-fit-denim-jeans/600/600
Boohooman Classic Oxford Shirt,boohooman,mens-clothing,Jeans,men,boohooman-store,2550,3000,IN STOCK,https://www.boohooman.com/p/boohooman-14-classic-oxford-shirt,https://picsum.photos/seed/boohooman-14-classic-oxford-shirt/600/600
Boohooman Relaxed Chino Trousers,boohooman,mens-clothing,Jackets,men,boohooman-store,1040,1600,IN STOCK,https://www.boohooman.com/p/boohooman-15-relaxed-chino-trousers,https://picsum.photos/seed/boohooman-15-relaxed-chino-trousers/600/600
Boohooman Tailored Bomber Jacket,boohooman,mens-clothing,Chinos,men,boohooman-store,1950,2600,IN STOCK,https://www.boohooman.com/p/boohooman-16-tailored-bomber-jacket,https://picsum.photos/seed/boohooman-16-tailored-bomber-jacket/600/600
Boohooman Slim Fit Denim Jeans,boohooman,mens-clothing,Shirts,men,boohooman-store,2100,3000,LOW STOCK,https://www.boohooman.com/p/boohooman-17-slim-fit-denim-jeans,https://picsum.photos/seed/boohooman-17-slim-fit-denim-jeans/600/600
Boohooman Classic Oxford Shirt,boohooman,mens-clothing,Jeans,men,boohooman-store,765,900,IN STOCK,https://www.boohooman.com/p/boohooman-18-classic-oxford-shirt,https://picsum.photos/seed/boohooman-18-classic-oxford-shirt/600/600
Boohooman Relaxed Chino Trousers,boohooman,mens-clothing,Jackets,men,boohooman-store,1275,1700,LOW STOCK,https://www.boohooman.com/p/boohooman-19-relaxed-chino-trousers,https://picsum.photos/seed/boohooman-19-relaxed-chino-trousers/600/600
Boohooman Tailored Bomber Jacket,boohooman,mens-clothing,Chinos,men,boohooman-store,1320,2200,IN STOCK,https://www.boohooman.com/p/boohooman-20-tailored-bomber-jacket,https://picsum.photos/seed/boohooman-20-tailored-bomber-jacket/600/600
Prettylittlething Classic Blazer,prettylittlething,clothing,Dresses,women,prettylittlething-store,1430,2200,IN STOCK,https://www.prettylittlething.com/p/prettylittlething-1-classic-blazer,https://picsum.photos/seed/prettylittlething-1-classic-blazer/600/600
Prettylittlething Relaxed Shirt Dress,prettylittlething,clothing,Jackets,men,prettylittlething-store,540,900,IN STOCK,https://www.prettylittlething.com/p/prettylittlething-2-relaxed-shirt-dress,https://picsum.photos/seed/prettylittlething-2-relaxed-shirt-dress/600/600
Prettylittlething Slim Fit Denim Jacket,prettylittlething,clothing,Jeans,unisex,prettylittlething-store,2310,3300,IN STOCK,https://www.prettylittlething.com/p/prettylittlething-3-slim-fit-denim-jacket,https://picsum.photos/seed/prettylittlething-3-slim-fit-denim-jacket/600/600
Prettylittlething Oversized Knit Sweater,prettylittlething,clothing,Shirts,women,prettylittlething-store,975,1500,IN STOCK,https://www.prettylittlething.com/p/prettylittlething-4-oversized-knit-sweater,https://picsum.photos/seed/prettylittlething-4-oversized-knit-sweater/600/600
Prettylittlething Tailored Trench Coat,prettylittlething,clothing,Sweaters,men,prettylittlething-store,2175,2900,IN STOCK,https://www.prettylittlething.com/p/prettylittlething-5-tailored-trench-coat,https://picsum.photos/seed/prettylittlething-5-tailored-trench-coat/600/600
Prettylittlething Classic Midi Dress,prettylittlething,clothing,Dresses,unisex,prettylittlething-store,840,1400,IN STOCK,https://www.prettylittlething.com/p/prettylittlething-6-classic-midi-dress,https://picsum.photos/seed/prettylittlething-6-classic-midi-dress/600/600
Prettylittlething Relaxed Blazer,prettylittlething,clothing,Jackets,women,prettylittlething-store,1350,1800,IN STOCK,https://www.prettylittlething.com/p/prettylittlething-7-relaxed-blazer,https://picsum.photos/seed/prettylittlething-7-relaxed-blazer/600/600
Prettylittlething Slim Fit Shirt Dress,prettylittlething,clothing,Jeans,men,prettylittlething-store,780,1200,OUT OF STOCK,https://www.prettylittlething.com/p/prettylittlething-8-slim-fit-shirt-dress,https://picsum.photos/seed/prettylittlething-8-slim-fit-shirt-dress/600/600
Prettylittlething Oversized Denim Jacket,prettylittlething,clothing,Shirts,unisex,prettylittlething-store,2720,3400,IN STOCK,https://www.prettylittlething.com/p/prettylittlething-9-oversized-denim-jacket,https://picsum.photos/seed/prettylittlething-9-oversized-denim-jacket/600/600
Prettylittlething Tailored Knit Sweater,prettylittlething,clothing,Sweaters,women,prettylittlething-store,2480,3100,IN STOCK,https://www.prettylittlething.com/p/prettylittlething-10-tailored-knit-sweater,https://picsum.photos/seed/prettylittlething-10-tailored-knit-sweater/600/600
Prettylittlething Classic Trench Coat,prettylittlething,clothing,Dresses,men,prettylittlething-store,750,1000,IN STOCK,https://www.prettylittlething.com/p/prettylittlething-11-classic-trench-coat,https://picsum.photos/seed/prettylittlething-11-classic-trench-coat/600/600
Prettylittlething Relaxed Midi Dress,prettylittlething,clothing,Jackets,unisex,prettylittlething-store,2210,3400,IN STOCK,https://www.prettylittlething.com/p/prettylittlething-12-relaxed-midi-dress,https://picsum.photos/seed/prettylittlething-12-relaxed-midi-dress/600/600
Prettylittlething Slim Fit Blazer,prettylittlething,clothing,Jeans,women,prettylittlething-store,960,1200,IN STOCK,https://www.prettylittlething.com/p/prettylittlething-13-slim-fit-blazer,https://picsum.photos/seed/prettylittlething-13-slim-fit-blazer/600/600
Prettylittlething Oversized Shirt Dress,prettylittlething,clothing,Shirts,men,prettylittlething-store,520,800,IN STOCK,https://www.prettylittlething.com/p/prettylittlething-14-oversized-shirt-dress,https://picsum.photos/seed/prettylittlething-14-oversized-shirt-dress/600/600
Prettylittlething Tailored Denim Jacket,prettylittlething,clothing,Sweaters,unisex,prettylittlething-store,1000,2000,IN STOCK,https://www.prettylittlething.com/p/prettylittlething-15-tailored-denim-jacket,https://picsum.photos/seed/prettylittlething-15-tailored-denim-jacket/600/600
Prettylittlething Classic Knit Sweater,prettylittlething,clothing,Dresses,women,prettylittlething-store,1100,2000,IN STOCK,https://www.prettylittlething.com/p/prettylittlething-16-classic-knit-sweater,https://picsum.photos/seed/prettylittlething-16-classic-knit-sweater/600/600
Prettylittlething Relaxed Trench Coat,prettylittlething,clothing,Jackets,men,prettylittlething-store,1560,2400,IN STOCK,https://www.prettylittlething.com/p/prettylittlething-17-relaxed-trench-coat,https://picsum.photos/seed/prettylittlething-17-relaxed-trench-coat/600/600
Prettylittlething Slim Fit Midi Dress,prettylittlething,clothing,Jeans,unisex,prettylittlething-store,650,1000,IN STOCK,https://www.prettylittlething.com/p/prettylittlething-18-slim-fit-midi-dress,https://picsum.photos/seed/prettylittlething-18-slim-fit-midi-dress/600/600
Prettylittlething Oversized Blazer,prettylittlething,clothing,Shirts,women,prettylittlething-store,1785,2100,IN STOCK,https://www.prettylittlething.com/p/prettylittlething-19-oversized-blazer,https://picsum.photos/seed/prettylittlething-19-oversized-blazer/600/600
Prettylittlething Tailored Shirt Dress,prettylittlething,clothing,Sweaters,men,prettylittlething-store,1210,2200,LOW STOCK,https://www.prettylittlething.com/p/prettylittlething-20-tailored-shirt-dress,https://picsum.photos/seed/prettylittlething-20-tailored-shirt-dress/600/600
Forever 21 Classic Blazer,forever-21,clothing,Dresses,women,forever-21-store,2170,3100,IN STOCK,https://www.forever21.com/p/forever-21-1-classic-blazer,https://picsum.photos/seed/forever-21-1-classic-blazer/600/600
Forever 21 Relaxed Shirt Dress,forever-21,clothing,Jackets,men,forever-21-store,2400,3000,IN STOCK,https://www.forever21.com/p/forever-21-2-relaxed-shirt-dress,https://picsum.photos/seed/forever-21-2-relaxed-shirt-dress/600/600
Forever 21 Slim Fit Denim Jacket,forever-21,clothing,Jeans,unisex,forever-21-store,1105,1700,IN STOCK,https://www.forever21.com/p/forever-21-3-slim-fit-denim-jacket,https://picsum.photos/seed/forever-21-3-slim-fit-denim-jacket/600/600
Forever 21 Oversized Knit Sweater,forever-21,clothing,Shirts,women,forever-21-store,440,800,IN STOCK,https://www.forever21.com/p/forever-21-4-oversized-knit-sweater,https://picsum.photos/seed/forever-21-4-oversized-knit-sweater/600/600
Forever 21 Tailored Trench Coat,forever-21,clothing,Sweaters,men,forever-21-store,1500,2000,IN STOCK,https://www.forever21.com/p/forever-21-5-tailored-trench-coat,https://picsum.photos/seed/forever-21-5-tailored-trench-coat/600/600
Forever 21 Classic Midi Dress,forever-21,clothing,Dresses,unisex,forever-21-store,1050,2100,IN STOCK,https://www.forever21.com/p/forever-21-6-classic-midi-dress,https://picsum.photos/seed/forever-21-6-classic-midi-dress/600/600
Forever 21 Relaxed Blazer,forever-21,clothing,Jackets,women,forever-21-store,1595,2900,IN STOCK,https://www.forever21.com/p/forever-21-7-relaxed-blazer,https://picsum.photos/seed/forever-21-7-relaxed-blazer/600/600
Forever 21 Slim Fit Shirt Dress,forever-21,clothing,Jeans,men,forever-21-store,2325,3100,LOW STOCK,https://www.forever21.com/p/forever-21-8-slim-fit-shirt-dress,https://picsum.photos/seed/forever-21-8-slim-fit-shirt-dress/600/600
Forever 21 Oversized Denim Jacket,forever-21,clothing,Shirts,unisex,forever-21-store,1445,1700,IN STOCK,https://www.forever21.com/p/forever-21-9-oversized-denim-jacket,https://picsum.photos/seed/forever-21-9-oversized-denim-jacket/600/600
Forever 21 Tailored Knit Sweater,forever-21,clothing,Sweaters,women,forever-21-store,1920,2400,IN STOCK,https://www.forever21.com/p/forever-21-10-tailored-knit-sweater,https://picsum.photos/seed/forever-21-10-tailored-knit-sweater/600/600
Forever 21 Classic Trench Coat,forever-21,clothing,Dresses,men,forever-21-store,1819,2600,IN STOCK,https://www.forever21.com/p/forever-21-11-classic-trench-coat,https://picsum.photos/seed/forever-21-11-classic-trench-coat/600/600
Forever 21 Relaxed Midi Dress,forever-21,clothing,Jackets,unisex,forever-21-store,720,1200,IN STOCK,https://www.forever21.com/p/forever-21-12-relaxed-midi-dress,https://picsum.photos/seed/forever-21-12-relaxed-midi-dress/600/600
Forever 21 Slim Fit Blazer,forever-21,clothing,Jeans,women,forever-21-store,1400,2800,IN STOCK,https://www.forever21.com/p/forever-21-13-slim-fit-blazer,https://picsum.photos/seed/forever-21-13-slim-fit-blazer/600/600
Forever 21 Oversized Shirt Dress,forever-21,clothing,Shirts,men,forever-21-store,1650,3300,IN STOCK,https://www.forever21.com/p/forever-21-14-oversized-shirt-dress,https://picsum.photos/seed/forever-21-14-oversized-shirt-dress/600/600
Forever 21 Tailored Denim Jacket,forever-21,clothing,Sweaters,unisex,forever-21-store,1800,3000,IN STOCK,https://www.forever21.com/p/forever-21-15-tailored-denim-jacket,https://picsum.photos/seed/forever-21-15-tailored-denim-jacket/600/600
Forever 21 Classic Knit Sweater,forever-21,clothing,Dresses,women,forever-21-store,1050,2100,IN STOCK,https://www.forever21.com/p/forever-21-16-classic-knit-sweater,https://picsum.photos/seed/forever-21-16-classic-knit-sweater/600/600
Forever 21 Relaxed Trench Coat,forever-21,clothing,Jackets,men,forever-21-store,2400,3200,IN STOCK,https://www.forever21.com/p/forever-21-17-relaxed-trench-coat,https://picsum.photos/seed/forever-21-17-relaxed-trench-coat/600/600
Forever 21 Slim Fit Midi Dress,forever-21,clothing,Jeans,unisex,forever-21-store,540,900,IN STOCK,https://www.forever21.com/p/forever-21-18-slim-fit-midi-dress,https://picsum.photos/seed/forever-21-18-slim-fit-midi-dress/600/600
Forever 21 Oversized Blazer,forever-21,clothing,Shirts,women,forever-21-store,910,1400,IN STOCK,https://www.forever21.com/p/forever-21-19-oversized-blazer,https://picsum.photos/seed/forever-21-19-oversized-blazer/600/600
Forever 21 Tailored Shirt Dress,forever-21,clothing,Sweaters,men,forever-21-store,510,600,IN STOCK,https://www.forever21.com/p/forever-21-20-tailored-shirt-dress,https://picsum.photos/seed/forever-21-20-tailored-shirt-dress/600/600
Gap Classic Blazer,gap,clothing,Dresses,women,gap-store,1260,2100,IN STOCK,https://www.gap.com/p/gap-1-classic-blazer,https://picsum.photos/seed/gap-1-classic-blazer/600/600
Gap Relaxed Shirt Dress,gap,clothing,Jackets,men,gap-store,560,800,IN STOCK,https://www.gap.com/p/gap-2-relaxed-shirt-dress,https://picsum.photos/seed/gap-2-relaxed-shirt-dress/600/600
Gap Slim Fit Denim Jacket,gap,clothing,Jeans,unisex,gap-store,1400,2000,OUT OF STOCK,https://www.gap.com/p/gap-3-slim-fit-denim-jacket,https://picsum.photos/seed/gap-3-slim-fit-denim-jacket/600/600
Gap Oversized Knit Sweater,gap,clothing,Shirts,women,gap-store,1000,2000,IN STOCK,https://www.gap.com/p/gap-4-oversized-knit-sweater,https://picsum.photos/seed/gap-4-oversized-knit-sweater/600/600
Gap Tailored Trench Coat,gap,clothing,Sweaters,men,gap-store,720,900,LOW STOCK,https://www.gap.com/p/gap-5-tailored-trench-coat,https://picsum.photos/seed/gap-5-tailored-trench-coat/600/600
Gap Classic Midi Dress,gap,clothing,Dresses,unisex,gap-store,2100,3000,IN STOCK,https://www.gap.com/p/gap-6-classic-midi-dress,https://picsum.photos/seed/gap-6-classic-midi-dress/600/600
Gap Relaxed Blazer,gap,clothing,Jackets,women,gap-store,1889,2700,LOW STOCK,https://www.gap.com/p/gap-7-relaxed-blazer,https://picsum.photos/seed/gap-7-relaxed-blazer/600/600
Gap Slim Fit Shirt Dress,gap,clothing,Jeans,men,gap-store,600,1000,IN STOCK,https://www.gap.com/p/gap-8-slim-fit-shirt-dress,https://picsum.photos/seed/gap-8-slim-fit-shirt-dress/600/600
Gap Oversized Denim Jacket,gap,clothing,Shirts,unisex,gap-store,1050,2100,OUT OF STOCK,https://www.gap.com/p/gap-9-oversized-denim-jacket,https://picsum.photos/seed/gap-9-oversized-denim-jacket/600/600
Gap Tailored Knit Sweater,gap,clothing,Sweaters,women,gap-store,1950,2600,IN STOCK,https://www.gap.com/p/gap-10-tailored-knit-sweater,https://picsum.photos/seed/gap-10-tailored-knit-sweater/600/600
Gap Classic Trench Coat,gap,clothing,Dresses,men,gap-store,1380,2300,IN STOCK,https://www.gap.com/p/gap-11-classic-trench-coat,https://picsum.photos/seed/gap-11-classic-trench-coat/600/600
Gap Relaxed Midi Dress,gap,clothing,Jackets,unisex,gap-store,845,1300,IN STOCK,https://www.gap.com/p/gap-12-relaxed-midi-dress,https://picsum.photos/seed/gap-12-relaxed-midi-dress/600/600
Gap Slim Fit Blazer,gap,clothing,Jeans,women,gap-store,2080,3200,OUT OF STOCK,https://www.gap.com/p/gap-13-slim-fit-blazer,https://picsum.photos/seed/gap-13-slim-fit-blazer/600/600
Gap Oversized Shirt Dress,gap,clothing,Shirts,men,gap-store,2400,3200,IN STOCK,https://www.gap.com/p/gap-14-oversized-shirt-dress,https://picsum.photos/seed/gap-14-oversized-shirt-dress/600/600
Gap Tailored Denim Jacket,gap,clothing,Sweaters,unisex,gap-store,2210,3400,IN STOCK,https://www.gap.com/p/gap-15-tailored-denim-jacket,https://picsum.photos/seed/gap-15-tailored-denim-jacket/600/600
Gap Classic Knit Sweater,gap,clothing,Dresses,women,gap-store,2015,3100,IN STOCK,https://www.gap.com/p/gap-16-classic-knit-sweater,https://picsum.photos/seed/gap-16-classic-knit-sweater/600/600
Gap Relaxed Trench Coat,gap,clothing,Jackets,men,gap-store,1320,2400,IN STOCK,https://www.gap.com/p/gap-17-relaxed-trench-coat,https://picsum.photos/seed/gap-17-relaxed-trench-coat/600/600
Gap Slim Fit Midi Dress,gap,clothing,Jeans,unisex,gap-store,420,700,IN STOCK,https://www.gap.com/p/gap-18-slim-fit-midi-dress,https://picsum.photos/seed/gap-18-slim-fit-midi-dress/600/600
Gap Oversized Blazer,gap,clothing,Shirts,women,gap-store,880,1600,IN STOCK,https://www.gap.com/p/gap-19-oversized-blazer,https://picsum.photos/seed/gap-19-oversized-blazer/600/600
Gap Tailored Shirt Dress,gap,clothing,Sweaters,men,gap-store,1620,2700,IN STOCK,https://www.gap.com/p/gap-20-tailored-shirt-dress,https://picsum.photos/seed/gap-20-tailored-shirt-dress/600/600
Under Armour Seamless Leggings,under-armour,mens-sportswear,Activewear,men,under-armour-store,1260,2100,IN STOCK,https://www.underarmour.com/p/under-armour-1-seamless-leggings,https://picsum.photos/seed/under-armour-1-seamless-leggings/600/600
Under Armour Performance Joggers,under-armour,mens-sportswear,Leggings,women,under-armour-store,935,1100,IN STOCK,https://www.underarmour.com/p/under-armour-2-performance-joggers,https://picsum.photos/seed/under-armour-2-performance-joggers/600/600
Under Armour Lightweight Training Tee,under-armour,mens-sportswear,Training Tops,unisex,under-armour-store,1040,1600,IN STOCK,https://www.underarmour.com/p/under-armour-3-lightweight-training-tee,https://picsum.photos/seed/under-armour-3-lightweight-training-tee/600/600
Under Armour Breathable Sports Bra,under-armour,mens-sportswear,Joggers,men,under-armour-store,1350,1800,LOW STOCK,https://www.underarmour.com/p/under-armour-4-breathable-sports-bra,https://picsum.photos/seed/under-armour-4-breathable-sports-bra/600/600
Under Armour Seamless Track Jacket,under-armour,mens-sportswear,Sports Bras,women,under-armour-store,1250,2500,IN STOCK,https://www.underarmour.com/p/under-armour-5-seamless-track-jacket,https://picsum.photos/seed/under-armour-5-seamless-track-jacket/600/600
Under Armour Performance Leggings,under-armour,mens-sportswear,Activewear,unisex,under-armour-store,1540,2200,LOW STOCK,https://www.underarmour.com/p/under-armour-6-performance-leggings,https://picsum.photos/seed/under-armour-6-performance-leggings/600/600
Under Armour Lightweight Joggers,under-armour,mens-sportswear,Leggings,men,under-armour-store,5625,7500,IN STOCK,https://www.underarmour.com/p/under-armour-7-lightweight-joggers,https://picsum.photos/seed/under-armour-7-lightweight-joggers/600/600
Under Armour Breathable Training Tee,under-armour,mens-sportswear,Training Tops,women,under-armour-store,5280,6600,IN STOCK,https://www.underarmour.com/p/under-armour-8-breathable-training-tee,https://picsum.photos/seed/under-armour-8-breathable-training-tee/600/600
Under Armour Seamless Sports Bra,under-armour,mens-sportswear,Joggers,unisex,under-armour-store,5395,8300,IN STOCK,https://www.underarmour.com/p/under-armour-9-seamless-sports-bra,https://picsum.photos/seed/under-armour-9-seamless-sports-bra/600/600
Under Armour Performance Track Jacket,under-armour,mens-sportswear,Sports Bras,men,under-armour-store,4690,6700,IN STOCK,https://www.underarmour.com/p/under-armour-10-performance-track-jacket,https://picsum.photos/seed/under-armour-10-performance-track-jacket/600/600
Under Armour Lightweight Leggings,under-armour,mens-sportswear,Activewear,women,under-armour-store,3550,7100,IN STOCK,https://www.underarmour.com/p/under-armour-11-lightweight-leggings,https://picsum.photos/seed/under-armour-11-lightweight-leggings/600/600
Under Armour Breathable Joggers,under-armour,mens-sportswear,Leggings,unisex,under-armour-store,1600,2000,IN STOCK,https://www.underarmour.com/p/under-armour-12-breathable-joggers,https://picsum.photos/seed/under-armour-12-breathable-joggers/600/600
Under Armour Seamless Training Tee,under-armour,mens-sportswear,Training Tops,men,under-armour-store,2175,2900,IN STOCK,https://www.underarmour.com/p/under-armour-13-seamless-training-tee,https://picsum.photos/seed/under-armour-13-seamless-training-tee/600/600
Under Armour Performance Sports Bra,under-armour,mens-sportswear,Joggers,women,under-armour-store,4760,5600,IN STOCK,https://www.underarmour.com/p/under-armour-14-performance-sports-bra,https://picsum.photos/seed/under-armour-14-performance-sports-bra/600/600
Under Armour Lightweight Track Jacket,under-armour,mens-sportswear,Sports Bras,unisex,under-armour-store,6300,8400,IN STOCK,https://www.underarmour.com/p/under-armour-15-lightweight-track-jacket,https://picsum.photos/seed/under-armour-15-lightweight-track-jacket/600/600
Under Armour Breathable Leggings,under-armour,mens-sportswear,Activewear,men,under-armour-store,1500,3000,IN STOCK,https://www.underarmour.com/p/under-armour-16-breathable-leggings,https://picsum.photos/seed/under-armour-16-breathable-leggings/600/600
Under Armour Seamless Joggers,under-armour,mens-sportswear,Leggings,women,under-armour-store,5015,5900,IN STOCK,https://www.underarmour.com/p/under-armour-17-seamless-joggers,https://picsum.photos/seed/under-armour-17-seamless-joggers/600/600
Under Armour Performance Training Tee,under-armour,mens-sportswear,Training Tops,unisex,under-armour-store,1800,3600,IN STOCK,https://www.underarmour.com/p/under-armour-18-performance-training-tee,https://picsum.photos/seed/under-armour-18-performance-training-tee/600/600
Under Armour Lightweight Sports Bra,under-armour,mens-sportswear,Joggers,men,under-armour-store,3315,5100,LOW STOCK,https://www.underarmour.com/p/under-armour-19-lightweight-sports-bra,https://picsum.photos/seed/under-armour-19-lightweight-sports-bra/600/600
Under Armour Breathable Track Jacket,under-armour,mens-sportswear,Sports Bras,women,under-armour-store,2255,4100,IN STOCK,https://www.underarmour.com/p/under-armour-20-breathable-track-jacket,https://picsum.photos/seed/under-armour-20-breathable-track-jacket/600/600
Reebok Air Runner,reebok,sneakers,Sneakers,men,reebok-store,7120,8900,IN STOCK,https://www.reebok.com/p/reebok-1-air-runner,https://picsum.photos/seed/reebok-1-air-runner/600/600
Reebok Ultra Trainer,reebok,sneakers,Running Shoes,women,reebok-store,3400,4000,IN STOCK,https://www.reebok.com/p/reebok-2-ultra-trainer,https://picsum.photos/seed/reebok-2-ultra-trainer/600/600
Reebok Pro Sneaker,reebok,sneakers,Training Shoes,unisex,reebok-store,840,1400,LOW STOCK,https://www.reebok.com/p/reebok-3-pro-sneaker,https://picsum.photos/seed/reebok-3-pro-sneaker/600/600
Reebok React Basketball Shoe,reebok,sneakers,Basketball Shoes,men,reebok-store,900,1800,IN STOCK,https://www.reebok.com/p/reebok-4-react-basketball-shoe,https://picsum.photos/seed/reebok-4-react-basketball-shoe/600/600
Reebok Flex Court Shoe,reebok,sneakers,Lifestyle Sneakers,women,reebok-store,6300,8400,IN STOCK,https://www.reebok.com/p/reebok-5-flex-court-shoe,https://picsum.photos/seed/reebok-5-flex-court-shoe/600/600
Reebok Boost Runner,reebok,sneakers,Sneakers,unisex,reebok-store,3795,6900,IN STOCK,https://www.reebok.com/p/reebok-6-boost-runner,https://picsum.photos/seed/reebok-6-boost-runner/600/600
Reebok Prime Trainer,reebok,sneakers,Running Shoes,men,reebok-store,3040,3800,LOW STOCK,https://www.reebok.com/p/reebok-7-prime-trainer,https://picsum.photos/seed/reebok-7-prime-trainer/600/600
Reebok Air Sneaker,reebok,sneakers,Training Shoes,women,reebok-store,2400,4000,IN STOCK,https://www.reebok.com/p/reebok-8-air-sneaker,https://picsum.photos/seed/reebok-8-air-sneaker/600/600
Reebok Ultra Basketball Shoe,reebok,sneakers,Basketball Shoes,unisex,reebok-store,3709,5300,IN STOCK,https://www.reebok.com/p/reebok-9-ultra-basketball-shoe,https://picsum.photos/seed/reebok-9-ultra-basketball-shoe/600/600
Reebok Pro Court Shoe,reebok,sneakers,Lifestyle Sneakers,men,reebok-store,2090,3800,IN STOCK,https://www.reebok.com/p/reebok-10-pro-court-shoe,https://picsum.photos/seed/reebok-10-pro-court-shoe/600/600
Reebok React Runner,reebok,sneakers,Sneakers,women,reebok-store,910,1400,IN STOCK,https://www.reebok.com/p/reebok-11-react-runner,https://picsum.photos/seed/reebok-11-react-runner/600/600
Reebok Flex Trainer,reebok,sneakers,Running Shoes,unisex,reebok-store,3900,7800,IN STOCK,https://www.reebok.com/p/reebok-12-flex-trainer,https://picsum.photos/seed/reebok-12-flex-trainer/600/600
Reebok Boost Sneaker,reebok,sneakers,Training Shoes,men,reebok-store,3315,5100,LOW STOCK,https://www.reebok.com/p/reebok-13-boost-sneaker,https://picsum.photos/seed/reebok-13-boost-sneaker/600/600
Reebok Prime Basketball Shoe,reebok,sneakers,Basketball Shoes,women,reebok-store,2660,3800,IN STOCK,https://www.reebok.com/p/reebok-14-prime-basketball-shoe,https://picsum.photos/seed/reebok-14-prime-basketball-shoe/600/600
Reebok Air Court Shoe,reebok,sneakers,Lifestyle Sneakers,unisex,reebok-store,6000,7500,IN STOCK,https://www.reebok.com/p/reebok-15-air-court-shoe,https://picsum.photos/seed/reebok-15-air-court-shoe/600/600
Reebok Ultra Runner,reebok,sneakers,Sneakers,men,reebok-store,2340,3600,IN STOCK,https://www.reebok.com/p/reebok-16-ultra-runner,https://picsum.photos/seed/reebok-16-ultra-runner/600/600
Reebok Pro Trainer,reebok,sneakers,Running Shoes,women,reebok-store,7200,9000,IN STOCK,https://www.reebok.com/p/reebok-17-pro-trainer,https://picsum.photos/seed/reebok-17-pro-trainer/600/600
Reebok React Sneaker,reebok,sneakers,Training Shoes,unisex,reebok-store,715,1300,IN STOCK,https://www.reebok.com/p/reebok-18-react-sneaker,https://picsum.photos/seed/reebok-18-react-sneaker/600/600
Reebok Flex Basketball Shoe,reebok,sneakers,Basketball Shoes,men,reebok-store,4565,8300,IN STOCK,https://www.reebok.com/p/reebok-19-flex-basketball-shoe,https://picsum.photos/seed/reebok-19-flex-basketball-shoe/600/600
Reebok Boost Court Shoe,reebok,sneakers,Lifestyle Sneakers,women,reebok-store,770,1400,IN STOCK,https://www.reebok.com/p/reebok-20-boost-court-shoe,https://picsum.photos/seed/reebok-20-boost-court-shoe/600/600
New Balance Air Runner,new-balance,sneakers,Sneakers,men,new-balance-store,850,1000,IN STOCK,https://www.newbalance.com/p/new-balance-1-air-runner,https://picsum.photos/seed/new-balance-1-air-runner/600/600
New Balance Ultra Trainer,new-balance,sneakers,Running Shoes,women,new-balance-store,4250,8500,IN STOCK,https://www.newbalance.com/p/new-balance-2-ultra-trainer,https://picsum.photos/seed/new-balance-2-ultra-trainer/600/600
New Balance Pro Sneaker,new-balance,sneakers,Training Shoes,unisex,new-balance-store,5440,6400,IN STOCK,https://www.newbalance.com/p/new-balance-3-pro-sneaker,https://picsum.photos/seed/new-balance-3-pro-sneaker/600/600
New Balance React Basketball Shoe,new-balance,sneakers,Basketball Shoes,men,new-balance-store,4675,8500,IN STOCK,https://www.newbalance.com/p/new-balance-4-react-basketball-shoe,https://picsum.photos/seed/new-balance-4-react-basketball-shoe/600/600
New Balance Flex Court Shoe,new-balance,sneakers,Lifestyle Sneakers,women,new-balance-store,4880,6100,IN STOCK,https://www.newbalance.com/p/new-balance-5-flex-court-shoe,https://picsum.photos/seed/new-balance-5-flex-court-shoe/600/600
New Balance Boost Runner,new-balance,sneakers,Sneakers,unisex,new-balance-store,3250,6500,IN STOCK,https://www.newbalance.com/p/new-balance-6-boost-runner,https://picsum.photos/seed/new-balance-6-boost-runner/600/600
New Balance Prime Trainer,new-balance,sneakers,Running Shoes,men,new-balance-store,1920,2400,IN STOCK,https://www.newbalance.com/p/new-balance-7-prime-trainer,https://picsum.photos/seed/new-balance-7-prime-trainer/600/600
New Balance Air Sneaker,new-balance,sneakers,Training Shoes,women,new-balance-store,6885,8100,IN STOCK,https://www.newbalance.com/p/new-balance-8-air-sneaker,https://picsum.photos/seed/new-balance-8-air-sneaker/600/600
New Balance Ultra Basketball Shoe,new-balance,sneakers,Basketball Shoes,unisex,new-balance-store,1530,1800,IN STOCK,https://www.newbalance.com/p/new-balance-9-ultra-basketball-shoe,https://picsum.photos/seed/new-balance-9-ultra-basketball-shoe/600/600
New Balance Pro Court Shoe,new-balance,sneakers,Lifestyle Sneakers,men,new-balance-store,5775,7700,IN STOCK,https://www.newbalance.com/p/new-balance-10-pro-court-shoe,https://picsum.photos/seed/new-balance-10-pro-court-shoe/600/600
New Balance React Runner,new-balance,sneakers,Sneakers,women,new-balance-store,3640,5600,LOW STOCK,https://www.newbalance.com/p/new-balance-11-react-runner,https://picsum.photos/seed/new-balance-11-react-runner/600/600
New Balance Flex Trainer,new-balance,sneakers,Running Shoes,unisex,new-balance-store,1375,2500,IN STOCK,https://www.newbalance.com/p/new-balance-12-flex-trainer,https://picsum.photos/seed/new-balance-12-flex-trainer/600/600
New Balance Boost Sneaker,new-balance,sneakers,Training Shoes,men,new-balance-store,660,1200,IN STOCK,https://www.newbalance.com/p/new-balance-13-boost-sneaker,https://picsum.photos/seed/new-balance-13-boost-sneaker/600/600
New Balance Prime Basketball Shoe,new-balance,sneakers,Basketball Shoes,women,new-balance-store,4845,5700,IN STOCK,https://www.newbalance.com/p/new-balance-14-prime-basketball-shoe,https://picsum.photos/seed/new-balance-14-prime-basketball-shoe/600/600
New Balance Air Court Shoe,new-balance,sneakers,Lifestyle Sneakers,unisex,new-balance-store,4505,5300,LOW STOCK,https://www.newbalance.com/p/new-balance-15-air-court-shoe,https://picsum.photos/seed/new-balance-15-air-court-shoe/600/600
New Balance Ultra Runner,new-balance,sneakers,Sneakers,men,new-balance-store,4015,7300,IN STOCK,https://www.newbalance.com/p/new-balance-16-ultra-runner,https://picsum.photos/seed/new-balance-16-ultra-runner/600/600
New Balance Pro Trainer,new-balance,sneakers,Running Shoes,women,new-balance-store,4675,8500,IN STOCK,https://www.newbalance.com/p/new-balance-17-pro-trainer,https://picsum.photos/seed/new-balance-17-pro-trainer/600/600
New Balance React Sneaker,new-balance,sneakers,Training Shoes,unisex,new-balance-store,605,1100,IN STOCK,https://www.newbalance.com/p/new-balance-18-react-sneaker,https://picsum.photos/seed/new-balance-18-react-sneaker/600/600
New Balance Flex Basketball Shoe,new-balance,sneakers,Basketball Shoes,men,new-balance-store,6525,8700,IN STOCK,https://www.newbalance.com/p/new-balance-19-flex-basketball-shoe,https://picsum.photos/seed/new-balance-19-flex-basketball-shoe/600/600
New Balance Boost Court Shoe,new-balance,sneakers,Lifestyle Sneakers,women,new-balance-store,3520,4400,IN STOCK,https://www.newbalance.com/p/new-balance-20-boost-court-shoe,https://picsum.photos/seed/new-balance-20-boost-court-shoe/600/600
Lululemon Seamless Leggings,lululemon,mens-sportswear,Activewear,men,lululemon-store,13650,19500,LOW STOCK,https://www.lululemon.com/p/lululemon-1-seamless-leggings,https://picsum.photos/seed/lululemon-1-seamless-leggings/600/600
Lululemon Performance Joggers,lululemon,mens-sportswear,Leggings,women,lululemon-store,20825,24500,IN STOCK,https://www.lululemon.com/p/lululemon-2-performance-joggers,https://picsum.photos/seed/lululemon-2-performance-joggers/600/600
Lululemon Lightweight Training Tee,lululemon,mens-sportswear,Training Tops,unisex,lululemon-store,3440,4300,OUT OF STOCK,https://www.lululemon.com/p/lululemon-3-lightweight-training-tee,https://picsum.photos/seed/lululemon-3-lightweight-training-tee/600/600
Lululemon Breathable Sports Bra,lululemon,mens-sportswear,Joggers,men,lululemon-store,4830,6900,LOW STOCK,https://www.lululemon.com/p/lululemon-4-breathable-sports-bra,https://picsum.photos/seed/lululemon-4-breathable-sports-bra/600/600
Lululemon Seamless Track Jacket,lululemon,mens-sportswear,Sports Bras,women,lululemon-store,4100,8200,IN STOCK,https://www.lululemon.com/p/lululemon-5-seamless-track-jacket,https://picsum.photos/seed/lululemon-5-seamless-track-jacket/600/600
Lululemon Performance Leggings,lululemon,mens-sportswear,Activewear,unisex,lululemon-store,15819,22600,IN STOCK,https://www.lululemon.com/p/lululemon-6-performance-leggings,https://picsum.photos/seed/lululemon-6-performance-leggings/600/600
Lululemon Lightweight Joggers,lululemon,mens-sportswear,Leggings,men,lululemon-store,8585,10100,IN STOCK,https://www.lululemon.com/p/lululemon-7-lightweight-joggers,https://picsum.photos/seed/lululemon-7-lightweight-joggers/600/600
Lululemon Breathable Training Tee,lululemon,mens-sportswear,Training Tops,women,lululemon-store,6960,8700,IN STOCK,https://www.lululemon.com/p/lululemon-8-breathable-training-tee,https://picsum.photos/seed/lululemon-8-breathable-training-tee/600/600
Lululemon Seamless Sports Bra,lululemon,mens-sportswear,Joggers,unisex,lululemon-store,11150,22300,IN STOCK,https://www.lululemon.com/p/lululemon-9-seamless-sports-bra,https://picsum.photos/seed/lululemon-9-seamless-sports-bra/600/600
Lululemon Performance Track Jacket,lululemon,mens-sportswear,Sports Bras,men,lululemon-store,10455,12300,IN STOCK,https://www.lululemon.com/p/lululemon-10-performance-track-jacket,https://picsum.photos/seed/lululemon-10-performance-track-jacket/600/600
Lululemon Lightweight Leggings,lululemon,mens-sportswear,Activewear,women,lululemon-store,3740,4400,IN STOCK,https://www.lululemon.com/p/lululemon-11-lightweight-leggings,https://picsum.photos/seed/lululemon-11-lightweight-leggings/600/600
Lululemon Breathable Joggers,lululemon,mens-sportswear,Leggings,unisex,lululemon-store,19440,24300,IN STOCK,https://www.lululemon.com/p/lululemon-12-breathable-joggers,https://picsum.photos/seed/lululemon-12-breathable-joggers/600/600
Lululemon Seamless Training Tee,lululemon,mens-sportswear,Training Tops,men,lululemon-store,10650,14200,OUT OF STOCK,https://www.lululemon.com/p/lululemon-13-seamless-training-tee,https://picsum.photos/seed/lululemon-13-seamless-training-tee/600/600
Lululemon Performance Sports Bra,lululemon,mens-sportswear,Joggers,women,lululemon-store,16915,19900,IN STOCK,https://www.lululemon.com/p/lululemon-14-performance-sports-bra,https://picsum.photos/seed/lululemon-14-performance-sports-bra/600/600
Lululemon Lightweight Track Jacket,lululemon,mens-sportswear,Sports Bras,unisex,lululemon-store,11400,22800,IN STOCK,https://www.lululemon.com/p/lululemon-15-lightweight-track-jacket,https://picsum.photos/seed/lululemon-15-lightweight-track-jacket/600/600
Lululemon Breathable Leggings,lululemon,mens-sportswear,Activewear,men,lululemon-store,7125,9500,OUT OF STOCK,https://www.lululemon.com/p/lululemon-16-breathable-leggings,https://picsum.photos/seed/lululemon-16-breathable-leggings/600/600
Lululemon Seamless Joggers,lululemon,mens-sportswear,Leggings,women,lululemon-store,4680,7800,OUT OF STOCK,https://www.lululemon.com/p/lululemon-17-seamless-joggers,https://picsum.photos/seed/lululemon-17-seamless-joggers/600/600
Lululemon Performance Training Tee,lululemon,mens-sportswear,Training Tops,unisex,lululemon-store,5170,9400,IN STOCK,https://www.lululemon.com/p/lululemon-18-performance-training-tee,https://picsum.photos/seed/lululemon-18-performance-training-tee/600/600
Lululemon Lightweight Sports Bra,lululemon,mens-sportswear,Joggers,men,lululemon-store,12220,18800,IN STOCK,https://www.lululemon.com/p/lululemon-19-lightweight-sports-bra,https://picsum.photos/seed/lululemon-19-lightweight-sports-bra/600/600
Lululemon Breathable Track Jacket,lululemon,mens-sportswear,Sports Bras,women,lululemon-store,13560,22600,IN STOCK,https://www.lululemon.com/p/lululemon-20-breathable-track-jacket,https://picsum.photos/seed/lululemon-20-breathable-track-jacket/600/600
Gymshark Seamless Leggings,gymshark,mens-sportswear,Activewear,men,gymshark-store,900,1500,LOW STOCK,https://www.gymshark.com/p/gymshark-1-seamless-leggings,https://picsum.photos/seed/gymshark-1-seamless-leggings/600/600
Gymshark Performance Joggers,gymshark,mens-sportswear,Leggings,women,gymshark-store,5865,6900,LOW STOCK,https://www.gymshark.com/p/gymshark-2-performance-joggers,https://picsum.photos/seed/gymshark-2-performance-joggers/600/600
Gymshark Lightweight Training Tee,gymshark,mens-sportswear,Training Tops,unisex,gymshark-store,3835,5900,IN STOCK,https://www.gymshark.com/p/gymshark-3-lightweight-training-tee,https://picsum.photos/seed/gymshark-3-lightweight-training-tee/600/600
Gymshark Breathable Sports Bra,gymshark,mens-sportswear,Joggers,men,gymshark-store,6300,9000,IN STOCK,https://www.gymshark.com/p/gymshark-4-breathable-sports-bra,https://picsum.photos/seed/gymshark-4-breathable-sports-bra/600/600
Gymshark Seamless Track Jacket,gymshark,mens-sportswear,Sports Bras,women,gymshark-store,3630,6600,IN STOCK,https://www.gymshark.com/p/gymshark-5-seamless-track-jacket,https://picsum.photos/seed/gymshark-5-seamless-track-jacket/600/600
Gymshark Performance Leggings,gymshark,mens-sportswear,Activewear,unisex,gymshark-store,5810,8300,LOW STOCK,https://www.gymshark.com/p/gymshark-6-performance-leggings,https://picsum.photos/seed/gymshark-6-performance-leggings/600/600
Gymshark Lightweight Joggers,gymshark,mens-sportswear,Leggings,men,gymshark-store,2805,3300,IN STOCK,https://www.gymshark.com/p/gymshark-7-lightweight-joggers,https://picsum.photos/seed/gymshark-7-lightweight-joggers/600/600
Gymshark Breathable Training Tee,gymshark,mens-sportswear,Training Tops,women,gymshark-store,1760,3200,IN STOCK,https://www.gymshark.com/p/gymshark-8-breathable-training-tee,https://picsum.photos/seed/gymshark-8-breathable-training-tee/600/600
Gymshark Seamless Sports Bra,gymshark,mens-sportswear,Joggers,unisex,gymshark-store,7225,8500,IN STOCK,https://www.gymshark.com/p/gymshark-9-seamless-sports-bra,https://picsum.photos/seed/gymshark-9-seamless-sports-bra/600/600
Gymshark Performance Track Jacket,gymshark,mens-sportswear,Sports Bras,men,gymshark-store,1650,2200,IN STOCK,https://www.gymshark.com/p/gymshark-10-performance-track-jacket,https://picsum.photos/seed/gymshark-10-performance-track-jacket/600/600
Gymshark Lightweight Leggings,gymshark,mens-sportswear,Activewear,women,gymshark-store,4000,8000,IN STOCK,https://www.gymshark.com/p/gymshark-11-lightweight-leggings,https://picsum.photos/seed/gymshark-11-lightweight-leggings/600/600
Gymshark Breathable Joggers,gymshark,mens-sportswear,Leggings,unisex,gymshark-store,850,1700,IN STOCK,https://www.gymshark.com/p/gymshark-12-breathable-joggers,https://picsum.photos/seed/gymshark-12-breathable-joggers/600/600
Gymshark Seamless Training Tee,gymshark,mens-sportswear,Training Tops,men,gymshark-store,1819,2600,IN STOCK,https://www.gymshark.com/p/gymshark-13-seamless-training-tee,https://picsum.photos/seed/gymshark-13-seamless-training-tee/600/600
Gymshark Performance Sports Bra,gymshark,mens-sportswear,Joggers,women,gymshark-store,825,1500,IN STOCK,https://www.gymshark.com/p/gymshark-14-performance-sports-bra,https://picsum.photos/seed/gymshark-14-performance-sports-bra/600/600
Gymshark Lightweight Track Jacket,gymshark,mens-sportswear,Sports Bras,unisex,gymshark-store,1755,2700,IN STOCK,https://www.gymshark.com/p/gymshark-15-lightweight-track-jacket,https://picsum.photos/seed/gymshark-15-lightweight-track-jacket/600/600
Gymshark Breathable Leggings,gymshark,mens-sportswear,Activewear,men,gymshark-store,605,1100,IN STOCK,https://www.gymshark.com/p/gymshark-16-breathable-leggings,https://picsum.photos/seed/gymshark-16-breathable-leggings/600/600
Gymshark Seamless Joggers,gymshark,mens-sportswear,Leggings,women,gymshark-store,1020,1700,IN STOCK,https://www.gymshark.com/p/gymshark-17-seamless-joggers,https://picsum.photos/seed/gymshark-17-seamless-joggers/600/600
Gymshark Performance Training Tee,gymshark,mens-sportswear,Training Tops,unisex,gymshark-store,1595,2900,IN STOCK,https://www.gymshark.com/p/gymshark-18-performance-training-tee,https://picsum.photos/seed/gymshark-18-performance-training-tee/600/600
Gymshark Lightweight Sports Bra,gymshark,mens-sportswear,Joggers,men,gymshark-store,5395,8300,LOW STOCK,https://www.gymshark.com/p/gymshark-19-lightweight-sports-bra,https://picsum.photos/seed/gymshark-19-lightweight-sports-bra/600/600
Gymshark Breathable Track Jacket,gymshark,mens-sportswear,Sports Bras,women,gymshark-store,3180,5300,IN STOCK,https://www.gymshark.com/p/gymshark-20-breathable-track-jacket,https://picsum.photos/seed/gymshark-20-breathable-track-jacket/600/600
The North Face Waterproof Parka,the-north-face,home,Jackets,men,the-north-face-store,16309,23300,IN STOCK,https://www.thenorthface.com/p/the-north-face-1-waterproof-parka,https://picsum.photos/seed/the-north-face-1-waterproof-parka/600/600
The North Face Insulated Fleece Jacket,the-north-face,home,Fleece,women,the-north-face-store,8240,10300,IN STOCK,https://www.thenorthface.com/p/the-north-face-2-insulated-fleece-jacket,https://picsum.photos/seed/the-north-face-2-insulated-fleece-jacket/600/600
The North Face Lightweight Backpack,the-north-face,home,Backpacks,unisex,the-north-face-store,8100,13500,IN STOCK,https://www.thenorthface.com/p/the-north-face-3-lightweight-backpack,https://picsum.photos/seed/the-north-face-3-lightweight-backpack/600/600
The North Face All-Weather Hiking Boots,the-north-face,home,Footwear,men,the-north-face-store,8690,15800,IN STOCK,https://www.thenorthface.com/p/the-north-face-4-all-weather-hiking-boots,https://picsum.photos/seed/the-north-face-4-all-weather-hiking-boots/600/600
The North Face Waterproof Parka,the-north-face,home,Jackets,women,the-north-face-store,6230,8900,IN STOCK,https://www.thenorthface.com/p/the-north-face-5-waterproof-parka,https://picsum.photos/seed/the-north-face-5-waterproof-parka/600/600
The North Face Insulated Fleece Jacket,the-north-face,home,Fleece,unisex,the-north-face-store,12120,20200,LOW STOCK,https://www.thenorthface.com/p/the-north-face-6-insulated-fleece-jacket,https://picsum.photos/seed/the-north-face-6-insulated-fleece-jacket/600/600
The North Face Lightweight Backpack,the-north-face,home,Backpacks,men,the-north-face-store,8100,16200,IN STOCK,https://www.thenorthface.com/p/the-north-face-7-lightweight-backpack,https://picsum.photos/seed/the-north-face-7-lightweight-backpack/600/600
The North Face All-Weather Hiking Boots,the-north-face,home,Footwear,women,the-north-face-store,5460,9100,IN STOCK,https://www.thenorthface.com/p/the-north-face-8-all-weather-hiking-boots,https://picsum.photos/seed/the-north-face-8-all-weather-hiking-boots/600/600
The North Face Waterproof Parka,the-north-face,home,Jackets,unisex,the-north-face-store,9945,15300,IN STOCK,https://www.thenorthface.com/p/the-north-face-9-waterproof-parka,https://picsum.photos/seed/the-north-face-9-waterproof-parka/600/600
The North Face Insulated Fleece Jacket,the-north-face,home,Fleece,men,the-north-face-store,3760,4700,IN STOCK,https://www.thenorthface.com/p/the-north-face-10-insulated-fleece-jacket,https://picsum.photos/seed/the-north-face-10-insulated-fleece-jacket/600/600
The North Face Lightweight Backpack,the-north-face,home,Backpacks,women,the-north-face-store,11250,22500,IN STOCK,https://www.thenorthface.com/p/the-north-face-11-lightweight-backpack,https://picsum.photos/seed/the-north-face-11-lightweight-backpack/600/600
The North Face All-Weather Hiking Boots,the-north-face,home,Footwear,unisex,the-north-face-store,7150,11000,LOW STOCK,https://www.thenorthface.com/p/the-north-face-12-all-weather-hiking-boots,https://picsum.photos/seed/the-north-face-12-all-weather-hiking-boots/600/600
The North Face Waterproof Parka,the-north-face,home,Jackets,men,the-north-face-store,7260,13200,IN STOCK,https://www.thenorthface.com/p/the-north-face-13-waterproof-parka,https://picsum.photos/seed/the-north-face-13-waterproof-parka/600/600
The North Face Insulated Fleece Jacket,the-north-face,home,Fleece,women,the-north-face-store,13950,18600,IN STOCK,https://www.thenorthface.com/p/the-north-face-14-insulated-fleece-jacket,https://picsum.photos/seed/the-north-face-14-insulated-fleece-jacket/600/600
The North Face Lightweight Backpack,the-north-face,home,Backpacks,unisex,the-north-face-store,3120,5200,IN STOCK,https://www.thenorthface.com/p/the-north-face-15-lightweight-backpack,https://picsum.photos/seed/the-north-face-15-lightweight-backpack/600/600
The North Face All-Weather Hiking Boots,the-north-face,home,Footwear,men,the-north-face-store,5445,9900,IN STOCK,https://www.thenorthface.com/p/the-north-face-16-all-weather-hiking-boots,https://picsum.photos/seed/the-north-face-16-all-weather-hiking-boots/600/600
The North Face Waterproof Parka,the-north-face,home,Jackets,women,the-north-face-store,4845,5700,IN STOCK,https://www.thenorthface.com/p/the-north-face-17-waterproof-parka,https://picsum.photos/seed/the-north-face-17-waterproof-parka/600/600
The North Face Insulated Fleece Jacket,the-north-face,home,Fleece,unisex,the-north-face-store,9500,19000,LOW STOCK,https://www.thenorthface.com/p/the-north-face-18-insulated-fleece-jacket,https://picsum.photos/seed/the-north-face-18-insulated-fleece-jacket/600/600
The North Face Lightweight Backpack,the-north-face,home,Backpacks,men,the-north-face-store,3355,6100,LOW STOCK,https://www.thenorthface.com/p/the-north-face-19-lightweight-backpack,https://picsum.photos/seed/the-north-face-19-lightweight-backpack/600/600
The North Face All-Weather Hiking Boots,the-north-face,home,Footwear,women,the-north-face-store,4485,6900,IN STOCK,https://www.thenorthface.com/p/the-north-face-20-all-weather-hiking-boots,https://picsum.photos/seed/the-north-face-20-all-weather-hiking-boots/600/600
Ralph Lauren Classic Blazer,ralph-lauren,clothing,Dresses,women,ralph-lauren-store,9280,11600,OUT OF STOCK,https://www.ralphlauren.com/p/ralph-lauren-1-classic-blazer,https://picsum.photos/seed/ralph-lauren-1-classic-blazer/600/600
Ralph Lauren Relaxed Shirt Dress,ralph-lauren,clothing,Jackets,men,ralph-lauren-store,11330,20600,IN STOCK,https://www.ralphlauren.com/p/ralph-lauren-2-relaxed-shirt-dress,https://picsum.photos/seed/ralph-lauren-2-relaxed-shirt-dress/600/600
Ralph Lauren Slim Fit Denim Jacket,ralph-lauren,clothing,Jeans,unisex,ralph-lauren-store,5520,9200,OUT OF STOCK,https://www.ralphlauren.com/p/ralph-lauren-3-slim-fit-denim-jacket,https://picsum.photos/seed/ralph-lauren-3-slim-fit-denim-jacket/600/600
Ralph Lauren Oversized Knit Sweater,ralph-lauren,clothing,Shirts,women,ralph-lauren-store,8475,11300,IN STOCK,https://www.ralphlauren.com/p/ralph-lauren-4-oversized-knit-sweater,https://picsum.photos/seed/ralph-lauren-4-oversized-knit-sweater/600/600
Ralph Lauren Tailored Trench Coat,ralph-lauren,clothing,Sweaters,men,ralph-lauren-store,7440,12400,IN STOCK,https://www.ralphlauren.com/p/ralph-lauren-5-tailored-trench-coat,https://picsum.photos/seed/ralph-lauren-5-tailored-trench-coat/600/600
Ralph Lauren Classic Midi Dress,ralph-lauren,clothing,Dresses,unisex,ralph-lauren-store,18785,22100,LOW STOCK,https://www.ralphlauren.com/p/ralph-lauren-6-classic-midi-dress,https://picsum.photos/seed/ralph-lauren-6-classic-midi-dress/600/600
Ralph Lauren Relaxed Blazer,ralph-lauren,clothing,Jackets,women,ralph-lauren-store,3575,5500,IN STOCK,https://www.ralphlauren.com/p/ralph-lauren-7-relaxed-blazer,https://picsum.photos/seed/ralph-lauren-7-relaxed-blazer/600/600
Ralph Lauren Slim Fit Shirt Dress,ralph-lauren,clothing,Jeans,men,ralph-lauren-store,16830,19800,IN STOCK,https://www.ralphlauren.com/p/ralph-lauren-8-slim-fit-shirt-dress,https://picsum.photos/seed/ralph-lauren-8-slim-fit-shirt-dress/600/600
Ralph Lauren Oversized Denim Jacket,ralph-lauren,clothing,Shirts,unisex,ralph-lauren-store,12240,14400,LOW STOCK,https://www.ralphlauren.com/p/ralph-lauren-9-oversized-denim-jacket,https://picsum.photos/seed/ralph-lauren-9-oversized-denim-jacket/600/600
Ralph Lauren Tailored Knit Sweater,ralph-lauren,clothing,Sweaters,women,ralph-lauren-store,6900,13800,IN STOCK,https://www.ralphlauren.com/p/ralph-lauren-10-tailored-knit-sweater,https://picsum.photos/seed/ralph-lauren-10-tailored-knit-sweater/600/600
Ralph Lauren Classic Trench Coat,ralph-lauren,clothing,Dresses,men,ralph-lauren-store,3750,7500,IN STOCK,https://www.ralphlauren.com/p/ralph-lauren-11-classic-trench-coat,https://picsum.photos/seed/ralph-lauren-11-classic-trench-coat/600/600
Ralph Lauren Relaxed Midi Dress,ralph-lauren,clothing,Jackets,unisex,ralph-lauren-store,6820,12400,IN STOCK,https://www.ralphlauren.com/p/ralph-lauren-12-relaxed-midi-dress,https://picsum.photos/seed/ralph-lauren-12-relaxed-midi-dress/600/600
Ralph Lauren Slim Fit Blazer,ralph-lauren,clothing,Jeans,women,ralph-lauren-store,10890,19800,IN STOCK,https://www.ralphlauren.com/p/ralph-lauren-13-slim-fit-blazer,https://picsum.photos/seed/ralph-lauren-13-slim-fit-blazer/600/600
Ralph Lauren Oversized Shirt Dress,ralph-lauren,clothing,Shirts,men,ralph-lauren-store,8850,11800,LOW STOCK,https://www.ralphlauren.com/p/ralph-lauren-14-oversized-shirt-dress,https://picsum.photos/seed/ralph-lauren-14-oversized-shirt-dress/600/600
Ralph Lauren Tailored Denim Jacket,ralph-lauren,clothing,Sweaters,unisex,ralph-lauren-store,2200,4400,IN STOCK,https://www.ralphlauren.com/p/ralph-lauren-15-tailored-denim-jacket,https://picsum.photos/seed/ralph-lauren-15-tailored-denim-jacket/600/600
Ralph Lauren Classic Knit Sweater,ralph-lauren,clothing,Dresses,women,ralph-lauren-store,8840,10400,IN STOCK,https://www.ralphlauren.com/p/ralph-lauren-16-classic-knit-sweater,https://picsum.photos/seed/ralph-lauren-16-classic-knit-sweater/600/600
Ralph Lauren Relaxed Trench Coat,ralph-lauren,clothing,Jackets,men,ralph-lauren-store,8960,11200,LOW STOCK,https://www.ralphlauren.com/p/ralph-lauren-17-relaxed-trench-coat,https://picsum.photos/seed/ralph-lauren-17-relaxed-trench-coat/600/600
Ralph Lauren Slim Fit Midi Dress,ralph-lauren,clothing,Jeans,unisex,ralph-lauren-store,12150,16200,IN STOCK,https://www.ralphlauren.com/p/ralph-lauren-18-slim-fit-midi-dress,https://picsum.photos/seed/ralph-lauren-18-slim-fit-midi-dress/600/600
Ralph Lauren Oversized Blazer,ralph-lauren,clothing,Shirts,women,ralph-lauren-store,3960,7200,LOW STOCK,https://www.ralphlauren.com/p/ralph-lauren-19-oversized-blazer,https://picsum.photos/seed/ralph-lauren-19-oversized-blazer/600/600
Ralph Lauren Tailored Shirt Dress,ralph-lauren,clothing,Sweaters,men,ralph-lauren-store,19680,24600,IN STOCK,https://www.ralphlauren.com/p/ralph-lauren-20-tailored-shirt-dress,https://picsum.photos/seed/ralph-lauren-20-tailored-shirt-dress/600/600
Tommy Hilfiger Classic Blazer,tommy-hilfiger,clothing,Dresses,women,tommy-hilfiger-store,2280,3800,LOW STOCK,https://www.usa.tommy.com/p/tommy-hilfiger-1-classic-blazer,https://picsum.photos/seed/tommy-hilfiger-1-classic-blazer/600/600
Tommy Hilfiger Relaxed Shirt Dress,tommy-hilfiger,clothing,Jackets,men,tommy-hilfiger-store,3920,4900,IN STOCK,https://www.usa.tommy.com/p/tommy-hilfiger-2-relaxed-shirt-dress,https://picsum.photos/seed/tommy-hilfiger-2-relaxed-shirt-dress/600/600
Tommy Hilfiger Slim Fit Denim Jacket,tommy-hilfiger,clothing,Jeans,unisex,tommy-hilfiger-store,1320,2200,IN STOCK,https://www.usa.tommy.com/p/tommy-hilfiger-3-slim-fit-denim-jacket,https://picsum.photos/seed/tommy-hilfiger-3-slim-fit-denim-jacket/600/600
Tommy Hilfiger Oversized Knit Sweater,tommy-hilfiger,clothing,Shirts,women,tommy-hilfiger-store,1125,1500,IN STOCK,https://www.usa.tommy.com/p/tommy-hilfiger-4-oversized-knit-sweater,https://picsum.photos/seed/tommy-hilfiger-4-oversized-knit-sweater/600/600
Tommy Hilfiger Tailored Trench Coat,tommy-hilfiger,clothing,Sweaters,men,tommy-hilfiger-store,4125,5500,IN STOCK,https://www.usa.tommy.com/p/tommy-hilfiger-5-tailored-trench-coat,https://picsum.photos/seed/tommy-hilfiger-5-tailored-trench-coat/600/600
Tommy Hilfiger Classic Midi Dress,tommy-hilfiger,clothing,Dresses,unisex,tommy-hilfiger-store,1430,2200,IN STOCK,https://www.usa.tommy.com/p/tommy-hilfiger-6-classic-midi-dress,https://picsum.photos/seed/tommy-hilfiger-6-classic-midi-dress/600/600
Tommy Hilfiger Relaxed Blazer,tommy-hilfiger,clothing,Jackets,women,tommy-hilfiger-store,2250,3000,IN STOCK,https://www.usa.tommy.com/p/tommy-hilfiger-7-relaxed-blazer,https://picsum.photos/seed/tommy-hilfiger-7-relaxed-blazer/600/600
Tommy Hilfiger Slim Fit Shirt Dress,tommy-hilfiger,clothing,Jeans,men,tommy-hilfiger-store,3705,5700,IN STOCK,https://www.usa.tommy.com/p/tommy-hilfiger-8-slim-fit-shirt-dress,https://picsum.photos/seed/tommy-hilfiger-8-slim-fit-shirt-dress/600/600
Tommy Hilfiger Oversized Denim Jacket,tommy-hilfiger,clothing,Shirts,unisex,tommy-hilfiger-store,1560,2400,IN STOCK,https://www.usa.tommy.com/p/tommy-hilfiger-9-oversized-denim-jacket,https://picsum.photos/seed/tommy-hilfiger-9-oversized-denim-jacket/600/600
Tommy Hilfiger Tailored Knit Sweater,tommy-hilfiger,clothing,Sweaters,women,tommy-hilfiger-store,1800,3600,LOW STOCK,https://www.usa.tommy.com/p/tommy-hilfiger-10-tailored-knit-sweater,https://picsum.photos/seed/tommy-hilfiger-10-tailored-knit-sweater/600/600
Tommy Hilfiger Classic Trench Coat,tommy-hilfiger,clothing,Dresses,men,tommy-hilfiger-store,1425,1900,OUT OF STOCK,https://www.usa.tommy.com/p/tommy-hilfiger-11-classic-trench-coat,https://picsum.photos/seed/tommy-hilfiger-11-classic-trench-coat/600/600
Tommy Hilfiger Relaxed Midi Dress,tommy-hilfiger,clothing,Jackets,unisex,tommy-hilfiger-store,1050,1500,IN STOCK,https://www.usa.tommy.com/p/tommy-hilfiger-12-relaxed-midi-dress,https://picsum.photos/seed/tommy-hilfiger-12-relaxed-midi-dress/600/600
Tommy Hilfiger Slim Fit Blazer,tommy-hilfiger,clothing,Jeans,women,tommy-hilfiger-store,5070,7800,IN STOCK,https://www.usa.tommy.com/p/tommy-hilfiger-13-slim-fit-blazer,https://picsum.photos/seed/tommy-hilfiger-13-slim-fit-blazer/600/600
Tommy Hilfiger Oversized Shirt Dress,tommy-hilfiger,clothing,Shirts,men,tommy-hilfiger-store,5040,7200,OUT OF STOCK,https://www.usa.tommy.com/p/tommy-hilfiger-14-oversized-shirt-dress,https://picsum.photos/seed/tommy-hilfiger-14-oversized-shirt-dress/600/600
Tommy Hilfiger Tailored Denim Jacket,tommy-hilfiger,clothing,Sweaters,unisex,tommy-hilfiger-store,2925,4500,OUT OF STOCK,https://www.usa.tommy.com/p/tommy-hilfiger-15-tailored-denim-jacket,https://picsum.photos/seed/tommy-hilfiger-15-tailored-denim-jacket/600/600
Tommy Hilfiger Classic Knit Sweater,tommy-hilfiger,clothing,Dresses,women,tommy-hilfiger-store,6020,8600,IN STOCK,https://www.usa.tommy.com/p/tommy-hilfiger-16-classic-knit-sweater,https://picsum.photos/seed/tommy-hilfiger-16-classic-knit-sweater/600/600
Tommy Hilfiger Relaxed Trench Coat,tommy-hilfiger,clothing,Jackets,men,tommy-hilfiger-store,1870,3400,LOW STOCK,https://www.usa.tommy.com/p/tommy-hilfiger-17-relaxed-trench-coat,https://picsum.photos/seed/tommy-hilfiger-17-relaxed-trench-coat/600/600
Tommy Hilfiger Slim Fit Midi Dress,tommy-hilfiger,clothing,Jeans,unisex,tommy-hilfiger-store,975,1500,IN STOCK,https://www.usa.tommy.com/p/tommy-hilfiger-18-slim-fit-midi-dress,https://picsum.photos/seed/tommy-hilfiger-18-slim-fit-midi-dress/600/600
Tommy Hilfiger Oversized Blazer,tommy-hilfiger,clothing,Shirts,women,tommy-hilfiger-store,5270,6200,IN STOCK,https://www.usa.tommy.com/p/tommy-hilfiger-19-oversized-blazer,https://picsum.photos/seed/tommy-hilfiger-19-oversized-blazer/600/600
Tommy Hilfiger Tailored Shirt Dress,tommy-hilfiger,clothing,Sweaters,men,tommy-hilfiger-store,3120,5200,IN STOCK,https://www.usa.tommy.com/p/tommy-hilfiger-20-tailored-shirt-dress,https://picsum.photos/seed/tommy-hilfiger-20-tailored-shirt-dress/600/600
Lacoste Classic Blazer,lacoste,clothing,Dresses,women,lacoste-store,3910,4600,IN STOCK,https://www.lacoste.com/p/lacoste-1-classic-blazer,https://picsum.photos/seed/lacoste-1-classic-blazer/600/600
Lacoste Relaxed Shirt Dress,lacoste,clothing,Jackets,men,lacoste-store,5655,8700,IN STOCK,https://www.lacoste.com/p/lacoste-2-relaxed-shirt-dress,https://picsum.photos/seed/lacoste-2-relaxed-shirt-dress/600/600
Lacoste Slim Fit Denim Jacket,lacoste,clothing,Jeans,unisex,lacoste-store,3910,4600,LOW STOCK,https://www.lacoste.com/p/lacoste-3-slim-fit-denim-jacket,https://picsum.photos/seed/lacoste-3-slim-fit-denim-jacket/600/600
Lacoste Oversized Knit Sweater,lacoste,clothing,Shirts,women,lacoste-store,1820,2800,IN STOCK,https://www.lacoste.com/p/lacoste-4-oversized-knit-sweater,https://picsum.photos/seed/lacoste-4-oversized-knit-sweater/600/600
Lacoste Tailored Trench Coat,lacoste,clothing,Sweaters,men,lacoste-store,1575,2100,IN STOCK,https://www.lacoste.com/p/lacoste-5-tailored-trench-coat,https://picsum.photos/seed/lacoste-5-tailored-trench-coat/600/600
Lacoste Classic Midi Dress,lacoste,clothing,Dresses,unisex,lacoste-store,2175,2900,IN STOCK,https://www.lacoste.com/p/lacoste-6-classic-midi-dress,https://picsum.photos/seed/lacoste-6-classic-midi-dress/600/600
Lacoste Relaxed Blazer,lacoste,clothing,Jackets,women,lacoste-store,1280,1600,LOW STOCK,https://www.lacoste.com/p/lacoste-7-relaxed-blazer,https://picsum.photos/seed/lacoste-7-relaxed-blazer/600/600
Lacoste Slim Fit Shirt Dress,lacoste,clothing,Jeans,men,lacoste-store,3500,7000,IN STOCK,https://www.lacoste.com/p/lacoste-8-slim-fit-shirt-dress,https://picsum.photos/seed/lacoste-8-slim-fit-shirt-dress/600/600
Lacoste Oversized Denim Jacket,lacoste,clothing,Shirts,unisex,lacoste-store,1680,2400,IN STOCK,https://www.lacoste.com/p/lacoste-9-oversized-denim-jacket,https://picsum.photos/seed/lacoste-9-oversized-denim-jacket/600/600
Lacoste Tailored Knit Sweater,lacoste,clothing,Sweaters,women,lacoste-store,4550,6500,IN STOCK,https://www.lacoste.com/p/lacoste-10-tailored-knit-sweater,https://picsum.photos/seed/lacoste-10-tailored-knit-sweater/600/600
Lacoste Classic Trench Coat,lacoste,clothing,Dresses,men,lacoste-store,2295,2700,IN STOCK,https://www.lacoste.com/p/lacoste-11-classic-trench-coat,https://picsum.photos/seed/lacoste-11-classic-trench-coat/600/600
Lacoste Relaxed Midi Dress,lacoste,clothing,Jackets,unisex,lacoste-store,3850,7000,LOW STOCK,https://www.lacoste.com/p/lacoste-12-relaxed-midi-dress,https://picsum.photos/seed/lacoste-12-relaxed-midi-dress/600/600
Lacoste Slim Fit Blazer,lacoste,clothing,Jeans,women,lacoste-store,7225,8500,IN STOCK,https://www.lacoste.com/p/lacoste-13-slim-fit-blazer,https://picsum.photos/seed/lacoste-13-slim-fit-blazer/600/600
Lacoste Oversized Shirt Dress,lacoste,clothing,Shirts,men,lacoste-store,2280,3800,IN STOCK,https://www.lacoste.com/p/lacoste-14-oversized-shirt-dress,https://picsum.photos/seed/lacoste-14-oversized-shirt-dress/600/600
Lacoste Tailored Denim Jacket,lacoste,clothing,Sweaters,unisex,lacoste-store,3100,6200,IN STOCK,https://www.lacoste.com/p/lacoste-15-tailored-denim-jacket,https://picsum.photos/seed/lacoste-15-tailored-denim-jacket/600/600
Lacoste Classic Knit Sweater,lacoste,clothing,Dresses,women,lacoste-store,2200,4400,IN STOCK,https://www.lacoste.com/p/lacoste-16-classic-knit-sweater,https://picsum.photos/seed/lacoste-16-classic-knit-sweater/600/600
Lacoste Relaxed Trench Coat,lacoste,clothing,Jackets,men,lacoste-store,4160,6400,IN STOCK,https://www.lacoste.com/p/lacoste-17-relaxed-trench-coat,https://picsum.photos/seed/lacoste-17-relaxed-trench-coat/600/600
Lacoste Slim Fit Midi Dress,lacoste,clothing,Jeans,unisex,lacoste-store,3360,5600,IN STOCK,https://www.lacoste.com/p/lacoste-18-slim-fit-midi-dress,https://picsum.photos/seed/lacoste-18-slim-fit-midi-dress/600/600
Lacoste Oversized Blazer,lacoste,clothing,Shirts,women,lacoste-store,4080,6800,IN STOCK,https://www.lacoste.com/p/lacoste-19-oversized-blazer,https://picsum.photos/seed/lacoste-19-oversized-blazer/600/600
Lacoste Tailored Shirt Dress,lacoste,clothing,Sweaters,men,lacoste-store,6800,8000,IN STOCK,https://www.lacoste.com/p/lacoste-20-tailored-shirt-dress,https://picsum.photos/seed/lacoste-20-tailored-shirt-dress/600/600
Hugo Boss Classic Blazer,hugo-boss,clothing,Dresses,women,hugo-boss-store,14880,18600,IN STOCK,https://www.hugoboss.com/p/hugo-boss-1-classic-blazer,https://picsum.photos/seed/hugo-boss-1-classic-blazer/600/600
Hugo Boss Relaxed Shirt Dress,hugo-boss,clothing,Jackets,men,hugo-boss-store,7200,12000,IN STOCK,https://www.hugoboss.com/p/hugo-boss-2-relaxed-shirt-dress,https://picsum.photos/seed/hugo-boss-2-relaxed-shirt-dress/600/600
Hugo Boss Slim Fit Denim Jacket,hugo-boss,clothing,Jeans,unisex,hugo-boss-store,14025,16500,IN STOCK,https://www.hugoboss.com/p/hugo-boss-3-slim-fit-denim-jacket,https://picsum.photos/seed/hugo-boss-3-slim-fit-denim-jacket/600/600
Hugo Boss Oversized Knit Sweater,hugo-boss,clothing,Shirts,women,hugo-boss-store,3750,7500,IN STOCK,https://www.hugoboss.com/p/hugo-boss-4-oversized-knit-sweater,https://picsum.photos/seed/hugo-boss-4-oversized-knit-sweater/600/600
Hugo Boss Tailored Trench Coat,hugo-boss,clothing,Sweaters,men,hugo-boss-store,3600,4800,IN STOCK,https://www.hugoboss.com/p/hugo-boss-5-tailored-trench-coat,https://picsum.photos/seed/hugo-boss-5-tailored-trench-coat/600/600
Hugo Boss Classic Midi Dress,hugo-boss,clothing,Dresses,unisex,hugo-boss-store,4830,6900,IN STOCK,https://www.hugoboss.com/p/hugo-boss-6-classic-midi-dress,https://picsum.photos/seed/hugo-boss-6-classic-midi-dress/600/600
Hugo Boss Relaxed Blazer,hugo-boss,clothing,Jackets,women,hugo-boss-store,7600,9500,IN STOCK,https://www.hugoboss.com/p/hugo-boss-7-relaxed-blazer,https://picsum.photos/seed/hugo-boss-7-relaxed-blazer/600/600
Hugo Boss Slim Fit Shirt Dress,hugo-boss,clothing,Jeans,men,hugo-boss-store,18870,22200,IN STOCK,https://www.hugoboss.com/p/hugo-boss-8-slim-fit-shirt-dress,https://picsum.photos/seed/hugo-boss-8-slim-fit-shirt-dress/600/600
Hugo Boss Oversized Denim Jacket,hugo-boss,clothing,Shirts,unisex,hugo-boss-store,6760,10400,IN STOCK,https://www.hugoboss.com/p/hugo-boss-9-oversized-denim-jacket,https://picsum.photos/seed/hugo-boss-9-oversized-denim-jacket/600/600
Hugo Boss Tailored Knit Sweater,hugo-boss,clothing,Sweaters,women,hugo-boss-store,11800,23600,IN STOCK,https://www.hugoboss.com/p/hugo-boss-10-tailored-knit-sweater,https://picsum.photos/seed/hugo-boss-10-tailored-knit-sweater/600/600
Hugo Boss Classic Trench Coat,hugo-boss,clothing,Dresses,men,hugo-boss-store,14880,18600,IN STOCK,https://www.hugoboss.com/p/hugo-boss-11-classic-trench-coat,https://picsum.photos/seed/hugo-boss-11-classic-trench-coat/600/600
Hugo Boss Relaxed Midi Dress,hugo-boss,clothing,Jackets,unisex,hugo-boss-store,5325,7100,IN STOCK,https://www.hugoboss.com/p/hugo-boss-12-relaxed-midi-dress,https://picsum.photos/seed/hugo-boss-12-relaxed-midi-dress/600/600
Hugo Boss Slim Fit Blazer,hugo-boss,clothing,Jeans,women,hugo-boss-store,4000,8000,IN STOCK,https://www.hugoboss.com/p/hugo-boss-13-slim-fit-blazer,https://picsum.photos/seed/hugo-boss-13-slim-fit-blazer/600/600
Hugo Boss Oversized Shirt Dress,hugo-boss,clothing,Shirts,men,hugo-boss-store,13260,20400,IN STOCK,https://www.hugoboss.com/p/hugo-boss-14-oversized-shirt-dress,https://picsum.photos/seed/hugo-boss-14-oversized-shirt-dress/600/600
Hugo Boss Tailored Denim Jacket,hugo-boss,clothing,Sweaters,unisex,hugo-boss-store,4400,8000,LOW STOCK,https://www.hugoboss.com/p/hugo-boss-15-tailored-denim-jacket,https://picsum.photos/seed/hugo-boss-15-tailored-denim-jacket/600/600
Hugo Boss Classic Knit Sweater,hugo-boss,clothing,Dresses,women,hugo-boss-store,15189,21700,LOW STOCK,https://www.hugoboss.com/p/hugo-boss-16-classic-knit-sweater,https://picsum.photos/seed/hugo-boss-16-classic-knit-sweater/600/600
Hugo Boss Relaxed Trench Coat,hugo-boss,clothing,Jackets,men,hugo-boss-store,4400,8800,IN STOCK,https://www.hugoboss.com/p/hugo-boss-17-relaxed-trench-coat,https://picsum.photos/seed/hugo-boss-17-relaxed-trench-coat/600/600
Hugo Boss Slim Fit Midi Dress,hugo-boss,clothing,Jeans,unisex,hugo-boss-store,7990,9400,LOW STOCK,https://www.hugoboss.com/p/hugo-boss-18-slim-fit-midi-dress,https://picsum.photos/seed/hugo-boss-18-slim-fit-midi-dress/600/600
Hugo Boss Oversized Blazer,hugo-boss,clothing,Shirts,women,hugo-boss-store,9185,16700,IN STOCK,https://www.hugoboss.com/p/hugo-boss-19-oversized-blazer,https://picsum.photos/seed/hugo-boss-19-oversized-blazer/600/600
Hugo Boss Tailored Shirt Dress,hugo-boss,clothing,Sweaters,men,hugo-boss-store,20230,23800,IN STOCK,https://www.hugoboss.com/p/hugo-boss-20-tailored-shirt-dress,https://picsum.photos/seed/hugo-boss-20-tailored-shirt-dress/600/600
Michael Kors Structured Tote Bag,michael-kors,bags,Handbags,women,michael-kors-store,121890,143400,IN STOCK,https://www.michaelkors.com/p/michael-kors-1-structured-tote-bag,https://picsum.photos/seed/michael-kors-1-structured-tote-bag/600/600
Michael Kors Compact Crossbody Bag,michael-kors,bags,Crossbody Bags,men,michael-kors-store,35420,64400,IN STOCK,https://www.michaelkors.com/p/michael-kors-2-compact-crossbody-bag,https://picsum.photos/seed/michael-kors-2-compact-crossbody-bag/600/600
Michael Kors Signature Wallet,michael-kors,bags,Totes,unisex,michael-kors-store,35145,63900,LOW STOCK,https://www.michaelkors.com/p/michael-kors-3-signature-wallet,https://picsum.photos/seed/michael-kors-3-signature-wallet/600/600
Michael Kors Pebbled Leather Clutch,michael-kors,bags,Wallets,women,michael-kors-store,56400,94000,LOW STOCK,https://www.michaelkors.com/p/michael-kors-4-pebbled-leather-clutch,https://picsum.photos/seed/michael-kors-4-pebbled-leather-clutch/600/600
Michael Kors Structured Shoulder Bag,michael-kors,bags,Handbags,men,michael-kors-store,111435,131100,IN STOCK,https://www.michaelkors.com/p/michael-kors-5-structured-shoulder-bag,https://picsum.photos/seed/michael-kors-5-structured-shoulder-bag/600/600
Michael Kors Compact Tote Bag,michael-kors,bags,Crossbody Bags,unisex,michael-kors-store,23520,39200,IN STOCK,https://www.michaelkors.com/p/michael-kors-6-compact-tote-bag,https://picsum.photos/seed/michael-kors-6-compact-tote-bag/600/600
Michael Kors Signature Crossbody Bag,michael-kors,bags,Totes,women,michael-kors-store,64005,75300,IN STOCK,https://www.michaelkors.com/p/michael-kors-7-signature-crossbody-bag,https://picsum.photos/seed/michael-kors-7-signature-crossbody-bag/600/600
Michael Kors Pebbled Leather Wallet,michael-kors,bags,Wallets,men,michael-kors-store,67200,89600,IN STOCK,https://www.michaelkors.com/p/michael-kors-8-pebbled-leather-wallet,https://picsum.photos/seed/michael-kors-8-pebbled-leather-wallet/600/600
Michael Kors Structured Clutch,michael-kors,bags,Handbags,unisex,michael-kors-store,53760,76800,IN STOCK,https://www.michaelkors.com/p/michael-kors-9-structured-clutch,https://picsum.photos/seed/michael-kors-9-structured-clutch/600/600
Michael Kors Compact Shoulder Bag,michael-kors,bags,Crossbody Bags,women,michael-kors-store,15889,22700,IN STOCK,https://www.michaelkors.com/p/michael-kors-10-compact-shoulder-bag,https://picsum.photos/seed/michael-kors-10-compact-shoulder-bag/600/600
Michael Kors Signature Tote Bag,michael-kors,bags,Totes,men,michael-kors-store,80905,147100,IN STOCK,https://www.michaelkors.com/p/michael-kors-11-signature-tote-bag,https://picsum.photos/seed/michael-kors-11-signature-tote-bag/600/600
Michael Kors Pebbled Leather Crossbody Bag,michael-kors,bags,Wallets,unisex,michael-kors-store,71400,142800,IN STOCK,https://www.michaelkors.com/p/michael-kors-12-pebbled-leather-crossbody-bag,https://picsum.photos/seed/michael-kors-12-pebbled-leather-crossbody-bag/600/600
Michael Kors Structured Wallet,michael-kors,bags,Handbags,women,michael-kors-store,107185,126100,IN STOCK,https://www.michaelkors.com/p/michael-kors-13-structured-wallet,https://picsum.photos/seed/michael-kors-13-structured-wallet/600/600
Michael Kors Compact Clutch,michael-kors,bags,Crossbody Bags,men,michael-kors-store,67665,104100,LOW STOCK,https://www.michaelkors.com/p/michael-kors-14-compact-clutch,https://picsum.photos/seed/michael-kors-14-compact-clutch/600/600
Michael Kors Signature Shoulder Bag,michael-kors,bags,Totes,unisex,michael-kors-store,66105,101700,IN STOCK,https://www.michaelkors.com/p/michael-kors-15-signature-shoulder-bag,https://picsum.photos/seed/michael-kors-15-signature-shoulder-bag/600/600
Michael Kors Pebbled Leather Tote Bag,michael-kors,bags,Wallets,women,michael-kors-store,106845,125700,IN STOCK,https://www.michaelkors.com/p/michael-kors-16-pebbled-leather-tote-bag,https://picsum.photos/seed/michael-kors-16-pebbled-leather-tote-bag/600/600
Michael Kors Structured Crossbody Bag,michael-kors,bags,Handbags,men,michael-kors-store,42240,52800,IN STOCK,https://www.michaelkors.com/p/michael-kors-17-structured-crossbody-bag,https://picsum.photos/seed/michael-kors-17-structured-crossbody-bag/600/600
Michael Kors Compact Wallet,michael-kors,bags,Crossbody Bags,unisex,michael-kors-store,53760,76800,OUT OF STOCK,https://www.michaelkors.com/p/michael-kors-18-compact-wallet,https://picsum.photos/seed/michael-kors-18-compact-wallet/600/600
Michael Kors Signature Clutch,michael-kors,bags,Totes,women,michael-kors-store,46160,57700,IN STOCK,https://www.michaelkors.com/p/michael-kors-19-signature-clutch,https://picsum.photos/seed/michael-kors-19-signature-clutch/600/600
Michael Kors Pebbled Leather Shoulder Bag,michael-kors,bags,Wallets,men,michael-kors-store,78675,104900,IN STOCK,https://www.michaelkors.com/p/michael-kors-20-pebbled-leather-shoulder-bag,https://picsum.photos/seed/michael-kors-20-pebbled-leather-shoulder-bag/600/600
Coach Structured Tote Bag,coach,bags,Handbags,women,coach-store,63635,97900,IN STOCK,https://www.coach.com/p/coach-1-structured-tote-bag,https://picsum.photos/seed/coach-1-structured-tote-bag/600/600
Coach Compact Crossbody Bag,coach,bags,Crossbody Bags,men,coach-store,73050,97400,IN STOCK,https://www.coach.com/p/coach-2-compact-crossbody-bag,https://picsum.photos/seed/coach-2-compact-crossbody-bag/600/600
Coach Signature Wallet,coach,bags,Totes,unisex,coach-store,65325,87100,LOW STOCK,https://www.coach.com/p/coach-3-signature-wallet,https://picsum.photos/seed/coach-3-signature-wallet/600/600
Coach Pebbled Leather Clutch,coach,bags,Wallets,women,coach-store,77000,140000,IN STOCK,https://www.coach.com/p/coach-4-pebbled-leather-clutch,https://picsum.photos/seed/coach-4-pebbled-leather-clutch/600/600
Coach Structured Shoulder Bag,coach,bags,Handbags,men,coach-store,39130,55900,IN STOCK,https://www.coach.com/p/coach-5-structured-shoulder-bag,https://picsum.photos/seed/coach-5-structured-shoulder-bag/600/600
Coach Compact Tote Bag,coach,bags,Crossbody Bags,unisex,coach-store,76050,117000,LOW STOCK,https://www.coach.com/p/coach-6-compact-tote-bag,https://picsum.photos/seed/coach-6-compact-tote-bag/600/600
Coach Signature Crossbody Bag,coach,bags,Totes,women,coach-store,69930,99900,IN STOCK,https://www.coach.com/p/coach-7-signature-crossbody-bag,https://picsum.photos/seed/coach-7-signature-crossbody-bag/600/600
Coach Pebbled Leather Wallet,coach,bags,Wallets,men,coach-store,27840,46400,IN STOCK,https://www.coach.com/p/coach-8-pebbled-leather-wallet,https://picsum.photos/seed/coach-8-pebbled-leather-wallet/600/600
Coach Structured Clutch,coach,bags,Handbags,unisex,coach-store,59670,91800,IN STOCK,https://www.coach.com/p/coach-9-structured-clutch,https://picsum.photos/seed/coach-9-structured-clutch/600/600
Coach Compact Shoulder Bag,coach,bags,Crossbody Bags,women,coach-store,52975,81500,IN STOCK,https://www.coach.com/p/coach-10-compact-shoulder-bag,https://picsum.photos/seed/coach-10-compact-shoulder-bag/600/600
Coach Signature Tote Bag,coach,bags,Totes,men,coach-store,44590,63700,IN STOCK,https://www.coach.com/p/coach-11-signature-tote-bag,https://picsum.photos/seed/coach-11-signature-tote-bag/600/600
Coach Pebbled Leather Crossbody Bag,coach,bags,Wallets,unisex,coach-store,50380,91600,OUT OF STOCK,https://www.coach.com/p/coach-12-pebbled-leather-crossbody-bag,https://picsum.photos/seed/coach-12-pebbled-leather-crossbody-bag/600/600
Coach Structured Wallet,coach,bags,Handbags,women,coach-store,61200,72000,LOW STOCK,https://www.coach.com/p/coach-13-structured-wallet,https://picsum.photos/seed/coach-13-structured-wallet/600/600
Coach Compact Clutch,coach,bags,Crossbody Bags,men,coach-store,28909,41300,IN STOCK,https://www.coach.com/p/coach-14-compact-clutch,https://picsum.photos/seed/coach-14-compact-clutch/600/600
Coach Signature Shoulder Bag,coach,bags,Totes,unisex,coach-store,31350,62700,IN STOCK,https://www.coach.com/p/coach-15-signature-shoulder-bag,https://picsum.photos/seed/coach-15-signature-shoulder-bag/600/600
Coach Pebbled Leather Tote Bag,coach,bags,Wallets,women,coach-store,94570,135100,IN STOCK,https://www.coach.com/p/coach-16-pebbled-leather-tote-bag,https://picsum.photos/seed/coach-16-pebbled-leather-tote-bag/600/600
Coach Structured Crossbody Bag,coach,bags,Handbags,men,coach-store,103020,121200,IN STOCK,https://www.coach.com/p/coach-17-structured-crossbody-bag,https://picsum.photos/seed/coach-17-structured-crossbody-bag/600/600
Coach Compact Wallet,coach,bags,Crossbody Bags,unisex,coach-store,17280,28800,IN STOCK,https://www.coach.com/p/coach-18-compact-wallet,https://picsum.photos/seed/coach-18-compact-wallet/600/600
Coach Signature Clutch,coach,bags,Totes,women,coach-store,15455,28100,LOW STOCK,https://www.coach.com/p/coach-19-signature-clutch,https://picsum.photos/seed/coach-19-signature-clutch/600/600
Coach Pebbled Leather Shoulder Bag,coach,bags,Wallets,men,coach-store,53120,66400,IN STOCK,https://www.coach.com/p/coach-20-pebbled-leather-shoulder-bag,https://picsum.photos/seed/coach-20-pebbled-leather-shoulder-bag/600/600
Kate Spade Structured Tote Bag,kate-spade,bags,Handbags,women,kate-spade-store,112275,149700,IN STOCK,https://www.katespade.com/p/kate-spade-1-structured-tote-bag,https://picsum.photos/seed/kate-spade-1-structured-tote-bag/600/600
Kate Spade Compact Crossbody Bag,kate-spade,bags,Crossbody Bags,men,kate-spade-store,64560,107600,IN STOCK,https://www.katespade.com/p/kate-spade-2-compact-crossbody-bag,https://picsum.photos/seed/kate-spade-2-compact-crossbody-bag/600/600
Kate Spade Signature Wallet,kate-spade,bags,Totes,unisex,kate-spade-store,30225,46500,LOW STOCK,https://www.katespade.com/p/kate-spade-3-signature-wallet,https://picsum.photos/seed/kate-spade-3-signature-wallet/600/600
Kate Spade Pebbled Leather Clutch,kate-spade,bags,Wallets,women,kate-spade-store,70320,87900,IN STOCK,https://www.katespade.com/p/kate-spade-4-pebbled-leather-clutch,https://picsum.photos/seed/kate-spade-4-pebbled-leather-clutch/600/600
Kate Spade Structured Shoulder Bag,kate-spade,bags,Handbags,men,kate-spade-store,58700,117400,IN STOCK,https://www.katespade.com/p/kate-spade-5-structured-shoulder-bag,https://picsum.photos/seed/kate-spade-5-structured-shoulder-bag/600/600
Kate Spade Compact Tote Bag,kate-spade,bags,Crossbody Bags,unisex,kate-spade-store,77025,102700,IN STOCK,https://www.katespade.com/p/kate-spade-6-compact-tote-bag,https://picsum.photos/seed/kate-spade-6-compact-tote-bag/600/600
Kate Spade Signature Crossbody Bag,kate-spade,bags,Totes,women,kate-spade-store,28475,33500,IN STOCK,https://www.katespade.com/p/kate-spade-7-signature-crossbody-bag,https://picsum.photos/seed/kate-spade-7-signature-crossbody-bag/600/600
Kate Spade Pebbled Leather Wallet,kate-spade,bags,Wallets,men,kate-spade-store,73680,92100,IN STOCK,https://www.katespade.com/p/kate-spade-8-pebbled-leather-wallet,https://picsum.photos/seed/kate-spade-8-pebbled-leather-wallet/600/600
Kate Spade Structured Clutch,kate-spade,bags,Handbags,unisex,kate-spade-store,109650,146200,IN STOCK,https://www.katespade.com/p/kate-spade-9-structured-clutch,https://picsum.photos/seed/kate-spade-9-structured-clutch/600/600
Kate Spade Compact Shoulder Bag,kate-spade,bags,Crossbody Bags,women,kate-spade-store,79755,122700,LOW STOCK,https://www.katespade.com/p/kate-spade-10-compact-shoulder-bag,https://picsum.photos/seed/kate-spade-10-compact-shoulder-bag/600/600
Kate Spade Signature Tote Bag,kate-spade,bags,Totes,men,kate-spade-store,79680,99600,IN STOCK,https://www.katespade.com/p/kate-spade-11-signature-tote-bag,https://picsum.photos/seed/kate-spade-11-signature-tote-bag/600/600
Kate Spade Pebbled Leather Crossbody Bag,kate-spade,bags,Wallets,unisex,kate-spade-store,39650,79300,IN STOCK,https://www.katespade.com/p/kate-spade-12-pebbled-leather-crossbody-bag,https://picsum.photos/seed/kate-spade-12-pebbled-leather-crossbody-bag/600/600
Kate Spade Structured Wallet,kate-spade,bags,Handbags,women,kate-spade-store,43030,66200,IN STOCK,https://www.katespade.com/p/kate-spade-13-structured-wallet,https://picsum.photos/seed/kate-spade-13-structured-wallet/600/600
Kate Spade Compact Clutch,kate-spade,bags,Crossbody Bags,men,kate-spade-store,48950,89000,IN STOCK,https://www.katespade.com/p/kate-spade-14-compact-clutch,https://picsum.photos/seed/kate-spade-14-compact-clutch/600/600
Kate Spade Signature Shoulder Bag,kate-spade,bags,Totes,unisex,kate-spade-store,10450,20900,IN STOCK,https://www.katespade.com/p/kate-spade-15-signature-shoulder-bag,https://picsum.photos/seed/kate-spade-15-signature-shoulder-bag/600/600
Kate Spade Pebbled Leather Tote Bag,kate-spade,bags,Wallets,women,kate-spade-store,44475,59300,IN STOCK,https://www.katespade.com/p/kate-spade-16-pebbled-leather-tote-bag,https://picsum.photos/seed/kate-spade-16-pebbled-leather-tote-bag/600/600
Kate Spade Structured Crossbody Bag,kate-spade,bags,Handbags,men,kate-spade-store,93900,125200,IN STOCK,https://www.katespade.com/p/kate-spade-17-structured-crossbody-bag,https://picsum.photos/seed/kate-spade-17-structured-crossbody-bag/600/600
Kate Spade Compact Wallet,kate-spade,bags,Crossbody Bags,unisex,kate-spade-store,48580,69400,IN STOCK,https://www.katespade.com/p/kate-spade-18-compact-wallet,https://picsum.photos/seed/kate-spade-18-compact-wallet/600/600
Kate Spade Signature Clutch,kate-spade,bags,Totes,women,kate-spade-store,84360,140600,IN STOCK,https://www.katespade.com/p/kate-spade-19-signature-clutch,https://picsum.photos/seed/kate-spade-19-signature-clutch/600/600
Kate Spade Pebbled Leather Shoulder Bag,kate-spade,bags,Wallets,men,kate-spade-store,91350,130500,OUT OF STOCK,https://www.katespade.com/p/kate-spade-20-pebbled-leather-shoulder-bag,https://picsum.photos/seed/kate-spade-20-pebbled-leather-shoulder-bag/600/600
Marc Jacobs Structured Tote Bag,marc-jacobs,bags,Handbags,women,marc-jacobs-store,25740,46800,LOW STOCK,https://www.marcjacobs.com/p/marc-jacobs-1-structured-tote-bag,https://picsum.photos/seed/marc-jacobs-1-structured-tote-bag/600/600
Marc Jacobs Compact Crossbody Bag,marc-jacobs,bags,Crossbody Bags,men,marc-jacobs-store,123505,145300,IN STOCK,https://www.marcjacobs.com/p/marc-jacobs-2-compact-crossbody-bag,https://picsum.photos/seed/marc-jacobs-2-compact-crossbody-bag/600/600
Marc Jacobs Signature Wallet,marc-jacobs,bags,Totes,unisex,marc-jacobs-store,26800,53600,IN STOCK,https://www.marcjacobs.com/p/marc-jacobs-3-signature-wallet,https://picsum.photos/seed/marc-jacobs-3-signature-wallet/600/600
Marc Jacobs Pebbled Leather Clutch,marc-jacobs,bags,Wallets,women,marc-jacobs-store,58695,90300,IN STOCK,https://www.marcjacobs.com/p/marc-jacobs-4-pebbled-leather-clutch,https://picsum.photos/seed/marc-jacobs-4-pebbled-leather-clutch/600/600
Marc Jacobs Structured Shoulder Bag,marc-jacobs,bags,Handbags,men,marc-jacobs-store,42515,77300,IN STOCK,https://www.marcjacobs.com/p/marc-jacobs-5-structured-shoulder-bag,https://picsum.photos/seed/marc-jacobs-5-structured-shoulder-bag/600/600
Marc Jacobs Compact Tote Bag,marc-jacobs,bags,Crossbody Bags,unisex,marc-jacobs-store,56865,66900,IN STOCK,https://www.marcjacobs.com/p/marc-jacobs-6-compact-tote-bag,https://picsum.photos/seed/marc-jacobs-6-compact-tote-bag/600/600
Marc Jacobs Signature Crossbody Bag,marc-jacobs,bags,Totes,women,marc-jacobs-store,33000,66000,LOW STOCK,https://www.marcjacobs.com/p/marc-jacobs-7-signature-crossbody-bag,https://picsum.photos/seed/marc-jacobs-7-signature-crossbody-bag/600/600
Marc Jacobs Pebbled Leather Wallet,marc-jacobs,bags,Wallets,men,marc-jacobs-store,86960,108700,IN STOCK,https://www.marcjacobs.com/p/marc-jacobs-8-pebbled-leather-wallet,https://picsum.photos/seed/marc-jacobs-8-pebbled-leather-wallet/600/600
Marc Jacobs Structured Clutch,marc-jacobs,bags,Handbags,unisex,marc-jacobs-store,18150,33000,IN STOCK,https://www.marcjacobs.com/p/marc-jacobs-9-structured-clutch,https://picsum.photos/seed/marc-jacobs-9-structured-clutch/600/600
Marc Jacobs Compact Shoulder Bag,marc-jacobs,bags,Crossbody Bags,women,marc-jacobs-store,54375,72500,LOW STOCK,https://www.marcjacobs.com/p/marc-jacobs-10-compact-shoulder-bag,https://picsum.photos/seed/marc-jacobs-10-compact-shoulder-bag/600/600
Marc Jacobs Signature Tote Bag,marc-jacobs,bags,Totes,men,marc-jacobs-store,80520,146400,IN STOCK,https://www.marcjacobs.com/p/marc-jacobs-11-signature-tote-bag,https://picsum.photos/seed/marc-jacobs-11-signature-tote-bag/600/600
Marc Jacobs Pebbled Leather Crossbody Bag,marc-jacobs,bags,Wallets,unisex,marc-jacobs-store,46620,77700,IN STOCK,https://www.marcjacobs.com/p/marc-jacobs-12-pebbled-leather-crossbody-bag,https://picsum.photos/seed/marc-jacobs-12-pebbled-leather-crossbody-bag/600/600
Marc Jacobs Structured Wallet,marc-jacobs,bags,Handbags,women,marc-jacobs-store,94240,117800,IN STOCK,https://www.marcjacobs.com/p/marc-jacobs-13-structured-wallet,https://picsum.photos/seed/marc-jacobs-13-structured-wallet/600/600
Marc Jacobs Compact Clutch,marc-jacobs,bags,Crossbody Bags,men,marc-jacobs-store,37020,61700,OUT OF STOCK,https://www.marcjacobs.com/p/marc-jacobs-14-compact-clutch,https://picsum.photos/seed/marc-jacobs-14-compact-clutch/600/600
Marc Jacobs Signature Shoulder Bag,marc-jacobs,bags,Totes,unisex,marc-jacobs-store,83395,128300,IN STOCK,https://www.marcjacobs.com/p/marc-jacobs-15-signature-shoulder-bag,https://picsum.photos/seed/marc-jacobs-15-signature-shoulder-bag/600/600
Marc Jacobs Pebbled Leather Tote Bag,marc-jacobs,bags,Wallets,women,marc-jacobs-store,22425,34500,IN STOCK,https://www.marcjacobs.com/p/marc-jacobs-16-pebbled-leather-tote-bag,https://picsum.photos/seed/marc-jacobs-16-pebbled-leather-tote-bag/600/600
Marc Jacobs Structured Crossbody Bag,marc-jacobs,bags,Handbags,men,marc-jacobs-store,70180,127600,IN STOCK,https://www.marcjacobs.com/p/marc-jacobs-17-structured-crossbody-bag,https://picsum.photos/seed/marc-jacobs-17-structured-crossbody-bag/600/600
Marc Jacobs Compact Wallet,marc-jacobs,bags,Crossbody Bags,unisex,marc-jacobs-store,57655,88700,LOW STOCK,https://www.marcjacobs.com/p/marc-jacobs-18-compact-wallet,https://picsum.photos/seed/marc-jacobs-18-compact-wallet/600/600
Marc Jacobs Signature Clutch,marc-jacobs,bags,Totes,women,marc-jacobs-store,33040,47200,IN STOCK,https://www.marcjacobs.com/p/marc-jacobs-19-signature-clutch,https://picsum.photos/seed/marc-jacobs-19-signature-clutch/600/600
Marc Jacobs Pebbled Leather Shoulder Bag,marc-jacobs,bags,Wallets,men,marc-jacobs-store,22320,27900,IN STOCK,https://www.marcjacobs.com/p/marc-jacobs-20-pebbled-leather-shoulder-bag,https://picsum.photos/seed/marc-jacobs-20-pebbled-leather-shoulder-bag/600/600
Tory Burch Structured Tote Bag,tory-burch,bags,Handbags,women,tory-burch-store,87295,102700,IN STOCK,https://www.toryburch.com/p/tory-burch-1-structured-tote-bag,https://picsum.photos/seed/tory-burch-1-structured-tote-bag/600/600
Tory Burch Compact Crossbody Bag,tory-burch,bags,Crossbody Bags,men,tory-burch-store,18190,21400,IN STOCK,https://www.toryburch.com/p/tory-burch-2-compact-crossbody-bag,https://picsum.photos/seed/tory-burch-2-compact-crossbody-bag/600/600
Tory Burch Signature Wallet,tory-burch,bags,Totes,unisex,tory-burch-store,93925,110500,LOW STOCK,https://www.toryburch.com/p/tory-burch-3-signature-wallet,https://picsum.photos/seed/tory-burch-3-signature-wallet/600/600
Tory Burch Pebbled Leather Clutch,tory-burch,bags,Wallets,women,tory-burch-store,57680,72100,IN STOCK,https://www.toryburch.com/p/tory-burch-4-pebbled-leather-clutch,https://picsum.photos/seed/tory-burch-4-pebbled-leather-clutch/600/600
Tory Burch Structured Shoulder Bag,tory-burch,bags,Handbags,men,tory-burch-store,91460,107600,IN STOCK,https://www.toryburch.com/p/tory-burch-5-structured-shoulder-bag,https://picsum.photos/seed/tory-burch-5-structured-shoulder-bag/600/600
Tory Burch Compact Tote Bag,tory-burch,bags,Crossbody Bags,unisex,tory-burch-store,55445,85300,LOW STOCK,https://www.toryburch.com/p/tory-burch-6-compact-tote-bag,https://picsum.photos/seed/tory-burch-6-compact-tote-bag/600/600
Tory Burch Signature Crossbody Bag,tory-burch,bags,Totes,women,tory-burch-store,103050,137400,IN STOCK,https://www.toryburch.com/p/tory-burch-7-signature-crossbody-bag,https://picsum.photos/seed/tory-burch-7-signature-crossbody-bag/600/600
Tory Burch Pebbled Leather Wallet,tory-burch,bags,Wallets,men,tory-burch-store,59120,73900,IN STOCK,https://www.toryburch.com/p/tory-burch-8-pebbled-leather-wallet,https://picsum.photos/seed/tory-burch-8-pebbled-leather-wallet/600/600
Tory Burch Structured Clutch,tory-burch,bags,Handbags,unisex,tory-burch-store,70320,87900,IN STOCK,https://www.toryburch.com/p/tory-burch-9-structured-clutch,https://picsum.photos/seed/tory-burch-9-structured-clutch/600/600
Tory Burch Compact Shoulder Bag,tory-burch,bags,Crossbody Bags,women,tory-burch-store,22500,30000,LOW STOCK,https://www.toryburch.com/p/tory-burch-10-compact-shoulder-bag,https://picsum.photos/seed/tory-burch-10-compact-shoulder-bag/600/600
Tory Burch Signature Tote Bag,tory-burch,bags,Totes,men,tory-burch-store,42150,84300,IN STOCK,https://www.toryburch.com/p/tory-burch-11-signature-tote-bag,https://picsum.photos/seed/tory-burch-11-signature-tote-bag/600/600
Tory Burch Pebbled Leather Crossbody Bag,tory-burch,bags,Wallets,unisex,tory-burch-store,106845,125700,IN STOCK,https://www.toryburch.com/p/tory-burch-12-pebbled-leather-crossbody-bag,https://picsum.photos/seed/tory-burch-12-pebbled-leather-crossbody-bag/600/600
Tory Burch Structured Wallet,tory-burch,bags,Handbags,women,tory-burch-store,65820,109700,IN STOCK,https://www.toryburch.com/p/tory-burch-13-structured-wallet,https://picsum.photos/seed/tory-burch-13-structured-wallet/600/600
Tory Burch Compact Clutch,tory-burch,bags,Crossbody Bags,men,tory-burch-store,30720,51200,IN STOCK,https://www.toryburch.com/p/tory-burch-14-compact-clutch,https://picsum.photos/seed/tory-burch-14-compact-clutch/600/600
Tory Burch Signature Shoulder Bag,tory-burch,bags,Totes,unisex,tory-burch-store,15795,24300,IN STOCK,https://www.toryburch.com/p/tory-burch-15-signature-shoulder-bag,https://picsum.photos/seed/tory-burch-15-signature-shoulder-bag/600/600
Tory Burch Pebbled Leather Tote Bag,tory-burch,bags,Wallets,women,tory-burch-store,106080,132600,IN STOCK,https://www.toryburch.com/p/tory-burch-16-pebbled-leather-tote-bag,https://picsum.photos/seed/tory-burch-16-pebbled-leather-tote-bag/600/600
Tory Burch Structured Crossbody Bag,tory-burch,bags,Handbags,men,tory-burch-store,43450,79000,IN STOCK,https://www.toryburch.com/p/tory-burch-17-structured-crossbody-bag,https://picsum.photos/seed/tory-burch-17-structured-crossbody-bag/600/600
Tory Burch Compact Wallet,tory-burch,bags,Crossbody Bags,unisex,tory-burch-store,26840,48800,IN STOCK,https://www.toryburch.com/p/tory-burch-18-compact-wallet,https://picsum.photos/seed/tory-burch-18-compact-wallet/600/600
Tory Burch Signature Clutch,tory-burch,bags,Totes,women,tory-burch-store,123930,145800,IN STOCK,https://www.toryburch.com/p/tory-burch-19-signature-clutch,https://picsum.photos/seed/tory-burch-19-signature-clutch/600/600
Tory Burch Pebbled Leather Shoulder Bag,tory-burch,bags,Wallets,men,tory-burch-store,70910,101300,IN STOCK,https://www.toryburch.com/p/tory-burch-20-pebbled-leather-shoulder-bag,https://picsum.photos/seed/tory-burch-20-pebbled-leather-shoulder-bag/600/600
Ted Baker Classic Blazer,ted-baker,clothing,Dresses,women,ted-baker-store,4050,5400,LOW STOCK,https://www.tedbaker.com/p/ted-baker-1-classic-blazer,https://picsum.photos/seed/ted-baker-1-classic-blazer/600/600
Ted Baker Relaxed Shirt Dress,ted-baker,clothing,Jackets,men,ted-baker-store,5820,9700,IN STOCK,https://www.tedbaker.com/p/ted-baker-2-relaxed-shirt-dress,https://picsum.photos/seed/ted-baker-2-relaxed-shirt-dress/600/600
Ted Baker Slim Fit Denim Jacket,ted-baker,clothing,Jeans,unisex,ted-baker-store,12285,18900,IN STOCK,https://www.tedbaker.com/p/ted-baker-3-slim-fit-denim-jacket,https://picsum.photos/seed/ted-baker-3-slim-fit-denim-jacket/600/600
Ted Baker Oversized Knit Sweater,ted-baker,clothing,Shirts,women,ted-baker-store,6150,12300,OUT OF STOCK,https://www.tedbaker.com/p/ted-baker-4-oversized-knit-sweater,https://picsum.photos/seed/ted-baker-4-oversized-knit-sweater/600/600
Ted Baker Tailored Trench Coat,ted-baker,clothing,Sweaters,men,ted-baker-store,4340,6200,IN STOCK,https://www.tedbaker.com/p/ted-baker-5-tailored-trench-coat,https://picsum.photos/seed/ted-baker-5-tailored-trench-coat/600/600
Ted Baker Classic Midi Dress,ted-baker,clothing,Dresses,unisex,ted-baker-store,16239,23200,IN STOCK,https://www.tedbaker.com/p/ted-baker-6-classic-midi-dress,https://picsum.photos/seed/ted-baker-6-classic-midi-dress/600/600
Ted Baker Relaxed Blazer,ted-baker,clothing,Jackets,women,ted-baker-store,8550,17100,IN STOCK,https://www.tedbaker.com/p/ted-baker-7-relaxed-blazer,https://picsum.photos/seed/ted-baker-7-relaxed-blazer/600/600
Ted Baker Slim Fit Shirt Dress,ted-baker,clothing,Jeans,men,ted-baker-store,9600,12000,IN STOCK,https://www.tedbaker.com/p/ted-baker-8-slim-fit-shirt-dress,https://picsum.photos/seed/ted-baker-8-slim-fit-shirt-dress/600/600
Ted Baker Oversized Denim Jacket,ted-baker,clothing,Shirts,unisex,ted-baker-store,8635,15700,IN STOCK,https://www.tedbaker.com/p/ted-baker-9-oversized-denim-jacket,https://picsum.photos/seed/ted-baker-9-oversized-denim-jacket/600/600
Ted Baker Tailored Knit Sweater,ted-baker,clothing,Sweaters,women,ted-baker-store,7425,13500,IN STOCK,https://www.tedbaker.com/p/ted-baker-10-tailored-knit-sweater,https://picsum.photos/seed/ted-baker-10-tailored-knit-sweater/600/600
Ted Baker Classic Trench Coat,ted-baker,clothing,Dresses,men,ted-baker-store,4680,7800,IN STOCK,https://www.tedbaker.com/p/ted-baker-11-classic-trench-coat,https://picsum.photos/seed/ted-baker-11-classic-trench-coat/600/600
Ted Baker Relaxed Midi Dress,ted-baker,clothing,Jackets,unisex,ted-baker-store,9960,16600,IN STOCK,https://www.tedbaker.com/p/ted-baker-12-relaxed-midi-dress,https://picsum.photos/seed/ted-baker-12-relaxed-midi-dress/600/600
Ted Baker Slim Fit Blazer,ted-baker,clothing,Jeans,women,ted-baker-store,4880,6100,IN STOCK,https://www.tedbaker.com/p/ted-baker-13-slim-fit-blazer,https://picsum.photos/seed/ted-baker-13-slim-fit-blazer/600/600
Ted Baker Oversized Shirt Dress,ted-baker,clothing,Shirts,men,ted-baker-store,10850,15500,IN STOCK,https://www.tedbaker.com/p/ted-baker-14-oversized-shirt-dress,https://picsum.photos/seed/ted-baker-14-oversized-shirt-dress/600/600
Ted Baker Tailored Denim Jacket,ted-baker,clothing,Sweaters,unisex,ted-baker-store,12545,19300,IN STOCK,https://www.tedbaker.com/p/ted-baker-15-tailored-denim-jacket,https://picsum.photos/seed/ted-baker-15-tailored-denim-jacket/600/600
Ted Baker Classic Knit Sweater,ted-baker,clothing,Dresses,women,ted-baker-store,15555,18300,IN STOCK,https://www.tedbaker.com/p/ted-baker-16-classic-knit-sweater,https://picsum.photos/seed/ted-baker-16-classic-knit-sweater/600/600
Ted Baker Relaxed Trench Coat,ted-baker,clothing,Jackets,men,ted-baker-store,2880,4800,LOW STOCK,https://www.tedbaker.com/p/ted-baker-17-relaxed-trench-coat,https://picsum.photos/seed/ted-baker-17-relaxed-trench-coat/600/600
Ted Baker Slim Fit Midi Dress,ted-baker,clothing,Jeans,unisex,ted-baker-store,8925,11900,IN STOCK,https://www.tedbaker.com/p/ted-baker-18-slim-fit-midi-dress,https://picsum.photos/seed/ted-baker-18-slim-fit-midi-dress/600/600
Ted Baker Oversized Blazer,ted-baker,clothing,Shirts,women,ted-baker-store,9600,12800,IN STOCK,https://www.tedbaker.com/p/ted-baker-19-oversized-blazer,https://picsum.photos/seed/ted-baker-19-oversized-blazer/600/600
Ted Baker Tailored Shirt Dress,ted-baker,clothing,Sweaters,men,ted-baker-store,13510,19300,IN STOCK,https://www.tedbaker.com/p/ted-baker-20-tailored-shirt-dress,https://picsum.photos/seed/ted-baker-20-tailored-shirt-dress/600/600
Fossil Classic Watch,fossil,watches,Watches,men,fossil-store,10920,15600,IN STOCK,https://www.fossil.com/p/fossil-1-classic-watch,https://picsum.photos/seed/fossil-1-classic-watch/600/600
Fossil Minimalist Chronograph Watch,fossil,watches,Smartwatches,women,fossil-store,11410,16300,IN STOCK,https://www.fossil.com/p/fossil-2-minimalist-chronograph-watch,https://picsum.photos/seed/fossil-2-minimalist-chronograph-watch/600/600
Fossil Chronograph Leather Strap Watch,fossil,watches,Watches,unisex,fossil-store,13720,19600,IN STOCK,https://www.fossil.com/p/fossil-3-chronograph-leather-strap-watch,https://picsum.photos/seed/fossil-3-chronograph-leather-strap-watch/600/600
Fossil Stainless Steel Watch,fossil,watches,Smartwatches,men,fossil-store,14100,18800,LOW STOCK,https://www.fossil.com/p/fossil-4-stainless-steel-watch,https://picsum.photos/seed/fossil-4-stainless-steel-watch/600/600
Fossil Classic Chronograph Watch,fossil,watches,Watches,women,fossil-store,6250,12500,IN STOCK,https://www.fossil.com/p/fossil-5-classic-chronograph-watch,https://picsum.photos/seed/fossil-5-classic-chronograph-watch/600/600
Fossil Minimalist Leather Strap Watch,fossil,watches,Smartwatches,unisex,fossil-store,11270,16100,IN STOCK,https://www.fossil.com/p/fossil-6-minimalist-leather-strap-watch,https://picsum.photos/seed/fossil-6-minimalist-leather-strap-watch/600/600
Fossil Chronograph Watch,fossil,watches,Watches,men,fossil-store,14489,20700,IN STOCK,https://www.fossil.com/p/fossil-7-chronograph-watch,https://picsum.photos/seed/fossil-7-chronograph-watch/600/600
Fossil Stainless Steel Chronograph Watch,fossil,watches,Smartwatches,women,fossil-store,6400,8000,IN STOCK,https://www.fossil.com/p/fossil-8-stainless-steel-chronograph-watch,https://picsum.photos/seed/fossil-8-stainless-steel-chronograph-watch/600/600
Fossil Classic Leather Strap Watch,fossil,watches,Watches,unisex,fossil-store,7095,12900,IN STOCK,https://www.fossil.com/p/fossil-9-classic-leather-strap-watch,https://picsum.photos/seed/fossil-9-classic-leather-strap-watch/600/600
Fossil Minimalist Watch,fossil,watches,Smartwatches,men,fossil-store,16950,22600,IN STOCK,https://www.fossil.com/p/fossil-10-minimalist-watch,https://picsum.photos/seed/fossil-10-minimalist-watch/600/600
Fossil Chronograph Chronograph Watch,fossil,watches,Watches,women,fossil-store,13440,16800,IN STOCK,https://www.fossil.com/p/fossil-11-chronograph-chronograph-watch,https://picsum.photos/seed/fossil-11-chronograph-chronograph-watch/600/600
Fossil Stainless Steel Leather Strap Watch,fossil,watches,Smartwatches,unisex,fossil-store,6960,11600,IN STOCK,https://www.fossil.com/p/fossil-12-stainless-steel-leather-strap-watch,https://picsum.photos/seed/fossil-12-stainless-steel-leather-strap-watch/600/600
Fossil Classic Watch,fossil,watches,Watches,men,fossil-store,6080,7600,IN STOCK,https://www.fossil.com/p/fossil-13-classic-watch,https://picsum.photos/seed/fossil-13-classic-watch/600/600
Fossil Minimalist Chronograph Watch,fossil,watches,Smartwatches,women,fossil-store,10270,15800,IN STOCK,https://www.fossil.com/p/fossil-14-minimalist-chronograph-watch,https://picsum.photos/seed/fossil-14-minimalist-chronograph-watch/600/600
Fossil Chronograph Leather Strap Watch,fossil,watches,Watches,unisex,fossil-store,11360,14200,IN STOCK,https://www.fossil.com/p/fossil-15-chronograph-leather-strap-watch,https://picsum.photos/seed/fossil-15-chronograph-leather-strap-watch/600/600
Fossil Stainless Steel Watch,fossil,watches,Smartwatches,men,fossil-store,4455,8100,IN STOCK,https://www.fossil.com/p/fossil-16-stainless-steel-watch,https://picsum.photos/seed/fossil-16-stainless-steel-watch/600/600
Fossil Classic Chronograph Watch,fossil,watches,Watches,women,fossil-store,8600,17200,IN STOCK,https://www.fossil.com/p/fossil-17-classic-chronograph-watch,https://picsum.photos/seed/fossil-17-classic-chronograph-watch/600/600
Fossil Minimalist Leather Strap Watch,fossil,watches,Smartwatches,unisex,fossil-store,18450,24600,LOW STOCK,https://www.fossil.com/p/fossil-18-minimalist-leather-strap-watch,https://picsum.photos/seed/fossil-18-minimalist-leather-strap-watch/600/600
Fossil Chronograph Watch,fossil,watches,Watches,men,fossil-store,8330,9800,IN STOCK,https://www.fossil.com/p/fossil-19-chronograph-watch,https://picsum.photos/seed/fossil-19-chronograph-watch/600/600
Fossil Stainless Steel Chronograph Watch,fossil,watches,Smartwatches,women,fossil-store,8525,15500,IN STOCK,https://www.fossil.com/p/fossil-20-stainless-steel-chronograph-watch,https://picsum.photos/seed/fossil-20-stainless-steel-chronograph-watch/600/600
Longchamp Structured Tote Bag,longchamp,bags,Handbags,women,longchamp-store,56100,112200,IN STOCK,https://www.longchamp.com/p/longchamp-1-structured-tote-bag,https://picsum.photos/seed/longchamp-1-structured-tote-bag/600/600
Longchamp Compact Crossbody Bag,longchamp,bags,Crossbody Bags,men,longchamp-store,72050,131000,IN STOCK,https://www.longchamp.com/p/longchamp-2-compact-crossbody-bag,https://picsum.photos/seed/longchamp-2-compact-crossbody-bag/600/600
Longchamp Signature Wallet,longchamp,bags,Totes,unisex,longchamp-store,81920,102400,IN STOCK,https://www.longchamp.com/p/longchamp-3-signature-wallet,https://picsum.photos/seed/longchamp-3-signature-wallet/600/600
Longchamp Pebbled Leather Clutch,longchamp,bags,Wallets,women,longchamp-store,22815,35100,LOW STOCK,https://www.longchamp.com/p/longchamp-4-pebbled-leather-clutch,https://picsum.photos/seed/longchamp-4-pebbled-leather-clutch/600/600
Longchamp Structured Shoulder Bag,longchamp,bags,Handbags,men,longchamp-store,81340,116200,IN STOCK,https://www.longchamp.com/p/longchamp-5-structured-shoulder-bag,https://picsum.photos/seed/longchamp-5-structured-shoulder-bag/600/600
Longchamp Compact Tote Bag,longchamp,bags,Crossbody Bags,unisex,longchamp-store,13915,25300,IN STOCK,https://www.longchamp.com/p/longchamp-6-compact-tote-bag,https://picsum.photos/seed/longchamp-6-compact-tote-bag/600/600
Longchamp Signature Crossbody Bag,longchamp,bags,Totes,women,longchamp-store,22660,41200,IN STOCK,https://www.longchamp.com/p/longchamp-7-signature-crossbody-bag,https://picsum.photos/seed/longchamp-7-signature-crossbody-bag/600/600
Longchamp Pebbled Leather Wallet,longchamp,bags,Wallets,men,longchamp-store,44775,59700,IN STOCK,https://www.longchamp.com/p/longchamp-8-pebbled-leather-wallet,https://picsum.photos/seed/longchamp-8-pebbled-leather-wallet/600/600
Longchamp Structured Clutch,longchamp,bags,Handbags,unisex,longchamp-store,16315,25100,IN STOCK,https://www.longchamp.com/p/longchamp-9-structured-clutch,https://picsum.photos/seed/longchamp-9-structured-clutch/600/600
Longchamp Compact Shoulder Bag,longchamp,bags,Crossbody Bags,women,longchamp-store,107550,143400,IN STOCK,https://www.longchamp.com/p/longchamp-10-compact-shoulder-bag,https://picsum.photos/seed/longchamp-10-compact-shoulder-bag/600/600
Longchamp Signature Tote Bag,longchamp,bags,Totes,men,longchamp-store,24900,49800,IN STOCK,https://www.longchamp.com/p/longchamp-11-signature-tote-bag,https://picsum.photos/seed/longchamp-11-signature-tote-bag/600/600
Longchamp Pebbled Leather Crossbody Bag,longchamp,bags,Wallets,unisex,longchamp-store,29370,53400,IN STOCK,https://www.longchamp.com/p/longchamp-12-pebbled-leather-crossbody-bag,https://picsum.photos/seed/longchamp-12-pebbled-leather-crossbody-bag/600/600
Longchamp Structured Wallet,longchamp,bags,Handbags,women,longchamp-store,57240,95400,LOW STOCK,https://www.longchamp.com/p/longchamp-13-structured-wallet,https://picsum.photos/seed/longchamp-13-structured-wallet/600/600
Longchamp Compact Clutch,longchamp,bags,Crossbody Bags,men,longchamp-store,22555,34700,LOW STOCK,https://www.longchamp.com/p/longchamp-14-compact-clutch,https://picsum.photos/seed/longchamp-14-compact-clutch/600/600
Longchamp Signature Shoulder Bag,longchamp,bags,Totes,unisex,longchamp-store,114495,134700,OUT OF STOCK,https://www.longchamp.com/p/longchamp-15-signature-shoulder-bag,https://picsum.photos/seed/longchamp-15-signature-shoulder-bag/600/600
Longchamp Pebbled Leather Tote Bag,longchamp,bags,Wallets,women,longchamp-store,87440,109300,IN STOCK,https://www.longchamp.com/p/longchamp-16-pebbled-leather-tote-bag,https://picsum.photos/seed/longchamp-16-pebbled-leather-tote-bag/600/600
Longchamp Structured Crossbody Bag,longchamp,bags,Handbags,men,longchamp-store,43260,61800,IN STOCK,https://www.longchamp.com/p/longchamp-17-structured-crossbody-bag,https://picsum.photos/seed/longchamp-17-structured-crossbody-bag/600/600
Longchamp Compact Wallet,longchamp,bags,Crossbody Bags,unisex,longchamp-store,52240,65300,IN STOCK,https://www.longchamp.com/p/longchamp-18-compact-wallet,https://picsum.photos/seed/longchamp-18-compact-wallet/600/600
Longchamp Signature Clutch,longchamp,bags,Totes,women,longchamp-store,64625,117500,OUT OF STOCK,https://www.longchamp.com/p/longchamp-19-signature-clutch,https://picsum.photos/seed/longchamp-19-signature-clutch/600/600
Longchamp Pebbled Leather Shoulder Bag,longchamp,bags,Wallets,men,longchamp-store,70490,100700,IN STOCK,https://www.longchamp.com/p/longchamp-20-pebbled-leather-shoulder-bag,https://picsum.photos/seed/longchamp-20-pebbled-leather-shoulder-bag/600/600
Prada Signature Shoulder Bag,prada,accessories,Handbags,men,prada-store,19080,31800,LOW STOCK,https://www.prada.com/p/prada-1-signature-shoulder-bag,https://picsum.photos/seed/prada-1-signature-shoulder-bag/600/600
Prada Monogram Silk Scarf,prada,accessories,Ready-to-Wear,women,prada-store,37800,75600,LOW STOCK,https://www.prada.com/p/prada-2-monogram-silk-scarf,https://picsum.photos/seed/prada-2-monogram-silk-scarf/600/600
Prada Limited Edition Leather Loafers,prada,accessories,Footwear,unisex,prada-store,55350,110700,IN STOCK,https://www.prada.com/p/prada-3-limited-edition-leather-loafers,https://picsum.photos/seed/prada-3-limited-edition-leather-loafers/600/600
Prada Runway Sunglasses,prada,accessories,Accessories,men,prada-store,76090,108700,IN STOCK,https://www.prada.com/p/prada-4-runway-sunglasses,https://picsum.photos/seed/prada-4-runway-sunglasses/600/600
Prada Heritage Wool Coat,prada,accessories,Handbags,women,prada-store,65325,87100,IN STOCK,https://www.prada.com/p/prada-5-heritage-wool-coat,https://picsum.photos/seed/prada-5-heritage-wool-coat/600/600
Prada Signature Tote,prada,accessories,Ready-to-Wear,unisex,prada-store,38080,44800,OUT OF STOCK,https://www.prada.com/p/prada-6-signature-tote,https://picsum.photos/seed/prada-6-signature-tote/600/600
Prada Monogram Shoulder Bag,prada,accessories,Footwear,men,prada-store,83330,128200,IN STOCK,https://www.prada.com/p/prada-7-monogram-shoulder-bag,https://picsum.photos/seed/prada-7-monogram-shoulder-bag/600/600
Prada Limited Edition Silk Scarf,prada,accessories,Accessories,women,prada-store,29049,41500,IN STOCK,https://www.prada.com/p/prada-8-limited-edition-silk-scarf,https://picsum.photos/seed/prada-8-limited-edition-silk-scarf/600/600
Prada Runway Leather Loafers,prada,accessories,Handbags,unisex,prada-store,44795,52700,IN STOCK,https://www.prada.com/p/prada-9-runway-leather-loafers,https://picsum.photos/seed/prada-9-runway-leather-loafers/600/600
Prada Heritage Sunglasses,prada,accessories,Ready-to-Wear,men,prada-store,36025,65500,IN STOCK,https://www.prada.com/p/prada-10-heritage-sunglasses,https://picsum.photos/seed/prada-10-heritage-sunglasses/600/600
Prada Signature Wool Coat,prada,accessories,Footwear,women,prada-store,67210,103400,IN STOCK,https://www.prada.com/p/prada-11-signature-wool-coat,https://picsum.photos/seed/prada-11-signature-wool-coat/600/600
Prada Monogram Tote,prada,accessories,Accessories,unisex,prada-store,54950,109900,IN STOCK,https://www.prada.com/p/prada-12-monogram-tote,https://picsum.photos/seed/prada-12-monogram-tote/600/600
Prada Limited Edition Shoulder Bag,prada,accessories,Handbags,men,prada-store,35840,51200,IN STOCK,https://www.prada.com/p/prada-13-limited-edition-shoulder-bag,https://picsum.photos/seed/prada-13-limited-edition-shoulder-bag/600/600
Prada Runway Silk Scarf,prada,accessories,Ready-to-Wear,women,prada-store,55300,110600,IN STOCK,https://www.prada.com/p/prada-14-runway-silk-scarf,https://picsum.photos/seed/prada-14-runway-silk-scarf/600/600
Prada Heritage Leather Loafers,prada,accessories,Footwear,unisex,prada-store,62400,104000,IN STOCK,https://www.prada.com/p/prada-15-heritage-leather-loafers,https://picsum.photos/seed/prada-15-heritage-leather-loafers/600/600
Prada Signature Sunglasses,prada,accessories,Accessories,men,prada-store,28125,37500,IN STOCK,https://www.prada.com/p/prada-16-signature-sunglasses,https://picsum.photos/seed/prada-16-signature-sunglasses/600/600
Prada Monogram Wool Coat,prada,accessories,Handbags,women,prada-store,30960,51600,IN STOCK,https://www.prada.com/p/prada-17-monogram-wool-coat,https://picsum.photos/seed/prada-17-monogram-wool-coat/600/600
Prada Limited Edition Tote,prada,accessories,Ready-to-Wear,unisex,prada-store,19525,35500,IN STOCK,https://www.prada.com/p/prada-18-limited-edition-tote,https://picsum.photos/seed/prada-18-limited-edition-tote/600/600
Prada Runway Shoulder Bag,prada,accessories,Footwear,men,prada-store,31650,42200,IN STOCK,https://www.prada.com/p/prada-19-runway-shoulder-bag,https://picsum.photos/seed/prada-19-runway-shoulder-bag/600/600
Prada Heritage Silk Scarf,prada,accessories,Accessories,women,prada-store,44220,80400,LOW STOCK,https://www.prada.com/p/prada-20-heritage-silk-scarf,https://picsum.photos/seed/prada-20-heritage-silk-scarf/600/600
Versace Signature Shoulder Bag,versace,accessories,Handbags,men,versace-store,22750,35000,IN STOCK,https://www.versace.com/p/versace-1-signature-shoulder-bag,https://picsum.photos/seed/versace-1-signature-shoulder-bag/600/600
Versace Monogram Silk Scarf,versace,accessories,Ready-to-Wear,women,versace-store,58659,83800,IN STOCK,https://www.versace.com/p/versace-2-monogram-silk-scarf,https://picsum.photos/seed/versace-2-monogram-silk-scarf/600/600
Versace Limited Edition Leather Loafers,versace,accessories,Footwear,unisex,versace-store,89310,137400,IN STOCK,https://www.versace.com/p/versace-3-limited-edition-leather-loafers,https://picsum.photos/seed/versace-3-limited-edition-leather-loafers/600/600
Versace Runway Sunglasses,versace,accessories,Accessories,men,versace-store,22425,34500,IN STOCK,https://www.versace.com/p/versace-4-runway-sunglasses,https://picsum.photos/seed/versace-4-runway-sunglasses/600/600
Versace Heritage Wool Coat,versace,accessories,Handbags,women,versace-store,26100,34800,IN STOCK,https://www.versace.com/p/versace-5-heritage-wool-coat,https://picsum.photos/seed/versace-5-heritage-wool-coat/600/600
Versace Signature Tote,versace,accessories,Ready-to-Wear,unisex,versace-store,48840,81400,IN STOCK,https://www.versace.com/p/versace-6-signature-tote,https://picsum.photos/seed/versace-6-signature-tote/600/600
Versace Monogram Shoulder Bag,versace,accessories,Footwear,men,versace-store,74480,93100,IN STOCK,https://www.versace.com/p/versace-7-monogram-shoulder-bag,https://picsum.photos/seed/versace-7-monogram-shoulder-bag/600/600
Versace Limited Edition Silk Scarf,versace,accessories,Accessories,women,versace-store,40700,81400,IN STOCK,https://www.versace.com/p/versace-8-limited-edition-silk-scarf,https://picsum.photos/seed/versace-8-limited-edition-silk-scarf/600/600
Versace Runway Leather Loafers,versace,accessories,Handbags,unisex,versace-store,68400,114000,OUT OF STOCK,https://www.versace.com/p/versace-9-runway-leather-loafers,https://picsum.photos/seed/versace-9-runway-leather-loafers/600/600
Versace Heritage Sunglasses,versace,accessories,Ready-to-Wear,men,versace-store,61035,93900,IN STOCK,https://www.versace.com/p/versace-10-heritage-sunglasses,https://picsum.photos/seed/versace-10-heritage-sunglasses/600/600
Versace Signature Wool Coat,versace,accessories,Footwear,women,versace-store,46255,84100,IN STOCK,https://www.versace.com/p/versace-11-signature-wool-coat,https://picsum.photos/seed/versace-11-signature-wool-coat/600/600
Versace Monogram Tote,versace,accessories,Accessories,unisex,versace-store,73620,122700,IN STOCK,https://www.versace.com/p/versace-12-monogram-tote,https://picsum.photos/seed/versace-12-monogram-tote/600/600
Versace Limited Edition Shoulder Bag,versace,accessories,Handbags,men,versace-store,112400,140500,IN STOCK,https://www.versace.com/p/versace-13-limited-edition-shoulder-bag,https://picsum.photos/seed/versace-13-limited-edition-shoulder-bag/600/600
Versace Runway Silk Scarf,versace,accessories,Ready-to-Wear,women,versace-store,66495,102300,IN STOCK,https://www.versace.com/p/versace-14-runway-silk-scarf,https://picsum.photos/seed/versace-14-runway-silk-scarf/600/600
Versace Heritage Leather Loafers,versace,accessories,Footwear,unisex,versace-store,22650,30200,IN STOCK,https://www.versace.com/p/versace-15-heritage-leather-loafers,https://picsum.photos/seed/versace-15-heritage-leather-loafers/600/600
Versace Signature Sunglasses,versace,accessories,Accessories,men,versace-store,12815,23300,LOW STOCK,https://www.versace.com/p/versace-16-signature-sunglasses,https://picsum.photos/seed/versace-16-signature-sunglasses/600/600
Versace Monogram Wool Coat,versace,accessories,Handbags,women,versace-store,35280,58800,IN STOCK,https://www.versace.com/p/versace-17-monogram-wool-coat,https://picsum.photos/seed/versace-17-monogram-wool-coat/600/600
Versace Limited Edition Tote,versace,accessories,Ready-to-Wear,unisex,versace-store,77700,103600,IN STOCK,https://www.versace.com/p/versace-18-limited-edition-tote,https://picsum.photos/seed/versace-18-limited-edition-tote/600/600
Versace Runway Shoulder Bag,versace,accessories,Footwear,men,versace-store,74230,114200,IN STOCK,https://www.versace.com/p/versace-19-runway-shoulder-bag,https://picsum.photos/seed/versace-19-runway-shoulder-bag/600/600
Versace Heritage Silk Scarf,versace,accessories,Accessories,women,versace-store,34540,62800,IN STOCK,https://www.versace.com/p/versace-20-heritage-silk-scarf,https://picsum.photos/seed/versace-20-heritage-silk-scarf/600/600
Balenciaga Signature Shoulder Bag,balenciaga,accessories,Handbags,men,balenciaga-store,76920,128200,IN STOCK,https://www.balenciaga.com/p/balenciaga-1-signature-shoulder-bag,https://picsum.photos/seed/balenciaga-1-signature-shoulder-bag/600/600
Balenciaga Monogram Silk Scarf,balenciaga,accessories,Ready-to-Wear,women,balenciaga-store,51225,68300,IN STOCK,https://www.balenciaga.com/p/balenciaga-2-monogram-silk-scarf,https://picsum.photos/seed/balenciaga-2-monogram-silk-scarf/600/600
Balenciaga Limited Edition Leather Loafers,balenciaga,accessories,Footwear,unisex,balenciaga-store,44460,68400,IN STOCK,https://www.balenciaga.com/p/balenciaga-3-limited-edition-leather-loafers,https://picsum.photos/seed/balenciaga-3-limited-edition-leather-loafers/600/600
Balenciaga Runway Sunglasses,balenciaga,accessories,Accessories,men,balenciaga-store,20320,25400,IN STOCK,https://www.balenciaga.com/p/balenciaga-4-runway-sunglasses,https://picsum.photos/seed/balenciaga-4-runway-sunglasses/600/600
Balenciaga Heritage Wool Coat,balenciaga,accessories,Handbags,women,balenciaga-store,56265,102300,LOW STOCK,https://www.balenciaga.com/p/balenciaga-5-heritage-wool-coat,https://picsum.photos/seed/balenciaga-5-heritage-wool-coat/600/600
Balenciaga Signature Tote,balenciaga,accessories,Ready-to-Wear,unisex,balenciaga-store,100730,143900,IN STOCK,https://www.balenciaga.com/p/balenciaga-6-signature-tote,https://picsum.photos/seed/balenciaga-6-signature-tote/600/600
Balenciaga Monogram Shoulder Bag,balenciaga,accessories,Footwear,men,balenciaga-store,64125,85500,OUT OF STOCK,https://www.balenciaga.com/p/balenciaga-7-monogram-shoulder-bag,https://picsum.photos/seed/balenciaga-7-monogram-shoulder-bag/600/600
Balenciaga Limited Edition Silk Scarf,balenciaga,accessories,Accessories,women,balenciaga-store,79200,99000,IN STOCK,https://www.balenciaga.com/p/balenciaga-8-limited-edition-silk-scarf,https://picsum.photos/seed/balenciaga-8-limited-edition-silk-scarf/600/600
Balenciaga Runway Leather Loafers,balenciaga,accessories,Handbags,unisex,balenciaga-store,37350,49800,IN STOCK,https://www.balenciaga.com/p/balenciaga-9-runway-leather-loafers,https://picsum.photos/seed/balenciaga-9-runway-leather-loafers/600/600
Balenciaga Heritage Sunglasses,balenciaga,accessories,Ready-to-Wear,men,balenciaga-store,56925,103500,IN STOCK,https://www.balenciaga.com/p/balenciaga-10-heritage-sunglasses,https://picsum.photos/seed/balenciaga-10-heritage-sunglasses/600/600
Balenciaga Signature Wool Coat,balenciaga,accessories,Footwear,women,balenciaga-store,12600,25200,IN STOCK,https://www.balenciaga.com/p/balenciaga-11-signature-wool-coat,https://picsum.photos/seed/balenciaga-11-signature-wool-coat/600/600
Balenciaga Monogram Tote,balenciaga,accessories,Accessories,unisex,balenciaga-store,29160,48600,IN STOCK,https://www.balenciaga.com/p/balenciaga-12-monogram-tote,https://picsum.photos/seed/balenciaga-12-monogram-tote/600/600
Balenciaga Limited Edition Shoulder Bag,balenciaga,accessories,Handbags,men,balenciaga-store,71610,130200,IN STOCK,https://www.balenciaga.com/p/balenciaga-13-limited-edition-shoulder-bag,https://picsum.photos/seed/balenciaga-13-limited-edition-shoulder-bag/600/600
Balenciaga Runway Silk Scarf,balenciaga,accessories,Ready-to-Wear,women,balenciaga-store,24990,29400,IN STOCK,https://www.balenciaga.com/p/balenciaga-14-runway-silk-scarf,https://picsum.photos/seed/balenciaga-14-runway-silk-scarf/600/600
Balenciaga Heritage Leather Loafers,balenciaga,accessories,Footwear,unisex,balenciaga-store,45120,75200,IN STOCK,https://www.balenciaga.com/p/balenciaga-15-heritage-leather-loafers,https://picsum.photos/seed/balenciaga-15-heritage-leather-loafers/600/600
Balenciaga Signature Sunglasses,balenciaga,accessories,Accessories,men,balenciaga-store,15900,21200,LOW STOCK,https://www.balenciaga.com/p/balenciaga-16-signature-sunglasses,https://picsum.photos/seed/balenciaga-16-signature-sunglasses/600/600
Balenciaga Monogram Wool Coat,balenciaga,accessories,Handbags,women,balenciaga-store,22880,41600,IN STOCK,https://www.balenciaga.com/p/balenciaga-17-monogram-wool-coat,https://picsum.photos/seed/balenciaga-17-monogram-wool-coat/600/600
Balenciaga Limited Edition Tote,balenciaga,accessories,Ready-to-Wear,unisex,balenciaga-store,46860,78100,IN STOCK,https://www.balenciaga.com/p/balenciaga-18-limited-edition-tote,https://picsum.photos/seed/balenciaga-18-limited-edition-tote/600/600
Balenciaga Runway Shoulder Bag,balenciaga,accessories,Footwear,men,balenciaga-store,65120,81400,IN STOCK,https://www.balenciaga.com/p/balenciaga-19-runway-shoulder-bag,https://picsum.photos/seed/balenciaga-19-runway-shoulder-bag/600/600
Balenciaga Heritage Silk Scarf,balenciaga,accessories,Accessories,women,balenciaga-store,43850,87700,IN STOCK,https://www.balenciaga.com/p/balenciaga-20-heritage-silk-scarf,https://picsum.photos/seed/balenciaga-20-heritage-silk-scarf/600/600
Saint Laurent Signature Shoulder Bag,saint-laurent,accessories,Handbags,men,saint-laurent-store,67575,90100,OUT OF STOCK,https://www.ysl.com/p/saint-laurent-1-signature-shoulder-bag,https://picsum.photos/seed/saint-laurent-1-signature-shoulder-bag/600/600
Saint Laurent Monogram Silk Scarf,saint-laurent,accessories,Ready-to-Wear,women,saint-laurent-store,116880,146100,LOW STOCK,https://www.ysl.com/p/saint-laurent-2-monogram-silk-scarf,https://picsum.photos/seed/saint-laurent-2-monogram-silk-scarf/600/600
Saint Laurent Limited Edition Leather Loafers,saint-laurent,accessories,Footwear,unisex,saint-laurent-store,16740,27900,IN STOCK,https://www.ysl.com/p/saint-laurent-3-limited-edition-leather-loafers,https://picsum.photos/seed/saint-laurent-3-limited-edition-leather-loafers/600/600
Saint Laurent Runway Sunglasses,saint-laurent,accessories,Accessories,men,saint-laurent-store,32395,58900,OUT OF STOCK,https://www.ysl.com/p/saint-laurent-4-runway-sunglasses,https://picsum.photos/seed/saint-laurent-4-runway-sunglasses/600/600
Saint Laurent Heritage Wool Coat,saint-laurent,accessories,Handbags,women,saint-laurent-store,62250,83000,IN STOCK,https://www.ysl.com/p/saint-laurent-5-heritage-wool-coat,https://picsum.photos/seed/saint-laurent-5-heritage-wool-coat/600/600
Saint Laurent Signature Tote,saint-laurent,accessories,Ready-to-Wear,unisex,saint-laurent-store,55250,65000,LOW STOCK,https://www.ysl.com/p/saint-laurent-6-signature-tote,https://picsum.photos/seed/saint-laurent-6-signature-tote/600/600
Saint Laurent Monogram Shoulder Bag,saint-laurent,accessories,Footwear,men,saint-laurent-store,24600,49200,IN STOCK,https://www.ysl.com/p/saint-laurent-7-monogram-shoulder-bag,https://picsum.photos/seed/saint-laurent-7-monogram-shoulder-bag/600/600
Saint Laurent Limited Edition Silk Scarf,saint-laurent,accessories,Accessories,women,saint-laurent-store,23580,39300,IN STOCK,https://www.ysl.com/p/saint-laurent-8-limited-edition-silk-scarf,https://picsum.photos/seed/saint-laurent-8-limited-edition-silk-scarf/600/600
Saint Laurent Runway Leather Loafers,saint-laurent,accessories,Handbags,unisex,saint-laurent-store,78980,143600,IN STOCK,https://www.ysl.com/p/saint-laurent-9-runway-leather-loafers,https://picsum.photos/seed/saint-laurent-9-runway-leather-loafers/600/600
Saint Laurent Heritage Sunglasses,saint-laurent,accessories,Ready-to-Wear,men,saint-laurent-store,25750,51500,IN STOCK,https://www.ysl.com/p/saint-laurent-10-heritage-sunglasses,https://picsum.photos/seed/saint-laurent-10-heritage-sunglasses/600/600
Saint Laurent Signature Wool Coat,saint-laurent,accessories,Footwear,women,saint-laurent-store,24500,35000,IN STOCK,https://www.ysl.com/p/saint-laurent-11-signature-wool-coat,https://picsum.photos/seed/saint-laurent-11-signature-wool-coat/600/600
Saint Laurent Monogram Tote,saint-laurent,accessories,Accessories,unisex,saint-laurent-store,95690,136700,IN STOCK,https://www.ysl.com/p/saint-laurent-12-monogram-tote,https://picsum.photos/seed/saint-laurent-12-monogram-tote/600/600
Saint Laurent Limited Edition Shoulder Bag,saint-laurent,accessories,Handbags,men,saint-laurent-store,24290,34700,LOW STOCK,https://www.ysl.com/p/saint-laurent-13-limited-edition-shoulder-bag,https://picsum.photos/seed/saint-laurent-13-limited-edition-shoulder-bag/600/600
Saint Laurent Runway Silk Scarf,saint-laurent,accessories,Ready-to-Wear,women,saint-laurent-store,42560,53200,IN STOCK,https://www.ysl.com/p/saint-laurent-14-runway-silk-scarf,https://picsum.photos/seed/saint-laurent-14-runway-silk-scarf/600/600
Saint Laurent Heritage Leather Loafers,saint-laurent,accessories,Footwear,unisex,saint-laurent-store,70070,107800,IN STOCK,https://www.ysl.com/p/saint-laurent-15-heritage-leather-loafers,https://picsum.photos/seed/saint-laurent-15-heritage-leather-loafers/600/600
Saint Laurent Signature Sunglasses,saint-laurent,accessories,Accessories,men,saint-laurent-store,24900,49800,IN STOCK,https://www.ysl.com/p/saint-laurent-16-signature-sunglasses,https://picsum.photos/seed/saint-laurent-16-signature-sunglasses/600/600
Saint Laurent Monogram Wool Coat,saint-laurent,accessories,Handbags,women,saint-laurent-store,76080,95100,IN STOCK,https://www.ysl.com/p/saint-laurent-17-monogram-wool-coat,https://picsum.photos/seed/saint-laurent-17-monogram-wool-coat/600/600
Saint Laurent Limited Edition Tote,saint-laurent,accessories,Ready-to-Wear,unisex,saint-laurent-store,111360,139200,LOW STOCK,https://www.ysl.com/p/saint-laurent-18-limited-edition-tote,https://picsum.photos/seed/saint-laurent-18-limited-edition-tote/600/600
Saint Laurent Runway Shoulder Bag,saint-laurent,accessories,Footwear,men,saint-laurent-store,87280,109100,LOW STOCK,https://www.ysl.com/p/saint-laurent-19-runway-shoulder-bag,https://picsum.photos/seed/saint-laurent-19-runway-shoulder-bag/600/600
Saint Laurent Heritage Silk Scarf,saint-laurent,accessories,Accessories,women,saint-laurent-store,30080,37600,IN STOCK,https://www.ysl.com/p/saint-laurent-20-heritage-silk-scarf,https://picsum.photos/seed/saint-laurent-20-heritage-silk-scarf/600/600
Valentino Signature Shoulder Bag,valentino,accessories,Handbags,men,valentino-store,116720,145900,IN STOCK,https://www.valentino.com/p/valentino-1-signature-shoulder-bag,https://picsum.photos/seed/valentino-1-signature-shoulder-bag/600/600
Valentino Monogram Silk Scarf,valentino,accessories,Ready-to-Wear,women,valentino-store,60445,109900,IN STOCK,https://www.valentino.com/p/valentino-2-monogram-silk-scarf,https://picsum.photos/seed/valentino-2-monogram-silk-scarf/600/600
Valentino Limited Edition Leather Loafers,valentino,accessories,Footwear,unisex,valentino-store,102830,146900,IN STOCK,https://www.valentino.com/p/valentino-3-limited-edition-leather-loafers,https://picsum.photos/seed/valentino-3-limited-edition-leather-loafers/600/600
Valentino Runway Sunglasses,valentino,accessories,Accessories,men,valentino-store,97280,121600,IN STOCK,https://www.valentino.com/p/valentino-4-runway-sunglasses,https://picsum.photos/seed/valentino-4-runway-sunglasses/600/600
Valentino Heritage Wool Coat,valentino,accessories,Handbags,women,valentino-store,103445,121700,IN STOCK,https://www.valentino.com/p/valentino-5-heritage-wool-coat,https://picsum.photos/seed/valentino-5-heritage-wool-coat/600/600
Valentino Signature Tote,valentino,accessories,Ready-to-Wear,unisex,valentino-store,15720,26200,IN STOCK,https://www.valentino.com/p/valentino-6-signature-tote,https://picsum.photos/seed/valentino-6-signature-tote/600/600
Valentino Monogram Shoulder Bag,valentino,accessories,Footwear,men,valentino-store,78400,112000,IN STOCK,https://www.valentino.com/p/valentino-7-monogram-shoulder-bag,https://picsum.photos/seed/valentino-7-monogram-shoulder-bag/600/600
Valentino Limited Edition Silk Scarf,valentino,accessories,Accessories,women,valentino-store,26850,35800,IN STOCK,https://www.valentino.com/p/valentino-8-limited-edition-silk-scarf,https://picsum.photos/seed/valentino-8-limited-edition-silk-scarf/600/600
Valentino Runway Leather Loafers,valentino,accessories,Handbags,unisex,valentino-store,109200,136500,IN STOCK,https://www.valentino.com/p/valentino-9-runway-leather-loafers,https://picsum.photos/seed/valentino-9-runway-leather-loafers/600/600
Valentino Heritage Sunglasses,valentino,accessories,Ready-to-Wear,men,valentino-store,94010,134300,IN STOCK,https://www.valentino.com/p/valentino-10-heritage-sunglasses,https://picsum.photos/seed/valentino-10-heritage-sunglasses/600/600
Valentino Signature Wool Coat,valentino,accessories,Footwear,women,valentino-store,84180,140300,IN STOCK,https://www.valentino.com/p/valentino-11-signature-wool-coat,https://picsum.photos/seed/valentino-11-signature-wool-coat/600/600
Valentino Monogram Tote,valentino,accessories,Accessories,unisex,valentino-store,70620,117700,LOW STOCK,https://www.valentino.com/p/valentino-12-monogram-tote,https://picsum.photos/seed/valentino-12-monogram-tote/600/600
Valentino Limited Edition Shoulder Bag,valentino,accessories,Handbags,men,valentino-store,99025,116500,LOW STOCK,https://www.valentino.com/p/valentino-13-limited-edition-shoulder-bag,https://picsum.photos/seed/valentino-13-limited-edition-shoulder-bag/600/600
Valentino Runway Silk Scarf,valentino,accessories,Ready-to-Wear,women,valentino-store,25270,36100,IN STOCK,https://www.valentino.com/p/valentino-14-runway-silk-scarf,https://picsum.photos/seed/valentino-14-runway-silk-scarf/600/600
Valentino Heritage Leather Loafers,valentino,accessories,Footwear,unisex,valentino-store,69960,116600,IN STOCK,https://www.valentino.com/p/valentino-15-heritage-leather-loafers,https://picsum.photos/seed/valentino-15-heritage-leather-loafers/600/600
Valentino Signature Sunglasses,valentino,accessories,Accessories,men,valentino-store,15420,25700,IN STOCK,https://www.valentino.com/p/valentino-16-signature-sunglasses,https://picsum.photos/seed/valentino-16-signature-sunglasses/600/600
Valentino Monogram Wool Coat,valentino,accessories,Handbags,women,valentino-store,55140,91900,LOW STOCK,https://www.valentino.com/p/valentino-17-monogram-wool-coat,https://picsum.photos/seed/valentino-17-monogram-wool-coat/600/600
Valentino Limited Edition Tote,valentino,accessories,Ready-to-Wear,unisex,valentino-store,29580,34800,LOW STOCK,https://www.valentino.com/p/valentino-18-limited-edition-tote,https://picsum.photos/seed/valentino-18-limited-edition-tote/600/600
Valentino Runway Shoulder Bag,valentino,accessories,Footwear,men,valentino-store,75950,108500,IN STOCK,https://www.valentino.com/p/valentino-19-runway-shoulder-bag,https://picsum.photos/seed/valentino-19-runway-shoulder-bag/600/600
Valentino Heritage Silk Scarf,valentino,accessories,Accessories,women,valentino-store,22650,45300,IN STOCK,https://www.valentino.com/p/valentino-20-heritage-silk-scarf,https://picsum.photos/seed/valentino-20-heritage-silk-scarf/600/600
Dolce Gabbana Signature Shoulder Bag,dolce-gabbana,accessories,Handbags,men,dolce-gabbana-store,74800,149600,IN STOCK,https://www.dolcegabbana.com/p/dolce-gabbana-1-signature-shoulder-bag,https://picsum.photos/seed/dolce-gabbana-1-signature-shoulder-bag/600/600
Dolce Gabbana Monogram Silk Scarf,dolce-gabbana,accessories,Ready-to-Wear,women,dolce-gabbana-store,11350,22700,IN STOCK,https://www.dolcegabbana.com/p/dolce-gabbana-2-monogram-silk-scarf,https://picsum.photos/seed/dolce-gabbana-2-monogram-silk-scarf/600/600
Dolce Gabbana Limited Edition Leather Loafers,dolce-gabbana,accessories,Footwear,unisex,dolce-gabbana-store,81185,124900,IN STOCK,https://www.dolcegabbana.com/p/dolce-gabbana-3-limited-edition-leather-loafers,https://picsum.photos/seed/dolce-gabbana-3-limited-edition-leather-loafers/600/600
Dolce Gabbana Runway Sunglasses,dolce-gabbana,accessories,Accessories,men,dolce-gabbana-store,60190,92600,LOW STOCK,https://www.dolcegabbana.com/p/dolce-gabbana-4-runway-sunglasses,https://picsum.photos/seed/dolce-gabbana-4-runway-sunglasses/600/600
Dolce Gabbana Heritage Wool Coat,dolce-gabbana,accessories,Handbags,women,dolce-gabbana-store,59290,107800,LOW STOCK,https://www.dolcegabbana.com/p/dolce-gabbana-5-heritage-wool-coat,https://picsum.photos/seed/dolce-gabbana-5-heritage-wool-coat/600/600
Dolce Gabbana Signature Tote,dolce-gabbana,accessories,Ready-to-Wear,unisex,dolce-gabbana-store,63115,97100,IN STOCK,https://www.dolcegabbana.com/p/dolce-gabbana-6-signature-tote,https://picsum.photos/seed/dolce-gabbana-6-signature-tote/600/600
Dolce Gabbana Monogram Shoulder Bag,dolce-gabbana,accessories,Footwear,men,dolce-gabbana-store,71760,110400,LOW STOCK,https://www.dolcegabbana.com/p/dolce-gabbana-7-monogram-shoulder-bag,https://picsum.photos/seed/dolce-gabbana-7-monogram-shoulder-bag/600/600
Dolce Gabbana Limited Edition Silk Scarf,dolce-gabbana,accessories,Accessories,women,dolce-gabbana-store,18530,21800,IN STOCK,https://www.dolcegabbana.com/p/dolce-gabbana-8-limited-edition-silk-scarf,https://picsum.photos/seed/dolce-gabbana-8-limited-edition-silk-scarf/600/600
Dolce Gabbana Runway Leather Loafers,dolce-gabbana,accessories,Handbags,unisex,dolce-gabbana-store,19900,39800,IN STOCK,https://www.dolcegabbana.com/p/dolce-gabbana-9-runway-leather-loafers,https://picsum.photos/seed/dolce-gabbana-9-runway-leather-loafers/600/600
Dolce Gabbana Heritage Sunglasses,dolce-gabbana,accessories,Ready-to-Wear,men,dolce-gabbana-store,114240,134400,LOW STOCK,https://www.dolcegabbana.com/p/dolce-gabbana-10-heritage-sunglasses,https://picsum.photos/seed/dolce-gabbana-10-heritage-sunglasses/600/600
Dolce Gabbana Signature Wool Coat,dolce-gabbana,accessories,Footwear,women,dolce-gabbana-store,19680,24600,IN STOCK,https://www.dolcegabbana.com/p/dolce-gabbana-11-signature-wool-coat,https://picsum.photos/seed/dolce-gabbana-11-signature-wool-coat/600/600
Dolce Gabbana Monogram Tote,dolce-gabbana,accessories,Accessories,unisex,dolce-gabbana-store,70015,127300,LOW STOCK,https://www.dolcegabbana.com/p/dolce-gabbana-12-monogram-tote,https://picsum.photos/seed/dolce-gabbana-12-monogram-tote/600/600
Dolce Gabbana Limited Edition Shoulder Bag,dolce-gabbana,accessories,Handbags,men,dolce-gabbana-store,110100,146800,IN STOCK,https://www.dolcegabbana.com/p/dolce-gabbana-13-limited-edition-shoulder-bag,https://picsum.photos/seed/dolce-gabbana-13-limited-edition-shoulder-bag/600/600
Dolce Gabbana Runway Silk Scarf,dolce-gabbana,accessories,Ready-to-Wear,women,dolce-gabbana-store,43340,78800,IN STOCK,https://www.dolcegabbana.com/p/dolce-gabbana-14-runway-silk-scarf,https://picsum.photos/seed/dolce-gabbana-14-runway-silk-scarf/600/600
Dolce Gabbana Heritage Leather Loafers,dolce-gabbana,accessories,Footwear,unisex,dolce-gabbana-store,116480,145600,IN STOCK,https://www.dolcegabbana.com/p/dolce-gabbana-15-heritage-leather-loafers,https://picsum.photos/seed/dolce-gabbana-15-heritage-leather-loafers/600/600
Dolce Gabbana Signature Sunglasses,dolce-gabbana,accessories,Accessories,men,dolce-gabbana-store,62439,89200,IN STOCK,https://www.dolcegabbana.com/p/dolce-gabbana-16-signature-sunglasses,https://picsum.photos/seed/dolce-gabbana-16-signature-sunglasses/600/600
Dolce Gabbana Monogram Wool Coat,dolce-gabbana,accessories,Handbags,women,dolce-gabbana-store,31620,37200,IN STOCK,https://www.dolcegabbana.com/p/dolce-gabbana-17-monogram-wool-coat,https://picsum.photos/seed/dolce-gabbana-17-monogram-wool-coat/600/600
Dolce Gabbana Limited Edition Tote,dolce-gabbana,accessories,Ready-to-Wear,unisex,dolce-gabbana-store,76440,127400,IN STOCK,https://www.dolcegabbana.com/p/dolce-gabbana-18-limited-edition-tote,https://picsum.photos/seed/dolce-gabbana-18-limited-edition-tote/600/600
Dolce Gabbana Runway Shoulder Bag,dolce-gabbana,accessories,Footwear,men,dolce-gabbana-store,31700,63400,IN STOCK,https://www.dolcegabbana.com/p/dolce-gabbana-19-runway-shoulder-bag,https://picsum.photos/seed/dolce-gabbana-19-runway-shoulder-bag/600/600
Dolce Gabbana Heritage Silk Scarf,dolce-gabbana,accessories,Accessories,women,dolce-gabbana-store,39840,66400,IN STOCK,https://www.dolcegabbana.com/p/dolce-gabbana-20-heritage-silk-scarf,https://picsum.photos/seed/dolce-gabbana-20-heritage-silk-scarf/600/600
Givenchy Signature Shoulder Bag,givenchy,accessories,Handbags,men,givenchy-store,47950,95900,IN STOCK,https://www.givenchy.com/p/givenchy-1-signature-shoulder-bag,https://picsum.photos/seed/givenchy-1-signature-shoulder-bag/600/600
Givenchy Monogram Silk Scarf,givenchy,accessories,Ready-to-Wear,women,givenchy-store,15889,22700,IN STOCK,https://www.givenchy.com/p/givenchy-2-monogram-silk-scarf,https://picsum.photos/seed/givenchy-2-monogram-silk-scarf/600/600
Givenchy Limited Edition Leather Loafers,givenchy,accessories,Footwear,unisex,givenchy-store,126905,149300,IN STOCK,https://www.givenchy.com/p/givenchy-3-limited-edition-leather-loafers,https://picsum.photos/seed/givenchy-3-limited-edition-leather-loafers/600/600
Givenchy Runway Sunglasses,givenchy,accessories,Accessories,men,givenchy-store,86475,115300,IN STOCK,https://www.givenchy.com/p/givenchy-4-runway-sunglasses,https://picsum.photos/seed/givenchy-4-runway-sunglasses/600/600
Givenchy Heritage Wool Coat,givenchy,accessories,Handbags,women,givenchy-store,44640,55800,IN STOCK,https://www.givenchy.com/p/givenchy-5-heritage-wool-coat,https://picsum.photos/seed/givenchy-5-heritage-wool-coat/600/600
Givenchy Signature Tote,givenchy,accessories,Ready-to-Wear,unisex,givenchy-store,32580,54300,IN STOCK,https://www.givenchy.com/p/givenchy-6-signature-tote,https://picsum.photos/seed/givenchy-6-signature-tote/600/600
Givenchy Monogram Shoulder Bag,givenchy,accessories,Footwear,men,givenchy-store,66900,89200,OUT OF STOCK,https://www.givenchy.com/p/givenchy-7-monogram-shoulder-bag,https://picsum.photos/seed/givenchy-7-monogram-shoulder-bag/600/600
Givenchy Limited Edition Silk Scarf,givenchy,accessories,Accessories,women,givenchy-store,19600,24500,LOW STOCK,https://www.givenchy.com/p/givenchy-8-limited-edition-silk-scarf,https://picsum.photos/seed/givenchy-8-limited-edition-silk-scarf/600/600
Givenchy Runway Leather Loafers,givenchy,accessories,Handbags,unisex,givenchy-store,66825,121500,IN STOCK,https://www.givenchy.com/p/givenchy-9-runway-leather-loafers,https://picsum.photos/seed/givenchy-9-runway-leather-loafers/600/600
Givenchy Heritage Sunglasses,givenchy,accessories,Ready-to-Wear,men,givenchy-store,82560,103200,IN STOCK,https://www.givenchy.com/p/givenchy-10-heritage-sunglasses,https://picsum.photos/seed/givenchy-10-heritage-sunglasses/600/600
Givenchy Signature Wool Coat,givenchy,accessories,Footwear,women,givenchy-store,39830,56900,LOW STOCK,https://www.givenchy.com/p/givenchy-11-signature-wool-coat,https://picsum.photos/seed/givenchy-11-signature-wool-coat/600/600
Givenchy Monogram Tote,givenchy,accessories,Accessories,unisex,givenchy-store,107250,143000,IN STOCK,https://www.givenchy.com/p/givenchy-12-monogram-tote,https://picsum.photos/seed/givenchy-12-monogram-tote/600/600
Givenchy Limited Edition Shoulder Bag,givenchy,accessories,Handbags,men,givenchy-store,35880,59800,IN STOCK,https://www.givenchy.com/p/givenchy-13-limited-edition-shoulder-bag,https://picsum.photos/seed/givenchy-13-limited-edition-shoulder-bag/600/600
Givenchy Runway Silk Scarf,givenchy,accessories,Ready-to-Wear,women,givenchy-store,60689,86700,IN STOCK,https://www.givenchy.com/p/givenchy-14-runway-silk-scarf,https://picsum.photos/seed/givenchy-14-runway-silk-scarf/600/600
Givenchy Heritage Leather Loafers,givenchy,accessories,Footwear,unisex,givenchy-store,50710,92200,IN STOCK,https://www.givenchy.com/p/givenchy-15-heritage-leather-loafers,https://picsum.photos/seed/givenchy-15-heritage-leather-loafers/600/600
Givenchy Signature Sunglasses,givenchy,accessories,Accessories,men,givenchy-store,67380,112300,IN STOCK,https://www.givenchy.com/p/givenchy-16-signature-sunglasses,https://picsum.photos/seed/givenchy-16-signature-sunglasses/600/600
Givenchy Monogram Wool Coat,givenchy,accessories,Handbags,women,givenchy-store,67900,135800,IN STOCK,https://www.givenchy.com/p/givenchy-17-monogram-wool-coat,https://picsum.photos/seed/givenchy-17-monogram-wool-coat/600/600
Givenchy Limited Edition Tote,givenchy,accessories,Ready-to-Wear,unisex,givenchy-store,96040,137200,LOW STOCK,https://www.givenchy.com/p/givenchy-18-limited-edition-tote,https://picsum.photos/seed/givenchy-18-limited-edition-tote/600/600
Givenchy Runway Shoulder Bag,givenchy,accessories,Footwear,men,givenchy-store,49350,65800,IN STOCK,https://www.givenchy.com/p/givenchy-19-runway-shoulder-bag,https://picsum.photos/seed/givenchy-19-runway-shoulder-bag/600/600
Givenchy Heritage Silk Scarf,givenchy,accessories,Accessories,women,givenchy-store,10450,20900,IN STOCK,https://www.givenchy.com/p/givenchy-20-heritage-silk-scarf,https://picsum.photos/seed/givenchy-20-heritage-silk-scarf/600/600
Moncler Classic Blazer,moncler,clothing,Dresses,women,moncler-store,46735,71900,LOW STOCK,https://www.moncler.com/p/moncler-1-classic-blazer,https://picsum.photos/seed/moncler-1-classic-blazer/600/600
Moncler Relaxed Shirt Dress,moncler,clothing,Jackets,men,moncler-store,77520,96900,IN STOCK,https://www.moncler.com/p/moncler-2-relaxed-shirt-dress,https://picsum.photos/seed/moncler-2-relaxed-shirt-dress/600/600
Moncler Slim Fit Denim Jacket,moncler,clothing,Jeans,unisex,moncler-store,74360,114400,IN STOCK,https://www.moncler.com/p/moncler-3-slim-fit-denim-jacket,https://picsum.photos/seed/moncler-3-slim-fit-denim-jacket/600/600
Moncler Oversized Knit Sweater,moncler,clothing,Shirts,women,moncler-store,57000,95000,IN STOCK,https://www.moncler.com/p/moncler-4-oversized-knit-sweater,https://picsum.photos/seed/moncler-4-oversized-knit-sweater/600/600
Moncler Tailored Trench Coat,moncler,clothing,Sweaters,men,moncler-store,35920,44900,IN STOCK,https://www.moncler.com/p/moncler-5-tailored-trench-coat,https://picsum.photos/seed/moncler-5-tailored-trench-coat/600/600
Moncler Classic Midi Dress,moncler,clothing,Dresses,unisex,moncler-store,35940,59900,OUT OF STOCK,https://www.moncler.com/p/moncler-6-classic-midi-dress,https://picsum.photos/seed/moncler-6-classic-midi-dress/600/600
Moncler Relaxed Blazer,moncler,clothing,Jackets,women,moncler-store,36740,66800,IN STOCK,https://www.moncler.com/p/moncler-7-relaxed-blazer,https://picsum.photos/seed/moncler-7-relaxed-blazer/600/600
Moncler Slim Fit Shirt Dress,moncler,clothing,Jeans,men,moncler-store,112640,140800,LOW STOCK,https://www.moncler.com/p/moncler-8-slim-fit-shirt-dress,https://picsum.photos/seed/moncler-8-slim-fit-shirt-dress/600/600
Moncler Oversized Denim Jacket,moncler,clothing,Shirts,unisex,moncler-store,46350,61800,IN STOCK,https://www.moncler.com/p/moncler-9-oversized-denim-jacket,https://picsum.photos/seed/moncler-9-oversized-denim-jacket/600/600
Moncler Tailored Knit Sweater,moncler,clothing,Sweaters,women,moncler-store,45730,53800,IN STOCK,https://www.moncler.com/p/moncler-10-tailored-knit-sweater,https://picsum.photos/seed/moncler-10-tailored-knit-sweater/600/600
Moncler Classic Trench Coat,moncler,clothing,Dresses,men,moncler-store,66365,102100,IN STOCK,https://www.moncler.com/p/moncler-11-classic-trench-coat,https://picsum.photos/seed/moncler-11-classic-trench-coat/600/600
Moncler Relaxed Midi Dress,moncler,clothing,Jackets,unisex,moncler-store,15819,22600,IN STOCK,https://www.moncler.com/p/moncler-12-relaxed-midi-dress,https://picsum.photos/seed/moncler-12-relaxed-midi-dress/600/600
Moncler Slim Fit Blazer,moncler,clothing,Jeans,women,moncler-store,55090,78700,LOW STOCK,https://www.moncler.com/p/moncler-13-slim-fit-blazer,https://picsum.photos/seed/moncler-13-slim-fit-blazer/600/600
Moncler Oversized Shirt Dress,moncler,clothing,Shirts,men,moncler-store,45600,57000,IN STOCK,https://www.moncler.com/p/moncler-14-oversized-shirt-dress,https://picsum.photos/seed/moncler-14-oversized-shirt-dress/600/600
Moncler Tailored Denim Jacket,moncler,clothing,Sweaters,unisex,moncler-store,98770,116200,OUT OF STOCK,https://www.moncler.com/p/moncler-15-tailored-denim-jacket,https://picsum.photos/seed/moncler-15-tailored-denim-jacket/600/600
Moncler Classic Knit Sweater,moncler,clothing,Dresses,women,moncler-store,83980,98800,IN STOCK,https://www.moncler.com/p/moncler-16-classic-knit-sweater,https://picsum.photos/seed/moncler-16-classic-knit-sweater/600/600
Moncler Relaxed Trench Coat,moncler,clothing,Jackets,men,moncler-store,75660,126100,IN STOCK,https://www.moncler.com/p/moncler-17-relaxed-trench-coat,https://picsum.photos/seed/moncler-17-relaxed-trench-coat/600/600
Moncler Slim Fit Midi Dress,moncler,clothing,Jeans,unisex,moncler-store,14489,20700,IN STOCK,https://www.moncler.com/p/moncler-18-slim-fit-midi-dress,https://picsum.photos/seed/moncler-18-slim-fit-midi-dress/600/600
Moncler Oversized Blazer,moncler,clothing,Shirts,women,moncler-store,88570,104200,IN STOCK,https://www.moncler.com/p/moncler-19-oversized-blazer,https://picsum.photos/seed/moncler-19-oversized-blazer/600/600
Moncler Tailored Shirt Dress,moncler,clothing,Sweaters,men,moncler-store,119850,141000,IN STOCK,https://www.moncler.com/p/moncler-20-tailored-shirt-dress,https://picsum.photos/seed/moncler-20-tailored-shirt-dress/600/600
El Corte Ingles Classic Blazer,el-corte-ingles,clothing,Dresses,women,el-corte-ingles-store,12495,14700,IN STOCK,https://www.elcorteingles.es/p/el-corte-ingles-1-classic-blazer,https://picsum.photos/seed/el-corte-ingles-1-classic-blazer/600/600
El Corte Ingles Relaxed Shirt Dress,el-corte-ingles,clothing,Jackets,men,el-corte-ingles-store,10380,17300,IN STOCK,https://www.elcorteingles.es/p/el-corte-ingles-2-relaxed-shirt-dress,https://picsum.photos/seed/el-corte-ingles-2-relaxed-shirt-dress/600/600
El Corte Ingles Slim Fit Denim Jacket,el-corte-ingles,clothing,Jeans,unisex,el-corte-ingles-store,14960,17600,IN STOCK,https://www.elcorteingles.es/p/el-corte-ingles-3-slim-fit-denim-jacket,https://picsum.photos/seed/el-corte-ingles-3-slim-fit-denim-jacket/600/600
El Corte Ingles Oversized Knit Sweater,el-corte-ingles,clothing,Shirts,women,el-corte-ingles-store,14460,24100,IN STOCK,https://www.elcorteingles.es/p/el-corte-ingles-4-oversized-knit-sweater,https://picsum.photos/seed/el-corte-ingles-4-oversized-knit-sweater/600/600
El Corte Ingles Tailored Trench Coat,el-corte-ingles,clothing,Sweaters,men,el-corte-ingles-store,12980,23600,IN STOCK,https://www.elcorteingles.es/p/el-corte-ingles-5-tailored-trench-coat,https://picsum.photos/seed/el-corte-ingles-5-tailored-trench-coat/600/600
El Corte Ingles Classic Midi Dress,el-corte-ingles,clothing,Dresses,unisex,el-corte-ingles-store,16320,19200,IN STOCK,https://www.elcorteingles.es/p/el-corte-ingles-6-classic-midi-dress,https://picsum.photos/seed/el-corte-ingles-6-classic-midi-dress/600/600
El Corte Ingles Relaxed Blazer,el-corte-ingles,clothing,Jackets,women,el-corte-ingles-store,8640,14400,IN STOCK,https://www.elcorteingles.es/p/el-corte-ingles-7-relaxed-blazer,https://picsum.photos/seed/el-corte-ingles-7-relaxed-blazer/600/600
El Corte Ingles Slim Fit Shirt Dress,el-corte-ingles,clothing,Jeans,men,el-corte-ingles-store,14460,24100,IN STOCK,https://www.elcorteingles.es/p/el-corte-ingles-8-slim-fit-shirt-dress,https://picsum.photos/seed/el-corte-ingles-8-slim-fit-shirt-dress/600/600
El Corte Ingles Oversized Denim Jacket,el-corte-ingles,clothing,Shirts,unisex,el-corte-ingles-store,3450,4600,IN STOCK,https://www.elcorteingles.es/p/el-corte-ingles-9-oversized-denim-jacket,https://picsum.photos/seed/el-corte-ingles-9-oversized-denim-jacket/600/600
El Corte Ingles Tailored Knit Sweater,el-corte-ingles,clothing,Sweaters,women,el-corte-ingles-store,17040,21300,IN STOCK,https://www.elcorteingles.es/p/el-corte-ingles-10-tailored-knit-sweater,https://picsum.photos/seed/el-corte-ingles-10-tailored-knit-sweater/600/600
El Corte Ingles Classic Trench Coat,el-corte-ingles,clothing,Dresses,men,el-corte-ingles-store,8745,15900,IN STOCK,https://www.elcorteingles.es/p/el-corte-ingles-11-classic-trench-coat,https://picsum.photos/seed/el-corte-ingles-11-classic-trench-coat/600/600
El Corte Ingles Relaxed Midi Dress,el-corte-ingles,clothing,Jackets,unisex,el-corte-ingles-store,17475,23300,IN STOCK,https://www.elcorteingles.es/p/el-corte-ingles-12-relaxed-midi-dress,https://picsum.photos/seed/el-corte-ingles-12-relaxed-midi-dress/600/600
El Corte Ingles Slim Fit Blazer,el-corte-ingles,clothing,Jeans,women,el-corte-ingles-store,14220,23700,IN STOCK,https://www.elcorteingles.es/p/el-corte-ingles-13-slim-fit-blazer,https://picsum.photos/seed/el-corte-ingles-13-slim-fit-blazer/600/600
El Corte Ingles Oversized Shirt Dress,el-corte-ingles,clothing,Shirts,men,el-corte-ingles-store,15795,24300,LOW STOCK,https://www.elcorteingles.es/p/el-corte-ingles-14-oversized-shirt-dress,https://picsum.photos/seed/el-corte-ingles-14-oversized-shirt-dress/600/600
El Corte Ingles Tailored Denim Jacket,el-corte-ingles,clothing,Sweaters,unisex,el-corte-ingles-store,16660,19600,IN STOCK,https://www.elcorteingles.es/p/el-corte-ingles-15-tailored-denim-jacket,https://picsum.photos/seed/el-corte-ingles-15-tailored-denim-jacket/600/600
El Corte Ingles Classic Knit Sweater,el-corte-ingles,clothing,Dresses,women,el-corte-ingles-store,7050,14100,IN STOCK,https://www.elcorteingles.es/p/el-corte-ingles-16-classic-knit-sweater,https://picsum.photos/seed/el-corte-ingles-16-classic-knit-sweater/600/600
El Corte Ingles Relaxed Trench Coat,el-corte-ingles,clothing,Jackets,men,el-corte-ingles-store,10270,15800,IN STOCK,https://www.elcorteingles.es/p/el-corte-ingles-17-relaxed-trench-coat,https://picsum.photos/seed/el-corte-ingles-17-relaxed-trench-coat/600/600
El Corte Ingles Slim Fit Midi Dress,el-corte-ingles,clothing,Jeans,unisex,el-corte-ingles-store,2150,4300,IN STOCK,https://www.elcorteingles.es/p/el-corte-ingles-18-slim-fit-midi-dress,https://picsum.photos/seed/el-corte-ingles-18-slim-fit-midi-dress/600/600
El Corte Ingles Oversized Blazer,el-corte-ingles,clothing,Shirts,women,el-corte-ingles-store,11925,15900,OUT OF STOCK,https://www.elcorteingles.es/p/el-corte-ingles-19-oversized-blazer,https://picsum.photos/seed/el-corte-ingles-19-oversized-blazer/600/600
El Corte Ingles Tailored Shirt Dress,el-corte-ingles,clothing,Sweaters,men,el-corte-ingles-store,6325,11500,IN STOCK,https://www.elcorteingles.es/p/el-corte-ingles-20-tailored-shirt-dress,https://picsum.photos/seed/el-corte-ingles-20-tailored-shirt-dress/600/600
Primeriti Signature Shoulder Bag,primeriti,accessories,Handbags,men,primeriti-store,5865,6900,IN STOCK,https://www.primeriti.es/p/primeriti-1-signature-shoulder-bag,https://picsum.photos/seed/primeriti-1-signature-shoulder-bag/600/600
Primeriti Monogram Silk Scarf,primeriti,accessories,Ready-to-Wear,women,primeriti-store,6800,8000,IN STOCK,https://www.primeriti.es/p/primeriti-2-monogram-silk-scarf,https://picsum.photos/seed/primeriti-2-monogram-silk-scarf/600/600
Primeriti Limited Edition Leather Loafers,primeriti,accessories,Footwear,unisex,primeriti-store,8025,10700,IN STOCK,https://www.primeriti.es/p/primeriti-3-limited-edition-leather-loafers,https://picsum.photos/seed/primeriti-3-limited-edition-leather-loafers/600/600
Primeriti Runway Sunglasses,primeriti,accessories,Accessories,men,primeriti-store,14340,23900,IN STOCK,https://www.primeriti.es/p/primeriti-4-runway-sunglasses,https://picsum.photos/seed/primeriti-4-runway-sunglasses/600/600
Primeriti Heritage Wool Coat,primeriti,accessories,Handbags,women,primeriti-store,7350,9800,IN STOCK,https://www.primeriti.es/p/primeriti-5-heritage-wool-coat,https://picsum.photos/seed/primeriti-5-heritage-wool-coat/600/600
Primeriti Signature Tote,primeriti,accessories,Ready-to-Wear,unisex,primeriti-store,10850,15500,IN STOCK,https://www.primeriti.es/p/primeriti-6-signature-tote,https://picsum.photos/seed/primeriti-6-signature-tote/600/600
Primeriti Monogram Shoulder Bag,primeriti,accessories,Footwear,men,primeriti-store,14210,20300,IN STOCK,https://www.primeriti.es/p/primeriti-7-monogram-shoulder-bag,https://picsum.photos/seed/primeriti-7-monogram-shoulder-bag/600/600
Primeriti Limited Edition Silk Scarf,primeriti,accessories,Accessories,women,primeriti-store,8415,15300,IN STOCK,https://www.primeriti.es/p/primeriti-8-limited-edition-silk-scarf,https://picsum.photos/seed/primeriti-8-limited-edition-silk-scarf/600/600
Primeriti Runway Leather Loafers,primeriti,accessories,Handbags,unisex,primeriti-store,12410,14600,IN STOCK,https://www.primeriti.es/p/primeriti-9-runway-leather-loafers,https://picsum.photos/seed/primeriti-9-runway-leather-loafers/600/600
Primeriti Heritage Sunglasses,primeriti,accessories,Ready-to-Wear,men,primeriti-store,3600,4500,LOW STOCK,https://www.primeriti.es/p/primeriti-10-heritage-sunglasses,https://picsum.photos/seed/primeriti-10-heritage-sunglasses/600/600
Primeriti Signature Wool Coat,primeriti,accessories,Footwear,women,primeriti-store,10320,17200,IN STOCK,https://www.primeriti.es/p/primeriti-11-signature-wool-coat,https://picsum.photos/seed/primeriti-11-signature-wool-coat/600/600
Primeriti Monogram Tote,primeriti,accessories,Accessories,unisex,primeriti-store,12375,22500,IN STOCK,https://www.primeriti.es/p/primeriti-12-monogram-tote,https://picsum.photos/seed/primeriti-12-monogram-tote/600/600
Primeriti Limited Edition Shoulder Bag,primeriti,accessories,Handbags,men,primeriti-store,11410,16300,IN STOCK,https://www.primeriti.es/p/primeriti-13-limited-edition-shoulder-bag,https://picsum.photos/seed/primeriti-13-limited-edition-shoulder-bag/600/600
Primeriti Runway Silk Scarf,primeriti,accessories,Ready-to-Wear,women,primeriti-store,3055,4700,IN STOCK,https://www.primeriti.es/p/primeriti-14-runway-silk-scarf,https://picsum.photos/seed/primeriti-14-runway-silk-scarf/600/600
Primeriti Heritage Leather Loafers,primeriti,accessories,Footwear,unisex,primeriti-store,8330,11900,IN STOCK,https://www.primeriti.es/p/primeriti-15-heritage-leather-loafers,https://picsum.photos/seed/primeriti-15-heritage-leather-loafers/600/600
Primeriti Signature Sunglasses,primeriti,accessories,Accessories,men,primeriti-store,8085,14700,IN STOCK,https://www.primeriti.es/p/primeriti-16-signature-sunglasses,https://picsum.photos/seed/primeriti-16-signature-sunglasses/600/600
Primeriti Monogram Wool Coat,primeriti,accessories,Handbags,women,primeriti-store,6900,13800,IN STOCK,https://www.primeriti.es/p/primeriti-17-monogram-wool-coat,https://picsum.photos/seed/primeriti-17-monogram-wool-coat/600/600
Primeriti Limited Edition Tote,primeriti,accessories,Ready-to-Wear,unisex,primeriti-store,17025,22700,IN STOCK,https://www.primeriti.es/p/primeriti-18-limited-edition-tote,https://picsum.photos/seed/primeriti-18-limited-edition-tote/600/600
Primeriti Runway Shoulder Bag,primeriti,accessories,Footwear,men,primeriti-store,9600,12800,LOW STOCK,https://www.primeriti.es/p/primeriti-19-runway-shoulder-bag,https://picsum.photos/seed/primeriti-19-runway-shoulder-bag/600/600
Primeriti Heritage Silk Scarf,primeriti,accessories,Accessories,women,primeriti-store,10640,13300,IN STOCK,https://www.primeriti.es/p/primeriti-20-heritage-silk-scarf,https://picsum.photos/seed/primeriti-20-heritage-silk-scarf/600/600
Farfetch Signature Shoulder Bag,farfetch,accessories,Handbags,men,farfetch-store,58519,83600,IN STOCK,https://www.farfetch.com/p/farfetch-1-signature-shoulder-bag,https://picsum.photos/seed/farfetch-1-signature-shoulder-bag/600/600
Farfetch Monogram Silk Scarf,farfetch,accessories,Ready-to-Wear,women,farfetch-store,54750,109500,IN STOCK,https://www.farfetch.com/p/farfetch-2-monogram-silk-scarf,https://picsum.photos/seed/farfetch-2-monogram-silk-scarf/600/600
Farfetch Limited Edition Leather Loafers,farfetch,accessories,Footwear,unisex,farfetch-store,18760,26800,LOW STOCK,https://www.farfetch.com/p/farfetch-3-limited-edition-leather-loafers,https://picsum.photos/seed/farfetch-3-limited-edition-leather-loafers/600/600
Farfetch Runway Sunglasses,farfetch,accessories,Accessories,men,farfetch-store,69840,116400,IN STOCK,https://www.farfetch.com/p/farfetch-4-runway-sunglasses,https://picsum.photos/seed/farfetch-4-runway-sunglasses/600/600
Farfetch Heritage Wool Coat,farfetch,accessories,Handbags,women,farfetch-store,60700,121400,IN STOCK,https://www.farfetch.com/p/farfetch-5-heritage-wool-coat,https://picsum.photos/seed/farfetch-5-heritage-wool-coat/600/600
Farfetch Signature Tote,farfetch,accessories,Ready-to-Wear,unisex,farfetch-store,99900,133200,OUT OF STOCK,https://www.farfetch.com/p/farfetch-6-signature-tote,https://picsum.photos/seed/farfetch-6-signature-tote/600/600
Farfetch Monogram Shoulder Bag,farfetch,accessories,Footwear,men,farfetch-store,50150,59000,LOW STOCK,https://www.farfetch.com/p/farfetch-7-monogram-shoulder-bag,https://picsum.photos/seed/farfetch-7-monogram-shoulder-bag/600/600
Farfetch Limited Edition Silk Scarf,farfetch,accessories,Accessories,women,farfetch-store,33915,39900,IN STOCK,https://www.farfetch.com/p/farfetch-8-limited-edition-silk-scarf,https://picsum.photos/seed/farfetch-8-limited-edition-silk-scarf/600/600
Farfetch Runway Leather Loafers,farfetch,accessories,Handbags,unisex,farfetch-store,44775,59700,IN STOCK,https://www.farfetch.com/p/farfetch-9-runway-leather-loafers,https://picsum.photos/seed/farfetch-9-runway-leather-loafers/600/600
Farfetch Heritage Sunglasses,farfetch,accessories,Ready-to-Wear,men,farfetch-store,52880,66100,IN STOCK,https://www.farfetch.com/p/farfetch-10-heritage-sunglasses,https://picsum.photos/seed/farfetch-10-heritage-sunglasses/600/600
Farfetch Signature Wool Coat,farfetch,accessories,Footwear,women,farfetch-store,44495,80900,IN STOCK,https://www.farfetch.com/p/farfetch-11-signature-wool-coat,https://picsum.photos/seed/farfetch-11-signature-wool-coat/600/600
Farfetch Monogram Tote,farfetch,accessories,Accessories,unisex,farfetch-store,35475,64500,LOW STOCK,https://www.farfetch.com/p/farfetch-12-monogram-tote,https://picsum.photos/seed/farfetch-12-monogram-tote/600/600
Farfetch Limited Edition Shoulder Bag,farfetch,accessories,Handbags,men,farfetch-store,126140,148400,IN STOCK,https://www.farfetch.com/p/farfetch-13-limited-edition-shoulder-bag,https://picsum.photos/seed/farfetch-13-limited-edition-shoulder-bag/600/600
Farfetch Runway Silk Scarf,farfetch,accessories,Ready-to-Wear,women,farfetch-store,39440,46400,IN STOCK,https://www.farfetch.com/p/farfetch-14-runway-silk-scarf,https://picsum.photos/seed/farfetch-14-runway-silk-scarf/600/600
Farfetch Heritage Leather Loafers,farfetch,accessories,Footwear,unisex,farfetch-store,60339,86200,IN STOCK,https://www.farfetch.com/p/farfetch-15-heritage-leather-loafers,https://picsum.photos/seed/farfetch-15-heritage-leather-loafers/600/600
Farfetch Signature Sunglasses,farfetch,accessories,Accessories,men,farfetch-store,89200,111500,IN STOCK,https://www.farfetch.com/p/farfetch-16-signature-sunglasses,https://picsum.photos/seed/farfetch-16-signature-sunglasses/600/600
Farfetch Monogram Wool Coat,farfetch,accessories,Handbags,women,farfetch-store,15780,26300,IN STOCK,https://www.farfetch.com/p/farfetch-17-monogram-wool-coat,https://picsum.photos/seed/farfetch-17-monogram-wool-coat/600/600
Farfetch Limited Edition Tote,farfetch,accessories,Ready-to-Wear,unisex,farfetch-store,27600,34500,OUT OF STOCK,https://www.farfetch.com/p/farfetch-18-limited-edition-tote,https://picsum.photos/seed/farfetch-18-limited-edition-tote/600/600
Farfetch Runway Shoulder Bag,farfetch,accessories,Footwear,men,farfetch-store,110400,147200,IN STOCK,https://www.farfetch.com/p/farfetch-19-runway-shoulder-bag,https://picsum.photos/seed/farfetch-19-runway-shoulder-bag/600/600
Farfetch Heritage Silk Scarf,farfetch,accessories,Accessories,women,farfetch-store,15225,20300,IN STOCK,https://www.farfetch.com/p/farfetch-20-heritage-silk-scarf,https://picsum.photos/seed/farfetch-20-heritage-silk-scarf/600/600
Ssense Signature Shoulder Bag,ssense,accessories,Handbags,men,ssense-store,68100,90800,IN STOCK,https://www.ssense.com/p/ssense-1-signature-shoulder-bag,https://picsum.photos/seed/ssense-1-signature-shoulder-bag/600/600
Ssense Monogram Silk Scarf,ssense,accessories,Ready-to-Wear,women,ssense-store,73200,91500,IN STOCK,https://www.ssense.com/p/ssense-2-monogram-silk-scarf,https://picsum.photos/seed/ssense-2-monogram-silk-scarf/600/600
Ssense Limited Edition Leather Loafers,ssense,accessories,Footwear,unisex,ssense-store,65000,130000,OUT OF STOCK,https://www.ssense.com/p/ssense-3-limited-edition-leather-loafers,https://picsum.photos/seed/ssense-3-limited-edition-leather-loafers/600/600
Ssense Runway Sunglasses,ssense,accessories,Accessories,men,ssense-store,18060,30100,OUT OF STOCK,https://www.ssense.com/p/ssense-4-runway-sunglasses,https://picsum.photos/seed/ssense-4-runway-sunglasses/600/600
Ssense Heritage Wool Coat,ssense,accessories,Handbags,women,ssense-store,92260,131800,IN STOCK,https://www.ssense.com/p/ssense-5-heritage-wool-coat,https://picsum.photos/seed/ssense-5-heritage-wool-coat/600/600
Ssense Signature Tote,ssense,accessories,Ready-to-Wear,unisex,ssense-store,41850,55800,IN STOCK,https://www.ssense.com/p/ssense-6-signature-tote,https://picsum.photos/seed/ssense-6-signature-tote/600/600
Ssense Monogram Shoulder Bag,ssense,accessories,Footwear,men,ssense-store,44240,55300,OUT OF STOCK,https://www.ssense.com/p/ssense-7-monogram-shoulder-bag,https://picsum.photos/seed/ssense-7-monogram-shoulder-bag/600/600
Ssense Limited Edition Silk Scarf,ssense,accessories,Accessories,women,ssense-store,38845,45700,IN STOCK,https://www.ssense.com/p/ssense-8-limited-edition-silk-scarf,https://picsum.photos/seed/ssense-8-limited-edition-silk-scarf/600/600
Ssense Runway Leather Loafers,ssense,accessories,Handbags,unisex,ssense-store,55800,93000,IN STOCK,https://www.ssense.com/p/ssense-9-runway-leather-loafers,https://picsum.photos/seed/ssense-9-runway-leather-loafers/600/600
Ssense Heritage Sunglasses,ssense,accessories,Ready-to-Wear,men,ssense-store,53295,62700,IN STOCK,https://www.ssense.com/p/ssense-10-heritage-sunglasses,https://picsum.photos/seed/ssense-10-heritage-sunglasses/600/600
Ssense Signature Wool Coat,ssense,accessories,Footwear,women,ssense-store,59345,91300,IN STOCK,https://www.ssense.com/p/ssense-11-signature-wool-coat,https://picsum.photos/seed/ssense-11-signature-wool-coat/600/600
Ssense Monogram Tote,ssense,accessories,Accessories,unisex,ssense-store,60775,110500,OUT OF STOCK,https://www.ssense.com/p/ssense-12-monogram-tote,https://picsum.photos/seed/ssense-12-monogram-tote/600/600
Ssense Limited Edition Shoulder Bag,ssense,accessories,Handbags,men,ssense-store,87490,134600,IN STOCK,https://www.ssense.com/p/ssense-13-limited-edition-shoulder-bag,https://picsum.photos/seed/ssense-13-limited-edition-shoulder-bag/600/600
Ssense Runway Silk Scarf,ssense,accessories,Ready-to-Wear,women,ssense-store,33935,61700,IN STOCK,https://www.ssense.com/p/ssense-14-runway-silk-scarf,https://picsum.photos/seed/ssense-14-runway-silk-scarf/600/600
Ssense Heritage Leather Loafers,ssense,accessories,Footwear,unisex,ssense-store,21890,39800,IN STOCK,https://www.ssense.com/p/ssense-15-heritage-leather-loafers,https://picsum.photos/seed/ssense-15-heritage-leather-loafers/600/600
Ssense Signature Sunglasses,ssense,accessories,Accessories,men,ssense-store,74580,135600,LOW STOCK,https://www.ssense.com/p/ssense-16-signature-sunglasses,https://picsum.photos/seed/ssense-16-signature-sunglasses/600/600
Ssense Monogram Wool Coat,ssense,accessories,Handbags,women,ssense-store,117045,137700,IN STOCK,https://www.ssense.com/p/ssense-17-monogram-wool-coat,https://picsum.photos/seed/ssense-17-monogram-wool-coat/600/600
Ssense Limited Edition Tote,ssense,accessories,Ready-to-Wear,unisex,ssense-store,55705,85700,IN STOCK,https://www.ssense.com/p/ssense-18-limited-edition-tote,https://picsum.photos/seed/ssense-18-limited-edition-tote/600/600
Ssense Runway Shoulder Bag,ssense,accessories,Footwear,men,ssense-store,63635,115700,OUT OF STOCK,https://www.ssense.com/p/ssense-19-runway-shoulder-bag,https://picsum.photos/seed/ssense-19-runway-shoulder-bag/600/600
Ssense Heritage Silk Scarf,ssense,accessories,Accessories,women,ssense-store,89740,128200,IN STOCK,https://www.ssense.com/p/ssense-20-heritage-silk-scarf,https://picsum.photos/seed/ssense-20-heritage-silk-scarf/600/600
Net A Porter Classic Blazer,net-a-porter,clothing,Dresses,women,net-a-porter-store,26690,31400,LOW STOCK,https://www.net-a-porter.com/p/net-a-porter-1-classic-blazer,https://picsum.photos/seed/net-a-porter-1-classic-blazer/600/600
Net A Porter Relaxed Shirt Dress,net-a-porter,clothing,Jackets,men,net-a-porter-store,14575,26500,IN STOCK,https://www.net-a-porter.com/p/net-a-porter-2-relaxed-shirt-dress,https://picsum.photos/seed/net-a-porter-2-relaxed-shirt-dress/600/600
Net A Porter Slim Fit Denim Jacket,net-a-porter,clothing,Jeans,unisex,net-a-porter-store,31250,62500,IN STOCK,https://www.net-a-porter.com/p/net-a-porter-3-slim-fit-denim-jacket,https://picsum.photos/seed/net-a-porter-3-slim-fit-denim-jacket/600/600
Net A Porter Oversized Knit Sweater,net-a-porter,clothing,Shirts,women,net-a-porter-store,30700,61400,OUT OF STOCK,https://www.net-a-porter.com/p/net-a-porter-4-oversized-knit-sweater,https://picsum.photos/seed/net-a-porter-4-oversized-knit-sweater/600/600
Net A Porter Tailored Trench Coat,net-a-porter,clothing,Sweaters,men,net-a-porter-store,10050,20100,IN STOCK,https://www.net-a-porter.com/p/net-a-porter-5-tailored-trench-coat,https://picsum.photos/seed/net-a-porter-5-tailored-trench-coat/600/600
Net A Porter Classic Midi Dress,net-a-porter,clothing,Dresses,unisex,net-a-porter-store,65950,131900,IN STOCK,https://www.net-a-porter.com/p/net-a-porter-6-classic-midi-dress,https://picsum.photos/seed/net-a-porter-6-classic-midi-dress/600/600
Net A Porter Relaxed Blazer,net-a-porter,clothing,Jackets,women,net-a-porter-store,53680,97600,IN STOCK,https://www.net-a-porter.com/p/net-a-porter-7-relaxed-blazer,https://picsum.photos/seed/net-a-porter-7-relaxed-blazer/600/600
Net A Porter Slim Fit Shirt Dress,net-a-porter,clothing,Jeans,men,net-a-porter-store,56375,102500,IN STOCK,https://www.net-a-porter.com/p/net-a-porter-8-slim-fit-shirt-dress,https://picsum.photos/seed/net-a-porter-8-slim-fit-shirt-dress/600/600
Net A Porter Oversized Denim Jacket,net-a-porter,clothing,Shirts,unisex,net-a-porter-store,15620,28400,OUT OF STOCK,https://www.net-a-porter.com/p/net-a-porter-9-oversized-denim-jacket,https://picsum.photos/seed/net-a-porter-9-oversized-denim-jacket/600/600
Net A Porter Tailored Knit Sweater,net-a-porter,clothing,Sweaters,women,net-a-porter-store,32940,54900,IN STOCK,https://www.net-a-porter.com/p/net-a-porter-10-tailored-knit-sweater,https://picsum.photos/seed/net-a-porter-10-tailored-knit-sweater/600/600
Net A Porter Classic Trench Coat,net-a-porter,clothing,Dresses,men,net-a-porter-store,87150,124500,LOW STOCK,https://www.net-a-porter.com/p/net-a-porter-11-classic-trench-coat,https://picsum.photos/seed/net-a-porter-11-classic-trench-coat/600/600
Net A Porter Relaxed Midi Dress,net-a-porter,clothing,Jackets,unisex,net-a-porter-store,78195,120300,IN STOCK,https://www.net-a-porter.com/p/net-a-porter-12-relaxed-midi-dress,https://picsum.photos/seed/net-a-porter-12-relaxed-midi-dress/600/600
Net A Porter Slim Fit Blazer,net-a-porter,clothing,Jeans,women,net-a-porter-store,65100,130200,LOW STOCK,https://www.net-a-porter.com/p/net-a-porter-13-slim-fit-blazer,https://picsum.photos/seed/net-a-porter-13-slim-fit-blazer/600/600
Net A Porter Oversized Shirt Dress,net-a-porter,clothing,Shirts,men,net-a-porter-store,32800,65600,IN STOCK,https://www.net-a-porter.com/p/net-a-porter-14-oversized-shirt-dress,https://picsum.photos/seed/net-a-porter-14-oversized-shirt-dress/600/600
Net A Porter Tailored Denim Jacket,net-a-porter,clothing,Sweaters,unisex,net-a-porter-store,30880,38600,LOW STOCK,https://www.net-a-porter.com/p/net-a-porter-15-tailored-denim-jacket,https://picsum.photos/seed/net-a-porter-15-tailored-denim-jacket/600/600
Net A Porter Classic Knit Sweater,net-a-porter,clothing,Dresses,women,net-a-porter-store,53580,89300,IN STOCK,https://www.net-a-porter.com/p/net-a-porter-16-classic-knit-sweater,https://picsum.photos/seed/net-a-porter-16-classic-knit-sweater/600/600
Net A Porter Relaxed Trench Coat,net-a-porter,clothing,Jackets,men,net-a-porter-store,66825,89100,LOW STOCK,https://www.net-a-porter.com/p/net-a-porter-17-relaxed-trench-coat,https://picsum.photos/seed/net-a-porter-17-relaxed-trench-coat/600/600
Net A Porter Slim Fit Midi Dress,net-a-porter,clothing,Jeans,unisex,net-a-porter-store,38475,51300,IN STOCK,https://www.net-a-porter.com/p/net-a-porter-18-slim-fit-midi-dress,https://picsum.photos/seed/net-a-porter-18-slim-fit-midi-dress/600/600
Net A Porter Oversized Blazer,net-a-porter,clothing,Shirts,women,net-a-porter-store,53350,106700,IN STOCK,https://www.net-a-porter.com/p/net-a-porter-19-oversized-blazer,https://picsum.photos/seed/net-a-porter-19-oversized-blazer/600/600
Net A Porter Tailored Shirt Dress,net-a-porter,clothing,Sweaters,men,net-a-porter-store,122570,144200,IN STOCK,https://www.net-a-porter.com/p/net-a-porter-20-tailored-shirt-dress,https://picsum.photos/seed/net-a-porter-20-tailored-shirt-dress/600/600
Mr Porter Slim Fit Denim Jeans,mr-porter,mens-clothing,Shirts,men,mr-porter-store,37070,67400,IN STOCK,https://www.mrporter.com/p/mr-porter-1-slim-fit-denim-jeans,https://picsum.photos/seed/mr-porter-1-slim-fit-denim-jeans/600/600
Mr Porter Classic Oxford Shirt,mr-porter,mens-clothing,Jeans,men,mr-porter-store,26130,40200,IN STOCK,https://www.mrporter.com/p/mr-porter-2-classic-oxford-shirt,https://picsum.photos/seed/mr-porter-2-classic-oxford-shirt/600/600
Mr Porter Relaxed Chino Trousers,mr-porter,mens-clothing,Jackets,men,mr-porter-store,40680,67800,IN STOCK,https://www.mrporter.com/p/mr-porter-3-relaxed-chino-trousers,https://picsum.photos/seed/mr-porter-3-relaxed-chino-trousers/600/600
Mr Porter Tailored Bomber Jacket,mr-porter,mens-clothing,Chinos,men,mr-porter-store,57525,88500,IN STOCK,https://www.mrporter.com/p/mr-porter-4-tailored-bomber-jacket,https://picsum.photos/seed/mr-porter-4-tailored-bomber-jacket/600/600
Mr Porter Slim Fit Denim Jeans,mr-porter,mens-clothing,Shirts,men,mr-porter-store,20475,31500,IN STOCK,https://www.mrporter.com/p/mr-porter-5-slim-fit-denim-jeans,https://picsum.photos/seed/mr-porter-5-slim-fit-denim-jeans/600/600
Mr Porter Classic Oxford Shirt,mr-porter,mens-clothing,Jeans,men,mr-porter-store,62800,78500,IN STOCK,https://www.mrporter.com/p/mr-porter-6-classic-oxford-shirt,https://picsum.photos/seed/mr-porter-6-classic-oxford-shirt/600/600
Mr Porter Relaxed Chino Trousers,mr-porter,mens-clothing,Jackets,men,mr-porter-store,62025,82700,IN STOCK,https://www.mrporter.com/p/mr-porter-7-relaxed-chino-trousers,https://picsum.photos/seed/mr-porter-7-relaxed-chino-trousers/600/600
Mr Porter Tailored Bomber Jacket,mr-porter,mens-clothing,Chinos,men,mr-porter-store,33660,39600,IN STOCK,https://www.mrporter.com/p/mr-porter-8-tailored-bomber-jacket,https://picsum.photos/seed/mr-porter-8-tailored-bomber-jacket/600/600
Mr Porter Slim Fit Denim Jeans,mr-porter,mens-clothing,Shirts,men,mr-porter-store,34050,68100,IN STOCK,https://www.mrporter.com/p/mr-porter-9-slim-fit-denim-jeans,https://picsum.photos/seed/mr-porter-9-slim-fit-denim-jeans/600/600
Mr Porter Classic Oxford Shirt,mr-porter,mens-clothing,Jeans,men,mr-porter-store,30660,51100,IN STOCK,https://www.mrporter.com/p/mr-porter-10-classic-oxford-shirt,https://picsum.photos/seed/mr-porter-10-classic-oxford-shirt/600/600
Mr Porter Relaxed Chino Trousers,mr-porter,mens-clothing,Jackets,men,mr-porter-store,68805,125100,IN STOCK,https://www.mrporter.com/p/mr-porter-11-relaxed-chino-trousers,https://picsum.photos/seed/mr-porter-11-relaxed-chino-trousers/600/600
Mr Porter Tailored Bomber Jacket,mr-porter,mens-clothing,Chinos,men,mr-porter-store,65029,92900,IN STOCK,https://www.mrporter.com/p/mr-porter-12-tailored-bomber-jacket,https://picsum.photos/seed/mr-porter-12-tailored-bomber-jacket/600/600
Mr Porter Slim Fit Denim Jeans,mr-porter,mens-clothing,Shirts,men,mr-porter-store,45900,54000,IN STOCK,https://www.mrporter.com/p/mr-porter-13-slim-fit-denim-jeans,https://picsum.photos/seed/mr-porter-13-slim-fit-denim-jeans/600/600
Mr Porter Classic Oxford Shirt,mr-porter,mens-clothing,Jeans,men,mr-porter-store,39130,60200,LOW STOCK,https://www.mrporter.com/p/mr-porter-14-classic-oxford-shirt,https://picsum.photos/seed/mr-porter-14-classic-oxford-shirt/600/600
Mr Porter Relaxed Chino Trousers,mr-porter,mens-clothing,Jackets,men,mr-porter-store,37450,53500,IN STOCK,https://www.mrporter.com/p/mr-porter-15-relaxed-chino-trousers,https://picsum.photos/seed/mr-porter-15-relaxed-chino-trousers/600/600
Mr Porter Tailored Bomber Jacket,mr-porter,mens-clothing,Chinos,men,mr-porter-store,61920,77400,IN STOCK,https://www.mrporter.com/p/mr-porter-16-tailored-bomber-jacket,https://picsum.photos/seed/mr-porter-16-tailored-bomber-jacket/600/600
Mr Porter Slim Fit Denim Jeans,mr-porter,mens-clothing,Shirts,men,mr-porter-store,67760,84700,IN STOCK,https://www.mrporter.com/p/mr-porter-17-slim-fit-denim-jeans,https://picsum.photos/seed/mr-porter-17-slim-fit-denim-jeans/600/600
Mr Porter Classic Oxford Shirt,mr-porter,mens-clothing,Jeans,men,mr-porter-store,49075,75500,IN STOCK,https://www.mrporter.com/p/mr-porter-18-classic-oxford-shirt,https://picsum.photos/seed/mr-porter-18-classic-oxford-shirt/600/600
Mr Porter Relaxed Chino Trousers,mr-porter,mens-clothing,Jackets,men,mr-porter-store,58395,68700,IN STOCK,https://www.mrporter.com/p/mr-porter-19-relaxed-chino-trousers,https://picsum.photos/seed/mr-porter-19-relaxed-chino-trousers/600/600
Mr Porter Tailored Bomber Jacket,mr-porter,mens-clothing,Chinos,men,mr-porter-store,41520,69200,IN STOCK,https://www.mrporter.com/p/mr-porter-20-tailored-bomber-jacket,https://picsum.photos/seed/mr-porter-20-tailored-bomber-jacket/600/600
Mytheresa Signature Shoulder Bag,mytheresa,accessories,Handbags,men,mytheresa-store,77155,118700,OUT OF STOCK,https://www.mytheresa.com/p/mytheresa-1-signature-shoulder-bag,https://picsum.photos/seed/mytheresa-1-signature-shoulder-bag/600/600
Mytheresa Monogram Silk Scarf,mytheresa,accessories,Ready-to-Wear,women,mytheresa-store,49725,76500,IN STOCK,https://www.mytheresa.com/p/mytheresa-2-monogram-silk-scarf,https://picsum.photos/seed/mytheresa-2-monogram-silk-scarf/600/600
Mytheresa Limited Edition Leather Loafers,mytheresa,accessories,Footwear,unisex,mytheresa-store,52875,70500,LOW STOCK,https://www.mytheresa.com/p/mytheresa-3-limited-edition-leather-loafers,https://picsum.photos/seed/mytheresa-3-limited-edition-leather-loafers/600/600
Mytheresa Runway Sunglasses,mytheresa,accessories,Accessories,men,mytheresa-store,27060,45100,IN STOCK,https://www.mytheresa.com/p/mytheresa-4-runway-sunglasses,https://picsum.photos/seed/mytheresa-4-runway-sunglasses/600/600
Mytheresa Heritage Wool Coat,mytheresa,accessories,Handbags,women,mytheresa-store,27960,46600,LOW STOCK,https://www.mytheresa.com/p/mytheresa-5-heritage-wool-coat,https://picsum.photos/seed/mytheresa-5-heritage-wool-coat/600/600
Mytheresa Signature Tote,mytheresa,accessories,Ready-to-Wear,unisex,mytheresa-store,15250,30500,IN STOCK,https://www.mytheresa.com/p/mytheresa-6-signature-tote,https://picsum.photos/seed/mytheresa-6-signature-tote/600/600
Mytheresa Monogram Shoulder Bag,mytheresa,accessories,Footwear,men,mytheresa-store,48895,88900,IN STOCK,https://www.mytheresa.com/p/mytheresa-7-monogram-shoulder-bag,https://picsum.photos/seed/mytheresa-7-monogram-shoulder-bag/600/600
Mytheresa Limited Edition Silk Scarf,mytheresa,accessories,Accessories,women,mytheresa-store,117385,138100,IN STOCK,https://www.mytheresa.com/p/mytheresa-8-limited-edition-silk-scarf,https://picsum.photos/seed/mytheresa-8-limited-edition-silk-scarf/600/600
Mytheresa Runway Leather Loafers,mytheresa,accessories,Handbags,unisex,mytheresa-store,46950,93900,LOW STOCK,https://www.mytheresa.com/p/mytheresa-9-runway-leather-loafers,https://picsum.photos/seed/mytheresa-9-runway-leather-loafers/600/600
Mytheresa Heritage Sunglasses,mytheresa,accessories,Ready-to-Wear,men,mytheresa-store,61545,111900,IN STOCK,https://www.mytheresa.com/p/mytheresa-10-heritage-sunglasses,https://picsum.photos/seed/mytheresa-10-heritage-sunglasses/600/600
Mytheresa Signature Wool Coat,mytheresa,accessories,Footwear,women,mytheresa-store,61575,82100,LOW STOCK,https://www.mytheresa.com/p/mytheresa-11-signature-wool-coat,https://picsum.photos/seed/mytheresa-11-signature-wool-coat/600/600
Mytheresa Monogram Tote,mytheresa,accessories,Accessories,unisex,mytheresa-store,42680,77600,IN STOCK,https://www.mytheresa.com/p/mytheresa-12-monogram-tote,https://picsum.photos/seed/mytheresa-12-monogram-tote/600/600
Mytheresa Limited Edition Shoulder Bag,mytheresa,accessories,Handbags,men,mytheresa-store,74035,87100,IN STOCK,https://www.mytheresa.com/p/mytheresa-13-limited-edition-shoulder-bag,https://picsum.photos/seed/mytheresa-13-limited-edition-shoulder-bag/600/600
Mytheresa Runway Silk Scarf,mytheresa,accessories,Ready-to-Wear,women,mytheresa-store,81970,117100,IN STOCK,https://www.mytheresa.com/p/mytheresa-14-runway-silk-scarf,https://picsum.photos/seed/mytheresa-14-runway-silk-scarf/600/600
Mytheresa Heritage Leather Loafers,mytheresa,accessories,Footwear,unisex,mytheresa-store,16445,25300,IN STOCK,https://www.mytheresa.com/p/mytheresa-15-heritage-leather-loafers,https://picsum.photos/seed/mytheresa-15-heritage-leather-loafers/600/600
Mytheresa Signature Sunglasses,mytheresa,accessories,Accessories,men,mytheresa-store,66440,120800,IN STOCK,https://www.mytheresa.com/p/mytheresa-16-signature-sunglasses,https://picsum.photos/seed/mytheresa-16-signature-sunglasses/600/600
Mytheresa Monogram Wool Coat,mytheresa,accessories,Handbags,women,mytheresa-store,28400,35500,IN STOCK,https://www.mytheresa.com/p/mytheresa-17-monogram-wool-coat,https://picsum.photos/seed/mytheresa-17-monogram-wool-coat/600/600
Mytheresa Limited Edition Tote,mytheresa,accessories,Ready-to-Wear,unisex,mytheresa-store,25585,30100,IN STOCK,https://www.mytheresa.com/p/mytheresa-18-limited-edition-tote,https://picsum.photos/seed/mytheresa-18-limited-edition-tote/600/600
Mytheresa Runway Shoulder Bag,mytheresa,accessories,Footwear,men,mytheresa-store,22120,31600,IN STOCK,https://www.mytheresa.com/p/mytheresa-19-runway-shoulder-bag,https://picsum.photos/seed/mytheresa-19-runway-shoulder-bag/600/600
Mytheresa Heritage Silk Scarf,mytheresa,accessories,Accessories,women,mytheresa-store,19040,27200,IN STOCK,https://www.mytheresa.com/p/mytheresa-20-heritage-silk-scarf,https://picsum.photos/seed/mytheresa-20-heritage-silk-scarf/600/600
Luisaviaroma Signature Shoulder Bag,luisaviaroma,accessories,Handbags,men,luisaviaroma-store,70805,83300,IN STOCK,https://www.luisaviaroma.com/p/luisaviaroma-1-signature-shoulder-bag,https://picsum.photos/seed/luisaviaroma-1-signature-shoulder-bag/600/600
Luisaviaroma Monogram Silk Scarf,luisaviaroma,accessories,Ready-to-Wear,women,luisaviaroma-store,64900,118000,LOW STOCK,https://www.luisaviaroma.com/p/luisaviaroma-2-monogram-silk-scarf,https://picsum.photos/seed/luisaviaroma-2-monogram-silk-scarf/600/600
Luisaviaroma Limited Edition Leather Loafers,luisaviaroma,accessories,Footwear,unisex,luisaviaroma-store,21120,38400,LOW STOCK,https://www.luisaviaroma.com/p/luisaviaroma-3-limited-edition-leather-loafers,https://picsum.photos/seed/luisaviaroma-3-limited-edition-leather-loafers/600/600
Luisaviaroma Runway Sunglasses,luisaviaroma,accessories,Accessories,men,luisaviaroma-store,100725,134300,IN STOCK,https://www.luisaviaroma.com/p/luisaviaroma-4-runway-sunglasses,https://picsum.photos/seed/luisaviaroma-4-runway-sunglasses/600/600
Luisaviaroma Heritage Wool Coat,luisaviaroma,accessories,Handbags,women,luisaviaroma-store,38165,44900,IN STOCK,https://www.luisaviaroma.com/p/luisaviaroma-5-heritage-wool-coat,https://picsum.photos/seed/luisaviaroma-5-heritage-wool-coat/600/600
Luisaviaroma Signature Tote,luisaviaroma,accessories,Ready-to-Wear,unisex,luisaviaroma-store,58890,90600,IN STOCK,https://www.luisaviaroma.com/p/luisaviaroma-6-signature-tote,https://picsum.photos/seed/luisaviaroma-6-signature-tote/600/600
Luisaviaroma Monogram Shoulder Bag,luisaviaroma,accessories,Footwear,men,luisaviaroma-store,18840,31400,IN STOCK,https://www.luisaviaroma.com/p/luisaviaroma-7-monogram-shoulder-bag,https://picsum.photos/seed/luisaviaroma-7-monogram-shoulder-bag/600/600
Luisaviaroma Limited Edition Silk Scarf,luisaviaroma,accessories,Accessories,women,luisaviaroma-store,69550,107000,IN STOCK,https://www.luisaviaroma.com/p/luisaviaroma-8-limited-edition-silk-scarf,https://picsum.photos/seed/luisaviaroma-8-limited-edition-silk-scarf/600/600
Luisaviaroma Runway Leather Loafers,luisaviaroma,accessories,Handbags,unisex,luisaviaroma-store,47850,87000,IN STOCK,https://www.luisaviaroma.com/p/luisaviaroma-9-runway-leather-loafers,https://picsum.photos/seed/luisaviaroma-9-runway-leather-loafers/600/600
Luisaviaroma Heritage Sunglasses,luisaviaroma,accessories,Ready-to-Wear,men,luisaviaroma-store,39130,60200,IN STOCK,https://www.luisaviaroma.com/p/luisaviaroma-10-heritage-sunglasses,https://picsum.photos/seed/luisaviaroma-10-heritage-sunglasses/600/600
Luisaviaroma Signature Wool Coat,luisaviaroma,accessories,Footwear,women,luisaviaroma-store,38390,69800,LOW STOCK,https://www.luisaviaroma.com/p/luisaviaroma-11-signature-wool-coat,https://picsum.photos/seed/luisaviaroma-11-signature-wool-coat/600/600
Luisaviaroma Monogram Tote,luisaviaroma,accessories,Accessories,unisex,luisaviaroma-store,34905,53700,IN STOCK,https://www.luisaviaroma.com/p/luisaviaroma-12-monogram-tote,https://picsum.photos/seed/luisaviaroma-12-monogram-tote/600/600
Luisaviaroma Limited Edition Shoulder Bag,luisaviaroma,accessories,Handbags,men,luisaviaroma-store,18760,26800,IN STOCK,https://www.luisaviaroma.com/p/luisaviaroma-13-limited-edition-shoulder-bag,https://picsum.photos/seed/luisaviaroma-13-limited-edition-shoulder-bag/600/600
Luisaviaroma Runway Silk Scarf,luisaviaroma,accessories,Ready-to-Wear,women,luisaviaroma-store,34500,69000,IN STOCK,https://www.luisaviaroma.com/p/luisaviaroma-14-runway-silk-scarf,https://picsum.photos/seed/luisaviaroma-14-runway-silk-scarf/600/600
Luisaviaroma Heritage Leather Loafers,luisaviaroma,accessories,Footwear,unisex,luisaviaroma-store,84750,113000,IN STOCK,https://www.luisaviaroma.com/p/luisaviaroma-15-heritage-leather-loafers,https://picsum.photos/seed/luisaviaroma-15-heritage-leather-loafers/600/600
Luisaviaroma Signature Sunglasses,luisaviaroma,accessories,Accessories,men,luisaviaroma-store,75000,125000,IN STOCK,https://www.luisaviaroma.com/p/luisaviaroma-16-signature-sunglasses,https://picsum.photos/seed/luisaviaroma-16-signature-sunglasses/600/600
Luisaviaroma Monogram Wool Coat,luisaviaroma,accessories,Handbags,women,luisaviaroma-store,119425,140500,IN STOCK,https://www.luisaviaroma.com/p/luisaviaroma-17-monogram-wool-coat,https://picsum.photos/seed/luisaviaroma-17-monogram-wool-coat/600/600
Luisaviaroma Limited Edition Tote,luisaviaroma,accessories,Ready-to-Wear,unisex,luisaviaroma-store,16880,21100,IN STOCK,https://www.luisaviaroma.com/p/luisaviaroma-18-limited-edition-tote,https://picsum.photos/seed/luisaviaroma-18-limited-edition-tote/600/600
Luisaviaroma Runway Shoulder Bag,luisaviaroma,accessories,Footwear,men,luisaviaroma-store,56400,94000,IN STOCK,https://www.luisaviaroma.com/p/luisaviaroma-19-runway-shoulder-bag,https://picsum.photos/seed/luisaviaroma-19-runway-shoulder-bag/600/600
Luisaviaroma Heritage Silk Scarf,luisaviaroma,accessories,Accessories,women,luisaviaroma-store,24400,48800,IN STOCK,https://www.luisaviaroma.com/p/luisaviaroma-20-heritage-silk-scarf,https://picsum.photos/seed/luisaviaroma-20-heritage-silk-scarf/600/600
Selfridges Signature Shoulder Bag,selfridges,accessories,Handbags,men,selfridges-store,79170,113100,LOW STOCK,https://www.selfridges.com/p/selfridges-1-signature-shoulder-bag,https://picsum.photos/seed/selfridges-1-signature-shoulder-bag/600/600
Selfridges Monogram Silk Scarf,selfridges,accessories,Ready-to-Wear,women,selfridges-store,48800,97600,IN STOCK,https://www.selfridges.com/p/selfridges-2-monogram-silk-scarf,https://picsum.photos/seed/selfridges-2-monogram-silk-scarf/600/600
Selfridges Limited Edition Leather Loafers,selfridges,accessories,Footwear,unisex,selfridges-store,57700,115400,IN STOCK,https://www.selfridges.com/p/selfridges-3-limited-edition-leather-loafers,https://picsum.photos/seed/selfridges-3-limited-edition-leather-loafers/600/600
Selfridges Runway Sunglasses,selfridges,accessories,Accessories,men,selfridges-store,39610,46600,IN STOCK,https://www.selfridges.com/p/selfridges-4-runway-sunglasses,https://picsum.photos/seed/selfridges-4-runway-sunglasses/600/600
Selfridges Heritage Wool Coat,selfridges,accessories,Handbags,women,selfridges-store,106000,132500,IN STOCK,https://www.selfridges.com/p/selfridges-5-heritage-wool-coat,https://picsum.photos/seed/selfridges-5-heritage-wool-coat/600/600
Selfridges Signature Tote,selfridges,accessories,Ready-to-Wear,unisex,selfridges-store,106480,133100,LOW STOCK,https://www.selfridges.com/p/selfridges-6-signature-tote,https://picsum.photos/seed/selfridges-6-signature-tote/600/600
Selfridges Monogram Shoulder Bag,selfridges,accessories,Footwear,men,selfridges-store,63900,85200,IN STOCK,https://www.selfridges.com/p/selfridges-7-monogram-shoulder-bag,https://picsum.photos/seed/selfridges-7-monogram-shoulder-bag/600/600
Selfridges Limited Edition Silk Scarf,selfridges,accessories,Accessories,women,selfridges-store,85875,114500,IN STOCK,https://www.selfridges.com/p/selfridges-8-limited-edition-silk-scarf,https://picsum.photos/seed/selfridges-8-limited-edition-silk-scarf/600/600
Selfridges Runway Leather Loafers,selfridges,accessories,Handbags,unisex,selfridges-store,70395,108300,LOW STOCK,https://www.selfridges.com/p/selfridges-9-runway-leather-loafers,https://picsum.photos/seed/selfridges-9-runway-leather-loafers/600/600
Selfridges Heritage Sunglasses,selfridges,accessories,Ready-to-Wear,men,selfridges-store,67500,90000,IN STOCK,https://www.selfridges.com/p/selfridges-10-heritage-sunglasses,https://picsum.photos/seed/selfridges-10-heritage-sunglasses/600/600
Selfridges Signature Wool Coat,selfridges,accessories,Footwear,women,selfridges-store,98210,140300,IN STOCK,https://www.selfridges.com/p/selfridges-11-signature-wool-coat,https://picsum.photos/seed/selfridges-11-signature-wool-coat/600/600
Selfridges Monogram Tote,selfridges,accessories,Accessories,unisex,selfridges-store,64800,81000,IN STOCK,https://www.selfridges.com/p/selfridges-12-monogram-tote,https://picsum.photos/seed/selfridges-12-monogram-tote/600/600
Selfridges Limited Edition Shoulder Bag,selfridges,accessories,Handbags,men,selfridges-store,27200,32000,IN STOCK,https://www.selfridges.com/p/selfridges-13-limited-edition-shoulder-bag,https://picsum.photos/seed/selfridges-13-limited-edition-shoulder-bag/600/600
Selfridges Runway Silk Scarf,selfridges,accessories,Ready-to-Wear,women,selfridges-store,69160,106400,IN STOCK,https://www.selfridges.com/p/selfridges-14-runway-silk-scarf,https://picsum.photos/seed/selfridges-14-runway-silk-scarf/600/600
Selfridges Heritage Leather Loafers,selfridges,accessories,Footwear,unisex,selfridges-store,42900,78000,IN STOCK,https://www.selfridges.com/p/selfridges-15-heritage-leather-loafers,https://picsum.photos/seed/selfridges-15-heritage-leather-loafers/600/600
Selfridges Signature Sunglasses,selfridges,accessories,Accessories,men,selfridges-store,20550,27400,IN STOCK,https://www.selfridges.com/p/selfridges-16-signature-sunglasses,https://picsum.photos/seed/selfridges-16-signature-sunglasses/600/600
Selfridges Monogram Wool Coat,selfridges,accessories,Handbags,women,selfridges-store,64800,129600,IN STOCK,https://www.selfridges.com/p/selfridges-17-monogram-wool-coat,https://picsum.photos/seed/selfridges-17-monogram-wool-coat/600/600
Selfridges Limited Edition Tote,selfridges,accessories,Ready-to-Wear,unisex,selfridges-store,30300,50500,IN STOCK,https://www.selfridges.com/p/selfridges-18-limited-edition-tote,https://picsum.photos/seed/selfridges-18-limited-edition-tote/600/600
Selfridges Runway Shoulder Bag,selfridges,accessories,Footwear,men,selfridges-store,85725,114300,IN STOCK,https://www.selfridges.com/p/selfridges-19-runway-shoulder-bag,https://picsum.photos/seed/selfridges-19-runway-shoulder-bag/600/600
Selfridges Heritage Silk Scarf,selfridges,accessories,Accessories,women,selfridges-store,32280,53800,IN STOCK,https://www.selfridges.com/p/selfridges-20-heritage-silk-scarf,https://picsum.photos/seed/selfridges-20-heritage-silk-scarf/600/600
Harrods Signature Shoulder Bag,harrods,accessories,Handbags,men,harrods-store,36075,48100,LOW STOCK,https://www.harrods.com/p/harrods-1-signature-shoulder-bag,https://picsum.photos/seed/harrods-1-signature-shoulder-bag/600/600
Harrods Monogram Silk Scarf,harrods,accessories,Ready-to-Wear,women,harrods-store,75040,107200,IN STOCK,https://www.harrods.com/p/harrods-2-monogram-silk-scarf,https://picsum.photos/seed/harrods-2-monogram-silk-scarf/600/600
Harrods Limited Edition Leather Loafers,harrods,accessories,Footwear,unisex,harrods-store,14580,24300,IN STOCK,https://www.harrods.com/p/harrods-3-limited-edition-leather-loafers,https://picsum.photos/seed/harrods-3-limited-edition-leather-loafers/600/600
Harrods Runway Sunglasses,harrods,accessories,Accessories,men,harrods-store,67600,104000,IN STOCK,https://www.harrods.com/p/harrods-4-runway-sunglasses,https://picsum.photos/seed/harrods-4-runway-sunglasses/600/600
Harrods Heritage Wool Coat,harrods,accessories,Handbags,women,harrods-store,73200,91500,IN STOCK,https://www.harrods.com/p/harrods-5-heritage-wool-coat,https://picsum.photos/seed/harrods-5-heritage-wool-coat/600/600
Harrods Signature Tote,harrods,accessories,Ready-to-Wear,unisex,harrods-store,29625,39500,IN STOCK,https://www.harrods.com/p/harrods-6-signature-tote,https://picsum.photos/seed/harrods-6-signature-tote/600/600
Harrods Monogram Shoulder Bag,harrods,accessories,Footwear,men,harrods-store,59950,109000,IN STOCK,https://www.harrods.com/p/harrods-7-monogram-shoulder-bag,https://picsum.photos/seed/harrods-7-monogram-shoulder-bag/600/600
Harrods Limited Edition Silk Scarf,harrods,accessories,Accessories,women,harrods-store,77160,128600,IN STOCK,https://www.harrods.com/p/harrods-8-limited-edition-silk-scarf,https://picsum.photos/seed/harrods-8-limited-edition-silk-scarf/600/600
Harrods Runway Leather Loafers,harrods,accessories,Handbags,unisex,harrods-store,98700,141000,OUT OF STOCK,https://www.harrods.com/p/harrods-9-runway-leather-loafers,https://picsum.photos/seed/harrods-9-runway-leather-loafers/600/600
Harrods Heritage Sunglasses,harrods,accessories,Ready-to-Wear,men,harrods-store,114480,143100,IN STOCK,https://www.harrods.com/p/harrods-10-heritage-sunglasses,https://picsum.photos/seed/harrods-10-heritage-sunglasses/600/600
Harrods Signature Wool Coat,harrods,accessories,Footwear,women,harrods-store,55760,65600,IN STOCK,https://www.harrods.com/p/harrods-11-signature-wool-coat,https://picsum.photos/seed/harrods-11-signature-wool-coat/600/600
Harrods Monogram Tote,harrods,accessories,Accessories,unisex,harrods-store,68080,85100,IN STOCK,https://www.harrods.com/p/harrods-12-monogram-tote,https://picsum.photos/seed/harrods-12-monogram-tote/600/600
Harrods Limited Edition Shoulder Bag,harrods,accessories,Handbags,men,harrods-store,36855,56700,IN STOCK,https://www.harrods.com/p/harrods-13-limited-edition-shoulder-bag,https://picsum.photos/seed/harrods-13-limited-edition-shoulder-bag/600/600
Harrods Runway Silk Scarf,harrods,accessories,Ready-to-Wear,women,harrods-store,72720,90900,IN STOCK,https://www.harrods.com/p/harrods-14-runway-silk-scarf,https://picsum.photos/seed/harrods-14-runway-silk-scarf/600/600
Harrods Heritage Leather Loafers,harrods,accessories,Footwear,unisex,harrods-store,53105,81700,IN STOCK,https://www.harrods.com/p/harrods-15-heritage-leather-loafers,https://picsum.photos/seed/harrods-15-heritage-leather-loafers/600/600
Harrods Signature Sunglasses,harrods,accessories,Accessories,men,harrods-store,84210,120300,IN STOCK,https://www.harrods.com/p/harrods-16-signature-sunglasses,https://picsum.photos/seed/harrods-16-signature-sunglasses/600/600
Harrods Monogram Wool Coat,harrods,accessories,Handbags,women,harrods-store,50405,59300,IN STOCK,https://www.harrods.com/p/harrods-17-monogram-wool-coat,https://picsum.photos/seed/harrods-17-monogram-wool-coat/600/600
Harrods Limited Edition Tote,harrods,accessories,Ready-to-Wear,unisex,harrods-store,28220,33200,IN STOCK,https://www.harrods.com/p/harrods-18-limited-edition-tote,https://picsum.photos/seed/harrods-18-limited-edition-tote/600/600
Harrods Runway Shoulder Bag,harrods,accessories,Footwear,men,harrods-store,107850,143800,IN STOCK,https://www.harrods.com/p/harrods-19-runway-shoulder-bag,https://picsum.photos/seed/harrods-19-runway-shoulder-bag/600/600
Harrods Heritage Silk Scarf,harrods,accessories,Accessories,women,harrods-store,19950,26600,IN STOCK,https://www.harrods.com/p/harrods-20-heritage-silk-scarf,https://picsum.photos/seed/harrods-20-heritage-silk-scarf/600/600
Samsonite Hardshell Suitcase,samsonite,travel,Check-In Luggage,unisex,samsonite-store,9350,18700,IN STOCK,https://www.samsonite.com/p/samsonite-1-hardshell-suitcase,https://picsum.photos/seed/samsonite-1-hardshell-suitcase/600/600
Samsonite Lightweight Spinner Case,samsonite,travel,Cabin Luggage,unisex,samsonite-store,11925,15900,IN STOCK,https://www.samsonite.com/p/samsonite-2-lightweight-spinner-case,https://picsum.photos/seed/samsonite-2-lightweight-spinner-case/600/600
Samsonite Expandable Duffel Bag,samsonite,travel,Travel Packages,unisex,samsonite-store,11040,13800,IN STOCK,https://www.samsonite.com/p/samsonite-3-expandable-duffel-bag,https://picsum.photos/seed/samsonite-3-expandable-duffel-bag/600/600
Samsonite All-Inclusive Getaway Package,samsonite,travel,Backpacks,unisex,samsonite-store,15120,18900,IN STOCK,https://www.samsonite.com/p/samsonite-4-all-inclusive-getaway-package,https://picsum.photos/seed/samsonite-4-all-inclusive-getaway-package/600/600
Samsonite 3-Night Hotel Booking,samsonite,travel,Check-In Luggage,unisex,samsonite-store,5775,7700,IN STOCK,https://www.samsonite.com/p/samsonite-5-3-night-hotel-booking,https://picsum.photos/seed/samsonite-5-3-night-hotel-booking/600/600
Samsonite Hardshell Suitcase,samsonite,travel,Cabin Luggage,unisex,samsonite-store,16235,19100,IN STOCK,https://www.samsonite.com/p/samsonite-6-hardshell-suitcase,https://picsum.photos/seed/samsonite-6-hardshell-suitcase/600/600
Samsonite Lightweight Spinner Case,samsonite,travel,Travel Packages,unisex,samsonite-store,16640,20800,IN STOCK,https://www.samsonite.com/p/samsonite-7-lightweight-spinner-case,https://picsum.photos/seed/samsonite-7-lightweight-spinner-case/600/600
Samsonite Expandable Duffel Bag,samsonite,travel,Backpacks,unisex,samsonite-store,4565,8300,IN STOCK,https://www.samsonite.com/p/samsonite-8-expandable-duffel-bag,https://picsum.photos/seed/samsonite-8-expandable-duffel-bag/600/600
Samsonite All-Inclusive Getaway Package,samsonite,travel,Check-In Luggage,unisex,samsonite-store,12480,15600,IN STOCK,https://www.samsonite.com/p/samsonite-9-all-inclusive-getaway-package,https://picsum.photos/seed/samsonite-9-all-inclusive-getaway-package/600/600
Samsonite 3-Night Hotel Booking,samsonite,travel,Cabin Luggage,unisex,samsonite-store,5640,9400,IN STOCK,https://www.samsonite.com/p/samsonite-10-3-night-hotel-booking,https://picsum.photos/seed/samsonite-10-3-night-hotel-booking/600/600
Samsonite Hardshell Suitcase,samsonite,travel,Travel Packages,unisex,samsonite-store,4140,6900,IN STOCK,https://www.samsonite.com/p/samsonite-11-hardshell-suitcase,https://picsum.photos/seed/samsonite-11-hardshell-suitcase/600/600
Samsonite Lightweight Spinner Case,samsonite,travel,Backpacks,unisex,samsonite-store,12805,19700,IN STOCK,https://www.samsonite.com/p/samsonite-12-lightweight-spinner-case,https://picsum.photos/seed/samsonite-12-lightweight-spinner-case/600/600
Samsonite Expandable Duffel Bag,samsonite,travel,Check-In Luggage,unisex,samsonite-store,5680,7100,LOW STOCK,https://www.samsonite.com/p/samsonite-13-expandable-duffel-bag,https://picsum.photos/seed/samsonite-13-expandable-duffel-bag/600/600
Samsonite All-Inclusive Getaway Package,samsonite,travel,Cabin Luggage,unisex,samsonite-store,5850,7800,IN STOCK,https://www.samsonite.com/p/samsonite-14-all-inclusive-getaway-package,https://picsum.photos/seed/samsonite-14-all-inclusive-getaway-package/600/600
Samsonite 3-Night Hotel Booking,samsonite,travel,Travel Packages,unisex,samsonite-store,17280,21600,IN STOCK,https://www.samsonite.com/p/samsonite-15-3-night-hotel-booking,https://picsum.photos/seed/samsonite-15-3-night-hotel-booking/600/600
Samsonite Hardshell Suitcase,samsonite,travel,Backpacks,unisex,samsonite-store,9075,12100,IN STOCK,https://www.samsonite.com/p/samsonite-16-hardshell-suitcase,https://picsum.photos/seed/samsonite-16-hardshell-suitcase/600/600
Samsonite Lightweight Spinner Case,samsonite,travel,Check-In Luggage,unisex,samsonite-store,3510,5400,IN STOCK,https://www.samsonite.com/p/samsonite-17-lightweight-spinner-case,https://picsum.photos/seed/samsonite-17-lightweight-spinner-case/600/600
Samsonite Expandable Duffel Bag,samsonite,travel,Cabin Luggage,unisex,samsonite-store,6825,10500,IN STOCK,https://www.samsonite.com/p/samsonite-18-expandable-duffel-bag,https://picsum.photos/seed/samsonite-18-expandable-duffel-bag/600/600
Samsonite All-Inclusive Getaway Package,samsonite,travel,Travel Packages,unisex,samsonite-store,8025,10700,LOW STOCK,https://www.samsonite.com/p/samsonite-19-all-inclusive-getaway-package,https://picsum.photos/seed/samsonite-19-all-inclusive-getaway-package/600/600
Samsonite 3-Night Hotel Booking,samsonite,travel,Backpacks,unisex,samsonite-store,15049,21500,LOW STOCK,https://www.samsonite.com/p/samsonite-20-3-night-hotel-booking,https://picsum.photos/seed/samsonite-20-3-night-hotel-booking/600/600
Tumi Hardshell Suitcase,tumi,travel,Check-In Luggage,unisex,tumi-store,17600,22000,LOW STOCK,https://www.tumi.com/p/tumi-1-hardshell-suitcase,https://picsum.photos/seed/tumi-1-hardshell-suitcase/600/600
Tumi Lightweight Spinner Case,tumi,travel,Cabin Luggage,unisex,tumi-store,58799,84000,IN STOCK,https://www.tumi.com/p/tumi-2-lightweight-spinner-case,https://picsum.photos/seed/tumi-2-lightweight-spinner-case/600/600
Tumi Expandable Duffel Bag,tumi,travel,Travel Packages,unisex,tumi-store,40000,50000,IN STOCK,https://www.tumi.com/p/tumi-3-expandable-duffel-bag,https://picsum.photos/seed/tumi-3-expandable-duffel-bag/600/600
Tumi All-Inclusive Getaway Package,tumi,travel,Backpacks,unisex,tumi-store,26065,40100,OUT OF STOCK,https://www.tumi.com/p/tumi-4-all-inclusive-getaway-package,https://picsum.photos/seed/tumi-4-all-inclusive-getaway-package/600/600
Tumi 3-Night Hotel Booking,tumi,travel,Check-In Luggage,unisex,tumi-store,41580,75600,IN STOCK,https://www.tumi.com/p/tumi-5-3-night-hotel-booking,https://picsum.photos/seed/tumi-5-3-night-hotel-booking/600/600
Tumi Hardshell Suitcase,tumi,travel,Cabin Luggage,unisex,tumi-store,22360,34400,IN STOCK,https://www.tumi.com/p/tumi-6-hardshell-suitcase,https://picsum.photos/seed/tumi-6-hardshell-suitcase/600/600
Tumi Lightweight Spinner Case,tumi,travel,Travel Packages,unisex,tumi-store,28640,35800,IN STOCK,https://www.tumi.com/p/tumi-7-lightweight-spinner-case,https://picsum.photos/seed/tumi-7-lightweight-spinner-case/600/600
Tumi Expandable Duffel Bag,tumi,travel,Backpacks,unisex,tumi-store,33950,48500,IN STOCK,https://www.tumi.com/p/tumi-8-expandable-duffel-bag,https://picsum.photos/seed/tumi-8-expandable-duffel-bag/600/600
Tumi All-Inclusive Getaway Package,tumi,travel,Check-In Luggage,unisex,tumi-store,103360,121600,LOW STOCK,https://www.tumi.com/p/tumi-9-all-inclusive-getaway-package,https://picsum.photos/seed/tumi-9-all-inclusive-getaway-package/600/600
Tumi 3-Night Hotel Booking,tumi,travel,Cabin Luggage,unisex,tumi-store,17760,29600,OUT OF STOCK,https://www.tumi.com/p/tumi-10-3-night-hotel-booking,https://picsum.photos/seed/tumi-10-3-night-hotel-booking/600/600
Tumi Hardshell Suitcase,tumi,travel,Travel Packages,unisex,tumi-store,17780,25400,IN STOCK,https://www.tumi.com/p/tumi-11-hardshell-suitcase,https://picsum.photos/seed/tumi-11-hardshell-suitcase/600/600
Tumi Lightweight Spinner Case,tumi,travel,Backpacks,unisex,tumi-store,83025,110700,LOW STOCK,https://www.tumi.com/p/tumi-12-lightweight-spinner-case,https://picsum.photos/seed/tumi-12-lightweight-spinner-case/600/600
Tumi Expandable Duffel Bag,tumi,travel,Check-In Luggage,unisex,tumi-store,51840,64800,LOW STOCK,https://www.tumi.com/p/tumi-13-expandable-duffel-bag,https://picsum.photos/seed/tumi-13-expandable-duffel-bag/600/600
Tumi All-Inclusive Getaway Package,tumi,travel,Cabin Luggage,unisex,tumi-store,60375,80500,IN STOCK,https://www.tumi.com/p/tumi-14-all-inclusive-getaway-package,https://picsum.photos/seed/tumi-14-all-inclusive-getaway-package/600/600
Tumi 3-Night Hotel Booking,tumi,travel,Travel Packages,unisex,tumi-store,78760,143200,IN STOCK,https://www.tumi.com/p/tumi-15-3-night-hotel-booking,https://picsum.photos/seed/tumi-15-3-night-hotel-booking/600/600
Tumi Hardshell Suitcase,tumi,travel,Backpacks,unisex,tumi-store,19360,24200,IN STOCK,https://www.tumi.com/p/tumi-16-hardshell-suitcase,https://picsum.photos/seed/tumi-16-hardshell-suitcase/600/600
Tumi Lightweight Spinner Case,tumi,travel,Check-In Luggage,unisex,tumi-store,29550,39400,IN STOCK,https://www.tumi.com/p/tumi-17-lightweight-spinner-case,https://picsum.photos/seed/tumi-17-lightweight-spinner-case/600/600
Tumi Expandable Duffel Bag,tumi,travel,Cabin Luggage,unisex,tumi-store,48825,65100,IN STOCK,https://www.tumi.com/p/tumi-18-expandable-duffel-bag,https://picsum.photos/seed/tumi-18-expandable-duffel-bag/600/600
Tumi All-Inclusive Getaway Package,tumi,travel,Travel Packages,unisex,tumi-store,98840,141200,IN STOCK,https://www.tumi.com/p/tumi-19-all-inclusive-getaway-package,https://picsum.photos/seed/tumi-19-all-inclusive-getaway-package/600/600
Tumi 3-Night Hotel Booking,tumi,travel,Backpacks,unisex,tumi-store,90320,112900,OUT OF STOCK,https://www.tumi.com/p/tumi-20-3-night-hotel-booking,https://picsum.photos/seed/tumi-20-3-night-hotel-booking/600/600
Carters Soft Cotton Onesie Set,carters,clothing,Baby Clothing,unisex,carters-store,2040,2400,IN STOCK,https://www.carters.com/p/carters-1-soft-cotton-onesie-set,https://picsum.photos/seed/carters-1-soft-cotton-onesie-set/600/600
Carters Organic Graphic Tee,carters,clothing,Toddler Clothing,unisex,carters-store,1440,1800,IN STOCK,https://www.carters.com/p/carters-2-organic-graphic-tee,https://picsum.photos/seed/carters-2-organic-graphic-tee/600/600
Carters Printed Sneakers,carters,clothing,Kids Shoes,unisex,carters-store,2400,3000,IN STOCK,https://www.carters.com/p/carters-3-printed-sneakers,https://picsum.photos/seed/carters-3-printed-sneakers/600/600
Carters Everyday Pajama Set,carters,clothing,Sleepwear,unisex,carters-store,2550,3000,LOW STOCK,https://www.carters.com/p/carters-4-everyday-pajama-set,https://picsum.photos/seed/carters-4-everyday-pajama-set/600/600
Carters Cozy Denim Overalls,carters,clothing,Baby Clothing,unisex,carters-store,1680,2100,IN STOCK,https://www.carters.com/p/carters-5-cozy-denim-overalls,https://picsum.photos/seed/carters-5-cozy-denim-overalls/600/600
Carters Soft Cotton Onesie Set,carters,clothing,Toddler Clothing,unisex,carters-store,1350,1800,LOW STOCK,https://www.carters.com/p/carters-6-soft-cotton-onesie-set,https://picsum.photos/seed/carters-6-soft-cotton-onesie-set/600/600
Carters Organic Graphic Tee,carters,clothing,Kids Shoes,unisex,carters-store,1200,2400,IN STOCK,https://www.carters.com/p/carters-7-organic-graphic-tee,https://picsum.photos/seed/carters-7-organic-graphic-tee/600/600
Carters Printed Sneakers,carters,clothing,Sleepwear,unisex,carters-store,2080,3200,LOW STOCK,https://www.carters.com/p/carters-8-printed-sneakers,https://picsum.photos/seed/carters-8-printed-sneakers/600/600
Carters Everyday Pajama Set,carters,clothing,Baby Clothing,unisex,carters-store,1700,3400,LOW STOCK,https://www.carters.com/p/carters-9-everyday-pajama-set,https://picsum.photos/seed/carters-9-everyday-pajama-set/600/600
Carters Cozy Denim Overalls,carters,clothing,Toddler Clothing,unisex,carters-store,2400,3200,IN STOCK,https://www.carters.com/p/carters-10-cozy-denim-overalls,https://picsum.photos/seed/carters-10-cozy-denim-overalls/600/600
Carters Soft Cotton Onesie Set,carters,clothing,Kids Shoes,unisex,carters-store,1950,3000,IN STOCK,https://www.carters.com/p/carters-11-soft-cotton-onesie-set,https://picsum.photos/seed/carters-11-soft-cotton-onesie-set/600/600
Carters Organic Graphic Tee,carters,clothing,Sleepwear,unisex,carters-store,2240,2800,IN STOCK,https://www.carters.com/p/carters-12-organic-graphic-tee,https://picsum.photos/seed/carters-12-organic-graphic-tee/600/600
Carters Printed Sneakers,carters,clothing,Baby Clothing,unisex,carters-store,979,1400,IN STOCK,https://www.carters.com/p/carters-13-printed-sneakers,https://picsum.photos/seed/carters-13-printed-sneakers/600/600
Carters Everyday Pajama Set,carters,clothing,Toddler Clothing,unisex,carters-store,1400,2800,IN STOCK,https://www.carters.com/p/carters-14-everyday-pajama-set,https://picsum.photos/seed/carters-14-everyday-pajama-set/600/600
Carters Cozy Denim Overalls,carters,clothing,Kids Shoes,unisex,carters-store,2040,2400,IN STOCK,https://www.carters.com/p/carters-15-cozy-denim-overalls,https://picsum.photos/seed/carters-15-cozy-denim-overalls/600/600
Carters Soft Cotton Onesie Set,carters,clothing,Sleepwear,unisex,carters-store,1200,2000,LOW STOCK,https://www.carters.com/p/carters-16-soft-cotton-onesie-set,https://picsum.photos/seed/carters-16-soft-cotton-onesie-set/600/600
Carters Organic Graphic Tee,carters,clothing,Baby Clothing,unisex,carters-store,1680,2100,IN STOCK,https://www.carters.com/p/carters-17-organic-graphic-tee,https://picsum.photos/seed/carters-17-organic-graphic-tee/600/600
Carters Printed Sneakers,carters,clothing,Toddler Clothing,unisex,carters-store,1920,3200,IN STOCK,https://www.carters.com/p/carters-18-printed-sneakers,https://picsum.photos/seed/carters-18-printed-sneakers/600/600
Carters Everyday Pajama Set,carters,clothing,Kids Shoes,unisex,carters-store,1365,2100,IN STOCK,https://www.carters.com/p/carters-19-everyday-pajama-set,https://picsum.photos/seed/carters-19-everyday-pajama-set/600/600
Carters Cozy Denim Overalls,carters,clothing,Sleepwear,unisex,carters-store,2040,2400,OUT OF STOCK,https://www.carters.com/p/carters-20-cozy-denim-overalls,https://picsum.photos/seed/carters-20-cozy-denim-overalls/600/600
Oshkosh Bgosh Soft Cotton Onesie Set,oshkosh-bgosh,clothing,Baby Clothing,unisex,oshkosh-bgosh-store,1265,2300,IN STOCK,https://www.oshkosh.com/p/oshkosh-bgosh-1-soft-cotton-onesie-set,https://picsum.photos/seed/oshkosh-bgosh-1-soft-cotton-onesie-set/600/600
Oshkosh Bgosh Organic Graphic Tee,oshkosh-bgosh,clothing,Toddler Clothing,unisex,oshkosh-bgosh-store,800,1600,IN STOCK,https://www.oshkosh.com/p/oshkosh-bgosh-2-organic-graphic-tee,https://picsum.photos/seed/oshkosh-bgosh-2-organic-graphic-tee/600/600
Oshkosh Bgosh Printed Sneakers,oshkosh-bgosh,clothing,Kids Shoes,unisex,oshkosh-bgosh-store,1819,2600,IN STOCK,https://www.oshkosh.com/p/oshkosh-bgosh-3-printed-sneakers,https://picsum.photos/seed/oshkosh-bgosh-3-printed-sneakers/600/600
Oshkosh Bgosh Everyday Pajama Set,oshkosh-bgosh,clothing,Sleepwear,unisex,oshkosh-bgosh-store,1000,2000,IN STOCK,https://www.oshkosh.com/p/oshkosh-bgosh-4-everyday-pajama-set,https://picsum.photos/seed/oshkosh-bgosh-4-everyday-pajama-set/600/600
Oshkosh Bgosh Cozy Denim Overalls,oshkosh-bgosh,clothing,Baby Clothing,unisex,oshkosh-bgosh-store,960,1600,IN STOCK,https://www.oshkosh.com/p/oshkosh-bgosh-5-cozy-denim-overalls,https://picsum.photos/seed/oshkosh-bgosh-5-cozy-denim-overalls/600/600
Oshkosh Bgosh Soft Cotton Onesie Set,oshkosh-bgosh,clothing,Toddler Clothing,unisex,oshkosh-bgosh-store,1125,1500,IN STOCK,https://www.oshkosh.com/p/oshkosh-bgosh-6-soft-cotton-onesie-set,https://picsum.photos/seed/oshkosh-bgosh-6-soft-cotton-onesie-set/600/600
Oshkosh Bgosh Organic Graphic Tee,oshkosh-bgosh,clothing,Kids Shoes,unisex,oshkosh-bgosh-store,1210,2200,IN STOCK,https://www.oshkosh.com/p/oshkosh-bgosh-7-organic-graphic-tee,https://picsum.photos/seed/oshkosh-bgosh-7-organic-graphic-tee/600/600
Oshkosh Bgosh Printed Sneakers,oshkosh-bgosh,clothing,Sleepwear,unisex,oshkosh-bgosh-store,1120,1400,IN STOCK,https://www.oshkosh.com/p/oshkosh-bgosh-8-printed-sneakers,https://picsum.photos/seed/oshkosh-bgosh-8-printed-sneakers/600/600
Oshkosh Bgosh Everyday Pajama Set,oshkosh-bgosh,clothing,Baby Clothing,unisex,oshkosh-bgosh-store,2550,3000,IN STOCK,https://www.oshkosh.com/p/oshkosh-bgosh-9-everyday-pajama-set,https://picsum.photos/seed/oshkosh-bgosh-9-everyday-pajama-set/600/600
Oshkosh Bgosh Cozy Denim Overalls,oshkosh-bgosh,clothing,Toddler Clothing,unisex,oshkosh-bgosh-store,660,1200,IN STOCK,https://www.oshkosh.com/p/oshkosh-bgosh-10-cozy-denim-overalls,https://picsum.photos/seed/oshkosh-bgosh-10-cozy-denim-overalls/600/600
Oshkosh Bgosh Soft Cotton Onesie Set,oshkosh-bgosh,clothing,Kids Shoes,unisex,oshkosh-bgosh-store,600,1000,IN STOCK,https://www.oshkosh.com/p/oshkosh-bgosh-11-soft-cotton-onesie-set,https://picsum.photos/seed/oshkosh-bgosh-11-soft-cotton-onesie-set/600/600
Oshkosh Bgosh Organic Graphic Tee,oshkosh-bgosh,clothing,Sleepwear,unisex,oshkosh-bgosh-store,990,1800,IN STOCK,https://www.oshkosh.com/p/oshkosh-bgosh-12-organic-graphic-tee,https://picsum.photos/seed/oshkosh-bgosh-12-organic-graphic-tee/600/600
Oshkosh Bgosh Printed Sneakers,oshkosh-bgosh,clothing,Baby Clothing,unisex,oshkosh-bgosh-store,1190,1700,LOW STOCK,https://www.oshkosh.com/p/oshkosh-bgosh-13-printed-sneakers,https://picsum.photos/seed/oshkosh-bgosh-13-printed-sneakers/600/600
Oshkosh Bgosh Everyday Pajama Set,oshkosh-bgosh,clothing,Toddler Clothing,unisex,oshkosh-bgosh-store,605,1100,IN STOCK,https://www.oshkosh.com/p/oshkosh-bgosh-14-everyday-pajama-set,https://picsum.photos/seed/oshkosh-bgosh-14-everyday-pajama-set/600/600
Oshkosh Bgosh Cozy Denim Overalls,oshkosh-bgosh,clothing,Kids Shoes,unisex,oshkosh-bgosh-store,300,400,IN STOCK,https://www.oshkosh.com/p/oshkosh-bgosh-15-cozy-denim-overalls,https://picsum.photos/seed/oshkosh-bgosh-15-cozy-denim-overalls/600/600
Oshkosh Bgosh Soft Cotton Onesie Set,oshkosh-bgosh,clothing,Sleepwear,unisex,oshkosh-bgosh-store,700,1400,IN STOCK,https://www.oshkosh.com/p/oshkosh-bgosh-16-soft-cotton-onesie-set,https://picsum.photos/seed/oshkosh-bgosh-16-soft-cotton-onesie-set/600/600
Oshkosh Bgosh Organic Graphic Tee,oshkosh-bgosh,clothing,Baby Clothing,unisex,oshkosh-bgosh-store,2015,3100,IN STOCK,https://www.oshkosh.com/p/oshkosh-bgosh-17-organic-graphic-tee,https://picsum.photos/seed/oshkosh-bgosh-17-organic-graphic-tee/600/600
Oshkosh Bgosh Printed Sneakers,oshkosh-bgosh,clothing,Toddler Clothing,unisex,oshkosh-bgosh-store,2560,3200,OUT OF STOCK,https://www.oshkosh.com/p/oshkosh-bgosh-18-printed-sneakers,https://picsum.photos/seed/oshkosh-bgosh-18-printed-sneakers/600/600
Oshkosh Bgosh Everyday Pajama Set,oshkosh-bgosh,clothing,Kids Shoes,unisex,oshkosh-bgosh-store,1870,3400,IN STOCK,https://www.oshkosh.com/p/oshkosh-bgosh-19-everyday-pajama-set,https://picsum.photos/seed/oshkosh-bgosh-19-everyday-pajama-set/600/600
Oshkosh Bgosh Cozy Denim Overalls,oshkosh-bgosh,clothing,Sleepwear,unisex,oshkosh-bgosh-store,2275,3500,IN STOCK,https://www.oshkosh.com/p/oshkosh-bgosh-20-cozy-denim-overalls,https://picsum.photos/seed/oshkosh-bgosh-20-cozy-denim-overalls/600/600
The Childrens Place Soft Cotton Onesie Set,the-childrens-place,clothing,Baby Clothing,unisex,the-childrens-place-store,420,700,IN STOCK,https://www.childrensplace.com/p/the-childrens-place-1-soft-cotton-onesie-set,https://picsum.photos/seed/the-childrens-place-1-soft-cotton-onesie-set/600/600
The Childrens Place Organic Graphic Tee,the-childrens-place,clothing,Toddler Clothing,unisex,the-childrens-place-store,960,1600,IN STOCK,https://www.childrensplace.com/p/the-childrens-place-2-organic-graphic-tee,https://picsum.photos/seed/the-childrens-place-2-organic-graphic-tee/600/600
The Childrens Place Printed Sneakers,the-childrens-place,clothing,Kids Shoes,unisex,the-childrens-place-store,1815,3300,LOW STOCK,https://www.childrensplace.com/p/the-childrens-place-3-printed-sneakers,https://picsum.photos/seed/the-childrens-place-3-printed-sneakers/600/600
The Childrens Place Everyday Pajama Set,the-childrens-place,clothing,Sleepwear,unisex,the-childrens-place-store,2720,3200,LOW STOCK,https://www.childrensplace.com/p/the-childrens-place-4-everyday-pajama-set,https://picsum.photos/seed/the-childrens-place-4-everyday-pajama-set/600/600
The Childrens Place Cozy Denim Overalls,the-childrens-place,clothing,Baby Clothing,unisex,the-childrens-place-store,1200,2400,IN STOCK,https://www.childrensplace.com/p/the-childrens-place-5-cozy-denim-overalls,https://picsum.photos/seed/the-childrens-place-5-cozy-denim-overalls/600/600
The Childrens Place Soft Cotton Onesie Set,the-childrens-place,clothing,Toddler Clothing,unisex,the-childrens-place-store,425,500,LOW STOCK,https://www.childrensplace.com/p/the-childrens-place-6-soft-cotton-onesie-set,https://picsum.photos/seed/the-childrens-place-6-soft-cotton-onesie-set/600/600
The Childrens Place Organic Graphic Tee,the-childrens-place,clothing,Kids Shoes,unisex,the-childrens-place-store,2560,3200,IN STOCK,https://www.childrensplace.com/p/the-childrens-place-7-organic-graphic-tee,https://picsum.photos/seed/the-childrens-place-7-organic-graphic-tee/600/600
The Childrens Place Printed Sneakers,the-childrens-place,clothing,Sleepwear,unisex,the-childrens-place-store,1430,2200,IN STOCK,https://www.childrensplace.com/p/the-childrens-place-8-printed-sneakers,https://picsum.photos/seed/the-childrens-place-8-printed-sneakers/600/600
The Childrens Place Everyday Pajama Set,the-childrens-place,clothing,Baby Clothing,unisex,the-childrens-place-store,500,1000,IN STOCK,https://www.childrensplace.com/p/the-childrens-place-9-everyday-pajama-set,https://picsum.photos/seed/the-childrens-place-9-everyday-pajama-set/600/600
The Childrens Place Cozy Denim Overalls,the-childrens-place,clothing,Toddler Clothing,unisex,the-childrens-place-store,850,1700,IN STOCK,https://www.childrensplace.com/p/the-childrens-place-10-cozy-denim-overalls,https://picsum.photos/seed/the-childrens-place-10-cozy-denim-overalls/600/600
The Childrens Place Soft Cotton Onesie Set,the-childrens-place,clothing,Kids Shoes,unisex,the-childrens-place-store,1125,1500,IN STOCK,https://www.childrensplace.com/p/the-childrens-place-11-soft-cotton-onesie-set,https://picsum.photos/seed/the-childrens-place-11-soft-cotton-onesie-set/600/600
The Childrens Place Organic Graphic Tee,the-childrens-place,clothing,Sleepwear,unisex,the-childrens-place-store,2380,2800,OUT OF STOCK,https://www.childrensplace.com/p/the-childrens-place-12-organic-graphic-tee,https://picsum.photos/seed/the-childrens-place-12-organic-graphic-tee/600/600
The Childrens Place Printed Sneakers,the-childrens-place,clothing,Baby Clothing,unisex,the-childrens-place-store,715,1100,IN STOCK,https://www.childrensplace.com/p/the-childrens-place-13-printed-sneakers,https://picsum.photos/seed/the-childrens-place-13-printed-sneakers/600/600
The Childrens Place Everyday Pajama Set,the-childrens-place,clothing,Toddler Clothing,unisex,the-childrens-place-store,910,1400,IN STOCK,https://www.childrensplace.com/p/the-childrens-place-14-everyday-pajama-set,https://picsum.photos/seed/the-childrens-place-14-everyday-pajama-set/600/600
The Childrens Place Cozy Denim Overalls,the-childrens-place,clothing,Kids Shoes,unisex,the-childrens-place-store,275,500,IN STOCK,https://www.childrensplace.com/p/the-childrens-place-15-cozy-denim-overalls,https://picsum.photos/seed/the-childrens-place-15-cozy-denim-overalls/600/600
The Childrens Place Soft Cotton Onesie Set,the-childrens-place,clothing,Sleepwear,unisex,the-childrens-place-store,1680,2100,LOW STOCK,https://www.childrensplace.com/p/the-childrens-place-16-soft-cotton-onesie-set,https://picsum.photos/seed/the-childrens-place-16-soft-cotton-onesie-set/600/600
The Childrens Place Organic Graphic Tee,the-childrens-place,clothing,Baby Clothing,unisex,the-childrens-place-store,1760,3200,IN STOCK,https://www.childrensplace.com/p/the-childrens-place-17-organic-graphic-tee,https://picsum.photos/seed/the-childrens-place-17-organic-graphic-tee/600/600
The Childrens Place Printed Sneakers,the-childrens-place,clothing,Toddler Clothing,unisex,the-childrens-place-store,1980,3300,IN STOCK,https://www.childrensplace.com/p/the-childrens-place-18-printed-sneakers,https://picsum.photos/seed/the-childrens-place-18-printed-sneakers/600/600
The Childrens Place Everyday Pajama Set,the-childrens-place,clothing,Kids Shoes,unisex,the-childrens-place-store,900,1500,IN STOCK,https://www.childrensplace.com/p/the-childrens-place-19-everyday-pajama-set,https://picsum.photos/seed/the-childrens-place-19-everyday-pajama-set/600/600
The Childrens Place Cozy Denim Overalls,the-childrens-place,clothing,Sleepwear,unisex,the-childrens-place-store,1400,2800,LOW STOCK,https://www.childrensplace.com/p/the-childrens-place-20-cozy-denim-overalls,https://picsum.photos/seed/the-childrens-place-20-cozy-denim-overalls/600/600
Gap Kids Soft Cotton Onesie Set,gap-kids,clothing,Baby Clothing,unisex,gap-kids-store,1560,2600,LOW STOCK,https://www.gap.com/p/gap-kids-1-soft-cotton-onesie-set,https://picsum.photos/seed/gap-kids-1-soft-cotton-onesie-set/600/600
Gap Kids Organic Graphic Tee,gap-kids,clothing,Toddler Clothing,unisex,gap-kids-store,1020,1200,IN STOCK,https://www.gap.com/p/gap-kids-2-organic-graphic-tee,https://picsum.photos/seed/gap-kids-2-organic-graphic-tee/600/600
Gap Kids Printed Sneakers,gap-kids,clothing,Kids Shoes,unisex,gap-kids-store,2550,3400,IN STOCK,https://www.gap.com/p/gap-kids-3-printed-sneakers,https://picsum.photos/seed/gap-kids-3-printed-sneakers/600/600
Gap Kids Everyday Pajama Set,gap-kids,clothing,Sleepwear,unisex,gap-kids-store,390,600,OUT OF STOCK,https://www.gap.com/p/gap-kids-4-everyday-pajama-set,https://picsum.photos/seed/gap-kids-4-everyday-pajama-set/600/600
Gap Kids Cozy Denim Overalls,gap-kids,clothing,Baby Clothing,unisex,gap-kids-store,1425,1900,IN STOCK,https://www.gap.com/p/gap-kids-5-cozy-denim-overalls,https://picsum.photos/seed/gap-kids-5-cozy-denim-overalls/600/600
Gap Kids Soft Cotton Onesie Set,gap-kids,clothing,Toddler Clothing,unisex,gap-kids-store,1610,2300,IN STOCK,https://www.gap.com/p/gap-kids-6-soft-cotton-onesie-set,https://picsum.photos/seed/gap-kids-6-soft-cotton-onesie-set/600/600
Gap Kids Organic Graphic Tee,gap-kids,clothing,Kids Shoes,unisex,gap-kids-store,1210,2200,IN STOCK,https://www.gap.com/p/gap-kids-7-organic-graphic-tee,https://picsum.photos/seed/gap-kids-7-organic-graphic-tee/600/600
Gap Kids Printed Sneakers,gap-kids,clothing,Sleepwear,unisex,gap-kids-store,900,1500,IN STOCK,https://www.gap.com/p/gap-kids-8-printed-sneakers,https://picsum.photos/seed/gap-kids-8-printed-sneakers/600/600
Gap Kids Everyday Pajama Set,gap-kids,clothing,Baby Clothing,unisex,gap-kids-store,1000,2000,IN STOCK,https://www.gap.com/p/gap-kids-9-everyday-pajama-set,https://picsum.photos/seed/gap-kids-9-everyday-pajama-set/600/600
Gap Kids Cozy Denim Overalls,gap-kids,clothing,Toddler Clothing,unisex,gap-kids-store,600,1200,IN STOCK,https://www.gap.com/p/gap-kids-10-cozy-denim-overalls,https://picsum.photos/seed/gap-kids-10-cozy-denim-overalls/600/600
Gap Kids Soft Cotton Onesie Set,gap-kids,clothing,Kids Shoes,unisex,gap-kids-store,1575,2100,IN STOCK,https://www.gap.com/p/gap-kids-11-soft-cotton-onesie-set,https://picsum.photos/seed/gap-kids-11-soft-cotton-onesie-set/600/600
Gap Kids Organic Graphic Tee,gap-kids,clothing,Sleepwear,unisex,gap-kids-store,1445,1700,IN STOCK,https://www.gap.com/p/gap-kids-12-organic-graphic-tee,https://picsum.photos/seed/gap-kids-12-organic-graphic-tee/600/600
Gap Kids Printed Sneakers,gap-kids,clothing,Baby Clothing,unisex,gap-kids-store,1750,3500,IN STOCK,https://www.gap.com/p/gap-kids-13-printed-sneakers,https://picsum.photos/seed/gap-kids-13-printed-sneakers/600/600
Gap Kids Everyday Pajama Set,gap-kids,clothing,Toddler Clothing,unisex,gap-kids-store,1705,3100,IN STOCK,https://www.gap.com/p/gap-kids-14-everyday-pajama-set,https://picsum.photos/seed/gap-kids-14-everyday-pajama-set/600/600
Gap Kids Cozy Denim Overalls,gap-kids,clothing,Kids Shoes,unisex,gap-kids-store,825,1500,IN STOCK,https://www.gap.com/p/gap-kids-15-cozy-denim-overalls,https://picsum.photos/seed/gap-kids-15-cozy-denim-overalls/600/600
Gap Kids Soft Cotton Onesie Set,gap-kids,clothing,Sleepwear,unisex,gap-kids-store,1300,2000,LOW STOCK,https://www.gap.com/p/gap-kids-16-soft-cotton-onesie-set,https://picsum.photos/seed/gap-kids-16-soft-cotton-onesie-set/600/600
Gap Kids Organic Graphic Tee,gap-kids,clothing,Baby Clothing,unisex,gap-kids-store,585,900,IN STOCK,https://www.gap.com/p/gap-kids-17-organic-graphic-tee,https://picsum.photos/seed/gap-kids-17-organic-graphic-tee/600/600
Gap Kids Printed Sneakers,gap-kids,clothing,Toddler Clothing,unisex,gap-kids-store,340,400,IN STOCK,https://www.gap.com/p/gap-kids-18-printed-sneakers,https://picsum.photos/seed/gap-kids-18-printed-sneakers/600/600
Gap Kids Everyday Pajama Set,gap-kids,clothing,Kids Shoes,unisex,gap-kids-store,2145,3300,IN STOCK,https://www.gap.com/p/gap-kids-19-everyday-pajama-set,https://picsum.photos/seed/gap-kids-19-everyday-pajama-set/600/600
Gap Kids Cozy Denim Overalls,gap-kids,clothing,Sleepwear,unisex,gap-kids-store,1235,1900,OUT OF STOCK,https://www.gap.com/p/gap-kids-20-cozy-denim-overalls,https://picsum.photos/seed/gap-kids-20-cozy-denim-overalls/600/600
Hm Kids Soft Cotton Onesie Set,hm-kids,clothing,Baby Clothing,unisex,hm-kids-store,560,700,IN STOCK,https://www.hm.com/p/hm-kids-1-soft-cotton-onesie-set,https://picsum.photos/seed/hm-kids-1-soft-cotton-onesie-set/600/600
Hm Kids Organic Graphic Tee,hm-kids,clothing,Toddler Clothing,unisex,hm-kids-store,1760,3200,LOW STOCK,https://www.hm.com/p/hm-kids-2-organic-graphic-tee,https://picsum.photos/seed/hm-kids-2-organic-graphic-tee/600/600
Hm Kids Printed Sneakers,hm-kids,clothing,Kids Shoes,unisex,hm-kids-store,2640,3300,LOW STOCK,https://www.hm.com/p/hm-kids-3-printed-sneakers,https://picsum.photos/seed/hm-kids-3-printed-sneakers/600/600
Hm Kids Everyday Pajama Set,hm-kids,clothing,Sleepwear,unisex,hm-kids-store,825,1100,OUT OF STOCK,https://www.hm.com/p/hm-kids-4-everyday-pajama-set,https://picsum.photos/seed/hm-kids-4-everyday-pajama-set/600/600
Hm Kids Cozy Denim Overalls,hm-kids,clothing,Baby Clothing,unisex,hm-kids-store,2400,3000,IN STOCK,https://www.hm.com/p/hm-kids-5-cozy-denim-overalls,https://picsum.photos/seed/hm-kids-5-cozy-denim-overalls/600/600
Hm Kids Soft Cotton Onesie Set,hm-kids,clothing,Toddler Clothing,unisex,hm-kids-store,1200,2000,IN STOCK,https://www.hm.com/p/hm-kids-6-soft-cotton-onesie-set,https://picsum.photos/seed/hm-kids-6-soft-cotton-onesie-set/600/600
Hm Kids Organic Graphic Tee,hm-kids,clothing,Kids Shoes,unisex,hm-kids-store,1440,2400,IN STOCK,https://www.hm.com/p/hm-kids-7-organic-graphic-tee,https://picsum.photos/seed/hm-kids-7-organic-graphic-tee/600/600
Hm Kids Printed Sneakers,hm-kids,clothing,Sleepwear,unisex,hm-kids-store,900,1200,IN STOCK,https://www.hm.com/p/hm-kids-8-printed-sneakers,https://picsum.photos/seed/hm-kids-8-printed-sneakers/600/600
Hm Kids Everyday Pajama Set,hm-kids,clothing,Baby Clothing,unisex,hm-kids-store,1375,2500,IN STOCK,https://www.hm.com/p/hm-kids-9-everyday-pajama-set,https://picsum.photos/seed/hm-kids-9-everyday-pajama-set/600/600
Hm Kids Cozy Denim Overalls,hm-kids,clothing,Toddler Clothing,unisex,hm-kids-store,1200,1600,IN STOCK,https://www.hm.com/p/hm-kids-10-cozy-denim-overalls,https://picsum.photos/seed/hm-kids-10-cozy-denim-overalls/600/600
Hm Kids Soft Cotton Onesie Set,hm-kids,clothing,Kids Shoes,unisex,hm-kids-store,2560,3200,LOW STOCK,https://www.hm.com/p/hm-kids-11-soft-cotton-onesie-set,https://picsum.photos/seed/hm-kids-11-soft-cotton-onesie-set/600/600
Hm Kids Organic Graphic Tee,hm-kids,clothing,Sleepwear,unisex,hm-kids-store,595,700,LOW STOCK,https://www.hm.com/p/hm-kids-12-organic-graphic-tee,https://picsum.photos/seed/hm-kids-12-organic-graphic-tee/600/600
Hm Kids Printed Sneakers,hm-kids,clothing,Baby Clothing,unisex,hm-kids-store,2170,3100,IN STOCK,https://www.hm.com/p/hm-kids-13-printed-sneakers,https://picsum.photos/seed/hm-kids-13-printed-sneakers/600/600
Hm Kids Everyday Pajama Set,hm-kids,clothing,Toddler Clothing,unisex,hm-kids-store,1470,2100,IN STOCK,https://www.hm.com/p/hm-kids-14-everyday-pajama-set,https://picsum.photos/seed/hm-kids-14-everyday-pajama-set/600/600
Hm Kids Cozy Denim Overalls,hm-kids,clothing,Kids Shoes,unisex,hm-kids-store,1125,1500,IN STOCK,https://www.hm.com/p/hm-kids-15-cozy-denim-overalls,https://picsum.photos/seed/hm-kids-15-cozy-denim-overalls/600/600
Hm Kids Soft Cotton Onesie Set,hm-kids,clothing,Sleepwear,unisex,hm-kids-store,2170,3100,IN STOCK,https://www.hm.com/p/hm-kids-16-soft-cotton-onesie-set,https://picsum.photos/seed/hm-kids-16-soft-cotton-onesie-set/600/600
Hm Kids Organic Graphic Tee,hm-kids,clothing,Baby Clothing,unisex,hm-kids-store,1360,1600,IN STOCK,https://www.hm.com/p/hm-kids-17-organic-graphic-tee,https://picsum.photos/seed/hm-kids-17-organic-graphic-tee/600/600
Hm Kids Printed Sneakers,hm-kids,clothing,Toddler Clothing,unisex,hm-kids-store,1705,3100,LOW STOCK,https://www.hm.com/p/hm-kids-18-printed-sneakers,https://picsum.photos/seed/hm-kids-18-printed-sneakers/600/600
Hm Kids Everyday Pajama Set,hm-kids,clothing,Kids Shoes,unisex,hm-kids-store,495,900,IN STOCK,https://www.hm.com/p/hm-kids-19-everyday-pajama-set,https://picsum.photos/seed/hm-kids-19-everyday-pajama-set/600/600
Hm Kids Cozy Denim Overalls,hm-kids,clothing,Sleepwear,unisex,hm-kids-store,1200,1500,IN STOCK,https://www.hm.com/p/hm-kids-20-cozy-denim-overalls,https://picsum.photos/seed/hm-kids-20-cozy-denim-overalls/600/600
